strategy,month,position,fwd_return,pnl
buy_hold,2017-01-01,1.0,0.03929154848150396,0.03929154848150396
price_math_only,2017-01-01,1.0,0.03929154848150396,0.03929154848150396
web_sentiment_only,2017-01-01,0.0,0.03929154848150396,0.0
wisdom_aligned,2017-01-01,0.5,0.03929154848150396,0.01964577424075198
arbitrage_trust_price,2017-01-01,0.5,0.03929154848150396,0.01964577424075198
buy_hold,2017-02-01,1.0,0.0012501432167715265,0.0012501432167715265
price_math_only,2017-02-01,1.0,0.0012501432167715265,0.0012501432167715265
web_sentiment_only,2017-02-01,0.0,0.0012501432167715265,0.0
wisdom_aligned,2017-02-01,0.5,0.0012501432167715265,0.0006250716083857633
arbitrage_trust_price,2017-02-01,1.0,0.0012501432167715265,0.0012501432167715265
buy_hold,2017-03-01,1.0,0.009925882267055819,0.009925882267055819
price_math_only,2017-03-01,0.0,0.009925882267055819,0.0
web_sentiment_only,2017-03-01,0.0,0.009925882267055819,0.0
wisdom_aligned,2017-03-01,0.0,0.009925882267055819,0.0
arbitrage_trust_price,2017-03-01,0.0,0.009925882267055819,0.0
buy_hold,2017-04-01,1.0,0.01411287953253293,0.01411287953253293
price_math_only,2017-04-01,1.0,0.01411287953253293,0.01411287953253293
web_sentiment_only,2017-04-01,1.0,0.01411287953253293,0.01411287953253293
wisdom_aligned,2017-04-01,1.0,0.01411287953253293,0.01411287953253293
arbitrage_trust_price,2017-04-01,1.0,0.01411287953253293,0.01411287953253293
buy_hold,2017-05-01,1.0,0.006374960251701145,0.006374960251701145
price_math_only,2017-05-01,1.0,0.006374960251701145,0.006374960251701145
web_sentiment_only,2017-05-01,0.0,0.006374960251701145,0.0
wisdom_aligned,2017-05-01,0.5,0.006374960251701145,0.0031874801258505725
arbitrage_trust_price,2017-05-01,0.5,0.006374960251701145,0.0031874801258505725
buy_hold,2017-06-01,1.0,0.02055426268280658,0.02055426268280658
price_math_only,2017-06-01,0.0,0.02055426268280658,0.0
web_sentiment_only,2017-06-01,1.0,0.02055426268280658,0.02055426268280658
wisdom_aligned,2017-06-01,0.5,0.02055426268280658,0.01027713134140329
arbitrage_trust_price,2017-06-01,0.0,0.02055426268280658,0.0
buy_hold,2017-07-01,1.0,0.0029176839992679504,0.0029176839992679504
price_math_only,2017-07-01,1.0,0.0029176839992679504,0.0029176839992679504
web_sentiment_only,2017-07-01,0.0,0.0029176839992679504,0.0
wisdom_aligned,2017-07-01,0.5,0.0029176839992679504,0.0014588419996339752
arbitrage_trust_price,2017-07-01,1.0,0.0029176839992679504,0.0029176839992679504
buy_hold,2017-08-01,1.0,0.02014955655564954,0.02014955655564954
price_math_only,2017-08-01,1.0,0.02014955655564954,0.02014955655564954
web_sentiment_only,2017-08-01,0.0,0.02014955655564954,0.0
wisdom_aligned,2017-08-01,0.5,0.02014955655564954,0.01007477827782477
arbitrage_trust_price,2017-08-01,1.0,0.02014955655564954,0.02014955655564954
buy_hold,2017-09-01,1.0,0.023564056629364227,0.023564056629364227
price_math_only,2017-09-01,1.0,0.023564056629364227,0.023564056629364227
web_sentiment_only,2017-09-01,0.0,0.023564056629364227,0.0
wisdom_aligned,2017-09-01,0.5,0.023564056629364227,0.011782028314682114
arbitrage_trust_price,2017-09-01,0.5,0.023564056629364227,0.011782028314682114
buy_hold,2017-10-01,1.0,0.03056573766731585,0.03056573766731585
price_math_only,2017-10-01,1.0,0.03056573766731585,0.03056573766731585
web_sentiment_only,2017-10-01,0.0,0.03056573766731585,0.0
wisdom_aligned,2017-10-01,0.5,0.03056573766731585,0.015282868833657925
arbitrage_trust_price,2017-10-01,1.0,0.03056573766731585,0.03056573766731585
buy_hold,2017-11-01,1.0,0.012127719156775463,0.012127719156775463
price_math_only,2017-11-01,1.0,0.012127719156775463,0.012127719156775463
web_sentiment_only,2017-11-01,0.0,0.012127719156775463,0.0
wisdom_aligned,2017-11-01,0.5,0.012127719156775463,0.006063859578387731
arbitrage_trust_price,2017-11-01,1.0,0.012127719156775463,0.012127719156775463
buy_hold,2017-12-01,1.0,0.05635964285435868,0.05635964285435868
price_math_only,2017-12-01,1.0,0.05635964285435868,0.05635964285435868
web_sentiment_only,2017-12-01,1.0,0.05635964285435868,0.05635964285435868
wisdom_aligned,2017-12-01,1.0,0.05635964285435868,0.05635964285435868
arbitrage_trust_price,2017-12-01,1.0,0.05635964285435868,0.05635964285435868
buy_hold,2018-01-01,1.0,-0.03636039821870052,-0.03636039821870052
price_math_only,2018-01-01,1.0,-0.03636039821870052,-0.03636039821870052
web_sentiment_only,2018-01-01,0.0,-0.03636039821870052,-0.0
wisdom_aligned,2018-01-01,0.5,-0.03636039821870052,-0.01818019910935026
arbitrage_trust_price,2018-01-01,1.0,-0.03636039821870052,-0.03636039821870052
buy_hold,2018-02-01,1.0,-0.02741056859177149,-0.02741056859177149
price_math_only,2018-02-01,0.0,-0.02741056859177149,-0.0
web_sentiment_only,2018-02-01,0.0,-0.02741056859177149,-0.0
wisdom_aligned,2018-02-01,0.0,-0.02741056859177149,-0.0
arbitrage_trust_price,2018-02-01,0.0,-0.02741056859177149,-0.0
buy_hold,2018-03-01,1.0,0.005168321330019321,0.005168321330019321
price_math_only,2018-03-01,0.0,0.005168321330019321,0.0
web_sentiment_only,2018-03-01,0.0,0.005168321330019321,0.0
wisdom_aligned,2018-03-01,0.0,0.005168321330019321,0.0
arbitrage_trust_price,2018-03-01,0.0,0.005168321330019321,0.0
buy_hold,2018-04-01,1.0,0.02430894533441208,0.02430894533441208
price_math_only,2018-04-01,1.0,0.02430894533441208,0.02430894533441208
web_sentiment_only,2018-04-01,0.0,0.02430894533441208,0.0
wisdom_aligned,2018-04-01,0.5,0.02430894533441208,0.01215447266720604
arbitrage_trust_price,2018-04-01,0.5,0.02430894533441208,0.01215447266720604
buy_hold,2018-05-01,1.0,0.005750519163564283,0.005750519163564283
price_math_only,2018-05-01,1.0,0.005750519163564283,0.005750519163564283
web_sentiment_only,2018-05-01,0.0,0.005750519163564283,0.0
wisdom_aligned,2018-05-01,0.5,0.005750519163564283,0.0028752595817821414
arbitrage_trust_price,2018-05-01,0.5,0.005750519163564283,0.0028752595817821414
buy_hold,2018-06-01,1.0,0.03704660764800849,0.03704660764800849
price_math_only,2018-06-01,0.0,0.03704660764800849,0.0
web_sentiment_only,2018-06-01,1.0,0.03704660764800849,0.03704660764800849
wisdom_aligned,2018-06-01,0.5,0.03704660764800849,0.018523303824004245
arbitrage_trust_price,2018-06-01,0.5,0.03704660764800849,0.018523303824004245
buy_hold,2018-07-01,1.0,0.031919746703864105,0.031919746703864105
price_math_only,2018-07-01,1.0,0.031919746703864105,0.031919746703864105
web_sentiment_only,2018-07-01,0.0,0.031919746703864105,0.0
wisdom_aligned,2018-07-01,0.5,0.031919746703864105,0.015959873351932052
arbitrage_trust_price,2018-07-01,0.5,0.031919746703864105,0.015959873351932052
buy_hold,2018-08-01,1.0,0.005945863368777893,0.005945863368777893
price_math_only,2018-08-01,1.0,0.005945863368777893,0.005945863368777893
web_sentiment_only,2018-08-01,1.0,0.005945863368777893,0.005945863368777893
wisdom_aligned,2018-08-01,1.0,0.005945863368777893,0.005945863368777893
arbitrage_trust_price,2018-08-01,1.0,0.005945863368777893,0.005945863368777893
buy_hold,2018-09-01,1.0,-0.06910454395944243,-0.06910454395944243
price_math_only,2018-09-01,1.0,-0.06910454395944243,-0.06910454395944243
web_sentiment_only,2018-09-01,1.0,-0.06910454395944243,-0.06910454395944243
wisdom_aligned,2018-09-01,1.0,-0.06910454395944243,-0.06910454395944243
arbitrage_trust_price,2018-09-01,1.0,-0.06910454395944243,-0.06910454395944243
buy_hold,2018-10-01,1.0,0.018549531441859557,0.018549531441859557
price_math_only,2018-10-01,0.0,0.018549531441859557,0.0
web_sentiment_only,2018-10-01,1.0,0.018549531441859557,0.018549531441859557
wisdom_aligned,2018-10-01,0.5,0.018549531441859557,0.009274765720929778
arbitrage_trust_price,2018-10-01,0.5,0.018549531441859557,0.009274765720929778
buy_hold,2018-11-01,1.0,-0.08804847235716085,-0.08804847235716085
price_math_only,2018-11-01,1.0,-0.08804847235716085,-0.08804847235716085
web_sentiment_only,2018-11-01,1.0,-0.08804847235716085,-0.08804847235716085
wisdom_aligned,2018-11-01,1.0,-0.08804847235716085,-0.08804847235716085
arbitrage_trust_price,2018-11-01,1.0,-0.08804847235716085,-0.08804847235716085
buy_hold,2018-12-01,1.0,0.08006554456777382,0.08006554456777382
price_math_only,2018-12-01,0.0,0.08006554456777382,0.0
web_sentiment_only,2018-12-01,1.0,0.08006554456777382,0.08006554456777382
wisdom_aligned,2018-12-01,0.5,0.08006554456777382,0.04003277228388691
arbitrage_trust_price,2018-12-01,0.5,0.08006554456777382,0.04003277228388691
buy_hold,2019-01-01,1.0,0.03241585167984651,0.03241585167984651
price_math_only,2019-01-01,1.0,0.03241585167984651,0.03241585167984651
web_sentiment_only,2019-01-01,1.0,0.03241585167984651,0.03241585167984651
wisdom_aligned,2019-01-01,1.0,0.03241585167984651,0.03241585167984651
arbitrage_trust_price,2019-01-01,1.0,0.03241585167984651,0.03241585167984651
buy_hold,2019-02-01,1.0,0.018100508824220984,0.018100508824220984
price_math_only,2019-02-01,1.0,0.018100508824220984,0.018100508824220984
web_sentiment_only,2019-02-01,1.0,0.018100508824220984,0.018100508824220984
wisdom_aligned,2019-02-01,1.0,0.018100508824220984,0.018100508824220984
arbitrage_trust_price,2019-02-01,1.0,0.018100508824220984,0.018100508824220984
buy_hold,2019-03-01,1.0,0.040852369503630914,0.040852369503630914
price_math_only,2019-03-01,1.0,0.040852369503630914,0.040852369503630914
web_sentiment_only,2019-03-01,1.0,0.040852369503630914,0.040852369503630914
wisdom_aligned,2019-03-01,1.0,0.040852369503630914,0.040852369503630914
arbitrage_trust_price,2019-03-01,1.0,0.040852369503630914,0.040852369503630914
buy_hold,2019-04-01,1.0,-0.0637711218491065,-0.0637711218491065
price_math_only,2019-04-01,1.0,-0.0637711218491065,-0.0637711218491065
web_sentiment_only,2019-04-01,0.0,-0.0637711218491065,-0.0
wisdom_aligned,2019-04-01,0.5,-0.0637711218491065,-0.03188556092455325
arbitrage_trust_price,2019-04-01,0.5,-0.0637711218491065,-0.03188556092455325
buy_hold,2019-05-01,1.0,0.06958665748331483,0.06958665748331483
price_math_only,2019-05-01,0.0,0.06958665748331483,0.0
web_sentiment_only,2019-05-01,1.0,0.06958665748331483,0.06958665748331483
wisdom_aligned,2019-05-01,0.5,0.06958665748331483,0.034793328741657414
arbitrage_trust_price,2019-05-01,0.5,0.06958665748331483,0.034793328741657414
buy_hold,2019-06-01,1.0,0.015119310137320152,0.015119310137320152
price_math_only,2019-06-01,1.0,0.015119310137320152,0.015119310137320152
web_sentiment_only,2019-06-01,0.0,0.015119310137320152,0.0
wisdom_aligned,2019-06-01,0.5,0.015119310137320152,0.007559655068660076
arbitrage_trust_price,2019-06-01,1.0,0.015119310137320152,0.015119310137320152
buy_hold,2019-07-01,1.0,-0.01674338987081414,-0.01674338987081414
price_math_only,2019-07-01,1.0,-0.01674338987081414,-0.01674338987081414
web_sentiment_only,2019-07-01,1.0,-0.01674338987081414,-0.01674338987081414
wisdom_aligned,2019-07-01,1.0,-0.01674338987081414,-0.01674338987081414
arbitrage_trust_price,2019-07-01,1.0,-0.01674338987081414,-0.01674338987081414
buy_hold,2019-08-01,1.0,0.019457640561218792,0.019457640561218792
price_math_only,2019-08-01,0.0,0.019457640561218792,0.0
web_sentiment_only,2019-08-01,0.0,0.019457640561218792,0.0
wisdom_aligned,2019-08-01,0.0,0.019457640561218792,0.0
arbitrage_trust_price,2019-08-01,0.0,0.019457640561218792,0.0
buy_hold,2019-09-01,1.0,0.022104536008962006,0.022104536008962006
price_math_only,2019-09-01,1.0,0.022104536008962006,0.022104536008962006
web_sentiment_only,2019-09-01,1.0,0.022104536008962006,0.022104536008962006
wisdom_aligned,2019-09-01,1.0,0.022104536008962006,0.022104536008962006
arbitrage_trust_price,2019-09-01,1.0,0.022104536008962006,0.022104536008962006
buy_hold,2019-10-01,1.0,0.03619841220671405,0.03619841220671405
price_math_only,2019-10-01,1.0,0.03619841220671405,0.03619841220671405
web_sentiment_only,2019-10-01,1.0,0.03619841220671405,0.03619841220671405
wisdom_aligned,2019-10-01,1.0,0.03619841220671405,0.03619841220671405
arbitrage_trust_price,2019-10-01,1.0,0.03619841220671405,0.03619841220671405
buy_hold,2019-11-01,1.0,0.029055676629772043,0.029055676629772043
price_math_only,2019-11-01,1.0,0.029055676629772043,0.029055676629772043
web_sentiment_only,2019-11-01,0.0,0.029055676629772043,0.0
wisdom_aligned,2019-11-01,0.5,0.029055676629772043,0.014527838314886021
arbitrage_trust_price,2019-11-01,1.0,0.029055676629772043,0.029055676629772043
buy_hold,2019-12-01,1.0,-0.0004038058179578474,-0.0004038058179578474
price_math_only,2019-12-01,1.0,-0.0004038058179578474,-0.0004038058179578474
web_sentiment_only,2019-12-01,1.0,-0.0004038058179578474,-0.0004038058179578474
wisdom_aligned,2019-12-01,1.0,-0.0004038058179578474,-0.0004038058179578474
arbitrage_trust_price,2019-12-01,1.0,-0.0004038058179578474,-0.0004038058179578474
buy_hold,2020-01-01,1.0,-0.07916576884257709,-0.07916576884257709
price_math_only,2020-01-01,0.0,-0.07916576884257709,-0.0
web_sentiment_only,2020-01-01,1.0,-0.07916576884257709,-0.07916576884257709
wisdom_aligned,2020-01-01,0.5,-0.07916576884257709,-0.039582884421288544
arbitrage_trust_price,2020-01-01,0.0,-0.07916576884257709,-0.0
buy_hold,2020-02-01,1.0,-0.1248712618307517,-0.1248712618307517
price_math_only,2020-02-01,0.0,-0.1248712618307517,-0.0
web_sentiment_only,2020-02-01,0.0,-0.1248712618307517,-0.0
wisdom_aligned,2020-02-01,0.0,-0.1248712618307517,-0.0
arbitrage_trust_price,2020-02-01,0.0,-0.1248712618307517,-0.0
buy_hold,2020-03-01,1.0,0.1269833214621059,0.1269833214621059
price_math_only,2020-03-01,0.0,0.1269833214621059,0.0
web_sentiment_only,2020-03-01,0.0,0.1269833214621059,0.0
wisdom_aligned,2020-03-01,0.0,0.1269833214621059,0.0
arbitrage_trust_price,2020-03-01,0.0,0.1269833214621059,0.0
buy_hold,2020-04-01,1.0,0.05889195465035968,0.05889195465035968
price_math_only,2020-04-01,1.0,0.05889195465035968,0.05889195465035968
web_sentiment_only,2020-04-01,1.0,0.05889195465035968,0.05889195465035968
wisdom_aligned,2020-04-01,1.0,0.05889195465035968,0.05889195465035968
arbitrage_trust_price,2020-04-01,1.0,0.05889195465035968,0.05889195465035968
buy_hold,2020-07-01,1.0,0.0697968076101334,0.0697968076101334
price_math_only,2020-07-01,1.0,0.0697968076101334,0.0697968076101334
web_sentiment_only,2020-07-01,1.0,0.0697968076101334,0.0697968076101334
wisdom_aligned,2020-07-01,1.0,0.0697968076101334,0.0697968076101334
arbitrage_trust_price,2020-07-01,1.0,0.0697968076101334,0.0697968076101334
buy_hold,2020-08-01,1.0,-0.03744357791749786,-0.03744357791749786
price_math_only,2020-08-01,1.0,-0.03744357791749786,-0.03744357791749786
web_sentiment_only,2020-08-01,1.0,-0.03744357791749786,-0.03744357791749786
wisdom_aligned,2020-08-01,1.0,-0.03744357791749786,-0.03744357791749786
arbitrage_trust_price,2020-08-01,1.0,-0.03744357791749786,-0.03744357791749786
buy_hold,2020-09-01,1.0,-0.02493362927118714,-0.02493362927118714
price_math_only,2020-09-01,0.0,-0.02493362927118714,-0.0
web_sentiment_only,2020-09-01,1.0,-0.02493362927118714,-0.02493362927118714
wisdom_aligned,2020-09-01,0.5,-0.02493362927118714,-0.01246681463559357
arbitrage_trust_price,2020-09-01,0.0,-0.02493362927118714,-0.0
buy_hold,2020-10-01,1.0,0.10877698456794693,0.10877698456794693
price_math_only,2020-10-01,0.0,0.10877698456794693,0.0
web_sentiment_only,2020-10-01,1.0,0.10877698456794693,0.10877698456794693
wisdom_aligned,2020-10-01,0.5,0.10877698456794693,0.054388492283973466
arbitrage_trust_price,2020-10-01,0.0,0.10877698456794693,0.0
buy_hold,2020-11-01,1.0,0.03704836599999717,0.03704836599999717
price_math_only,2020-11-01,1.0,0.03704836599999717,0.03704836599999717
web_sentiment_only,2020-11-01,1.0,0.03704836599999717,0.03704836599999717
wisdom_aligned,2020-11-01,1.0,0.03704836599999717,0.03704836599999717
arbitrage_trust_price,2020-11-01,1.0,0.03704836599999717,0.03704836599999717
buy_hold,2020-12-01,1.0,-0.010190570016076927,-0.010190570016076927
price_math_only,2020-12-01,1.0,-0.010190570016076927,-0.010190570016076927
web_sentiment_only,2020-12-01,1.0,-0.010190570016076927,-0.010190570016076927
wisdom_aligned,2020-12-01,1.0,-0.010190570016076927,-0.010190570016076927
arbitrage_trust_price,2020-12-01,1.0,-0.010190570016076927,-0.010190570016076927
buy_hold,2021-01-01,1.0,0.027805476995289347,0.027805476995289347
price_math_only,2021-01-01,0.0,0.027805476995289347,0.0
web_sentiment_only,2021-01-01,1.0,0.027805476995289347,0.027805476995289347
wisdom_aligned,2021-01-01,0.5,0.027805476995289347,0.013902738497644673
arbitrage_trust_price,2021-01-01,0.0,0.027805476995289347,0.0
buy_hold,2021-02-01,1.0,0.04539930418645599,0.04539930418645599
price_math_only,2021-02-01,1.0,0.04539930418645599,0.04539930418645599
web_sentiment_only,2021-02-01,0.0,0.04539930418645599,0.0
wisdom_aligned,2021-02-01,0.5,0.04539930418645599,0.022699652093227995
arbitrage_trust_price,2021-02-01,0.5,0.04539930418645599,0.022699652093227995
buy_hold,2021-03-01,1.0,0.05291064876849405,0.05291064876849405
price_math_only,2021-03-01,1.0,0.05291064876849405,0.05291064876849405
web_sentiment_only,2021-03-01,1.0,0.05291064876849405,0.05291064876849405
wisdom_aligned,2021-03-01,1.0,0.05291064876849405,0.05291064876849405
arbitrage_trust_price,2021-03-01,1.0,0.05291064876849405,0.05291064876849405
buy_hold,2021-04-01,1.0,0.006566017023239112,0.006566017023239112
price_math_only,2021-04-01,1.0,0.006566017023239112,0.006566017023239112
web_sentiment_only,2021-04-01,0.0,0.006566017023239112,0.0
wisdom_aligned,2021-04-01,0.5,0.006566017023239112,0.003283008511619556
arbitrage_trust_price,2021-04-01,1.0,0.006566017023239112,0.006566017023239112
buy_hold,2021-05-01,1.0,0.022427306195101027,0.022427306195101027
price_math_only,2021-05-01,1.0,0.022427306195101027,0.022427306195101027
web_sentiment_only,2021-05-01,1.0,0.022427306195101027,0.022427306195101027
wisdom_aligned,2021-05-01,1.0,0.022427306195101027,0.022427306195101027
arbitrage_trust_price,2021-05-01,1.0,0.022427306195101027,0.022427306195101027
buy_hold,2021-06-01,1.0,0.02441254366216694,0.02441254366216694
price_math_only,2021-06-01,1.0,0.02441254366216694,0.02441254366216694
web_sentiment_only,2021-06-01,1.0,0.02441254366216694,0.02441254366216694
wisdom_aligned,2021-06-01,1.0,0.02441254366216694,0.02441254366216694
arbitrage_trust_price,2021-06-01,1.0,0.02441254366216694,0.02441254366216694
buy_hold,2021-07-01,1.0,0.029759891958028195,0.029759891958028195
price_math_only,2021-07-01,1.0,0.029759891958028195,0.029759891958028195
web_sentiment_only,2021-07-01,0.0,0.029759891958028195,0.0
wisdom_aligned,2021-07-01,0.5,0.029759891958028195,0.014879945979014098
arbitrage_trust_price,2021-07-01,0.5,0.029759891958028195,0.014879945979014098
buy_hold,2021-08-01,1.0,-0.04660559147949639,-0.04660559147949639
price_math_only,2021-08-01,1.0,-0.04660559147949639,-0.04660559147949639
web_sentiment_only,2021-08-01,1.0,-0.04660559147949639,-0.04660559147949639
wisdom_aligned,2021-08-01,1.0,-0.04660559147949639,-0.04660559147949639
arbitrage_trust_price,2021-08-01,1.0,-0.04660559147949639,-0.04660559147949639
buy_hold,2021-09-01,1.0,0.07016360280976364,0.07016360280976364
price_math_only,2021-09-01,0.0,0.07016360280976364,0.0
web_sentiment_only,2021-09-01,1.0,0.07016360280976364,0.07016360280976364
wisdom_aligned,2021-09-01,0.5,0.07016360280976364,0.03508180140488182
arbitrage_trust_price,2021-09-01,0.0,0.07016360280976364,0.0
buy_hold,2021-10-01,1.0,-0.008034770140313507,-0.008034770140313507
price_math_only,2021-10-01,1.0,-0.008034770140313507,-0.008034770140313507
web_sentiment_only,2021-10-01,0.0,-0.008034770140313507,-0.0
wisdom_aligned,2021-10-01,0.5,-0.008034770140313507,-0.004017385070156754
arbitrage_trust_price,2021-10-01,1.0,-0.008034770140313507,-0.008034770140313507
buy_hold,2021-11-01,1.0,0.046247814395034226,0.046247814395034226
price_math_only,2021-11-01,0.0,0.046247814395034226,0.0
web_sentiment_only,2021-11-01,0.0,0.046247814395034226,0.0
wisdom_aligned,2021-11-01,0.5,0.046247814395034226,0.023123907197517113
arbitrage_trust_price,2021-11-01,0.5,0.046247814395034226,0.023123907197517113
buy_hold,2021-12-01,1.0,-0.05274126428452375,-0.05274126428452375
price_math_only,2021-12-01,1.0,-0.05274126428452375,-0.05274126428452375
web_sentiment_only,2021-12-01,0.0,-0.05274126428452375,-0.0
wisdom_aligned,2021-12-01,0.5,-0.05274126428452375,-0.026370632142261874
arbitrage_trust_price,2021-12-01,0.5,-0.05274126428452375,-0.026370632142261874
buy_hold,2022-01-01,1.0,-0.029517064286520123,-0.029517064286520123
price_math_only,2022-01-01,0.0,-0.029517064286520123,-0.0
web_sentiment_only,2022-01-01,1.0,-0.029517064286520123,-0.029517064286520123
wisdom_aligned,2022-01-01,0.5,-0.029517064286520123,-0.014758532143260061
arbitrage_trust_price,2022-01-01,0.0,-0.029517064286520123,-0.0
buy_hold,2022-02-01,1.0,0.037590407971505035,0.037590407971505035
price_math_only,2022-02-01,0.0,0.037590407971505035,0.0
web_sentiment_only,2022-02-01,1.0,0.037590407971505035,0.037590407971505035
wisdom_aligned,2022-02-01,0.5,0.037590407971505035,0.018795203985752518
arbitrage_trust_price,2022-02-01,0.0,0.037590407971505035,0.0
buy_hold,2022-03-01,1.0,-0.08776907143821644,-0.08776907143821644
price_math_only,2022-03-01,1.0,-0.08776907143821644,-0.08776907143821644
web_sentiment_only,2022-03-01,1.0,-0.08776907143821644,-0.08776907143821644
wisdom_aligned,2022-03-01,1.0,-0.08776907143821644,-0.08776907143821644
arbitrage_trust_price,2022-03-01,1.0,-0.08776907143821644,-0.08776907143821644
buy_hold,2022-04-01,1.0,0.002257127132343273,0.002257127132343273
price_math_only,2022-04-01,0.0,0.002257127132343273,0.0
web_sentiment_only,2022-04-01,1.0,0.002257127132343273,0.002257127132343273
wisdom_aligned,2022-04-01,0.5,0.002257127132343273,0.0011285635661716364
arbitrage_trust_price,2022-04-01,0.0,0.002257127132343273,0.0
buy_hold,2022-05-01,1.0,-0.08246026764919878,-0.08246026764919878
price_math_only,2022-05-01,0.0,-0.08246026764919878,-0.0
web_sentiment_only,2022-05-01,0.0,-0.08246026764919878,-0.0
wisdom_aligned,2022-05-01,0.0,-0.08246026764919878,-0.0
arbitrage_trust_price,2022-05-01,0.0,-0.08246026764919878,-0.0
buy_hold,2022-06-01,1.0,0.09208741594072722,0.09208741594072722
price_math_only,2022-06-01,0.0,0.09208741594072722,0.0
web_sentiment_only,2022-06-01,0.0,0.09208741594072722,0.0
wisdom_aligned,2022-06-01,0.0,0.09208741594072722,0.0
arbitrage_trust_price,2022-06-01,0.0,0.09208741594072722,0.0
buy_hold,2022-07-01,1.0,-0.04080191352086626,-0.04080191352086626
price_math_only,2022-07-01,1.0,-0.04080191352086626,-0.04080191352086626
web_sentiment_only,2022-07-01,0.0,-0.04080191352086626,-0.0
wisdom_aligned,2022-07-01,0.5,-0.04080191352086626,-0.02040095676043313
arbitrage_trust_price,2022-07-01,1.0,-0.04080191352086626,-0.04080191352086626
buy_hold,2022-08-01,1.0,-0.09244596848407038,-0.09244596848407038
price_math_only,2022-08-01,0.0,-0.09244596848407038,-0.0
web_sentiment_only,2022-08-01,0.0,-0.09244596848407038,-0.0
wisdom_aligned,2022-08-01,0.0,-0.09244596848407038,-0.0
arbitrage_trust_price,2022-08-01,0.0,-0.09244596848407038,-0.0
buy_hold,2022-09-01,1.0,0.0812755830062537,0.0812755830062537
price_math_only,2022-09-01,0.0,0.0812755830062537,0.0
web_sentiment_only,2022-09-01,0.0,0.0812755830062537,0.0
wisdom_aligned,2022-09-01,0.0,0.0812755830062537,0.0
arbitrage_trust_price,2022-09-01,0.0,0.0812755830062537,0.0
buy_hold,2022-10-01,1.0,0.0555915804036935,0.0555915804036935
price_math_only,2022-10-01,1.0,0.0555915804036935,0.0555915804036935
web_sentiment_only,2022-10-01,1.0,0.0555915804036935,0.0555915804036935
wisdom_aligned,2022-10-01,1.0,0.0555915804036935,0.0555915804036935
arbitrage_trust_price,2022-10-01,1.0,0.0555915804036935,0.0555915804036935
buy_hold,2022-11-01,1.0,-0.05762825941067129,-0.05762825941067129
price_math_only,2022-11-01,1.0,-0.05762825941067129,-0.05762825941067129
web_sentiment_only,2022-11-01,1.0,-0.05762825941067129,-0.05762825941067129
wisdom_aligned,2022-11-01,1.0,-0.05762825941067129,-0.05762825941067129
arbitrage_trust_price,2022-11-01,1.0,-0.05762825941067129,-0.05762825941067129
buy_hold,2022-12-01,1.0,0.06288744700021387,0.06288744700021387
price_math_only,2022-12-01,0.0,0.06288744700021387,0.0
web_sentiment_only,2022-12-01,1.0,0.06288744700021387,0.06288744700021387
wisdom_aligned,2022-12-01,0.5,0.06288744700021387,0.031443723500106935
arbitrage_trust_price,2022-12-01,0.0,0.06288744700021387,0.0
buy_hold,2023-01-01,1.0,-0.025142733358399783,-0.025142733358399783
price_math_only,2023-01-01,1.0,-0.025142733358399783,-0.025142733358399783
web_sentiment_only,2023-01-01,0.0,-0.025142733358399783,-0.0
wisdom_aligned,2023-01-01,0.5,-0.025142733358399783,-0.012571366679199891
arbitrage_trust_price,2023-01-01,0.5,-0.025142733358399783,-0.012571366679199891
buy_hold,2023-02-01,1.0,0.03707777936129242,0.03707777936129242
price_math_only,2023-02-01,0.0,0.03707777936129242,0.0
web_sentiment_only,2023-02-01,0.0,0.03707777936129242,0.0
wisdom_aligned,2023-02-01,0.0,0.03707777936129242,0.0
arbitrage_trust_price,2023-02-01,0.0,0.03707777936129242,0.0
buy_hold,2023-03-01,1.0,0.01597492522986066,0.01597492522986066
price_math_only,2023-03-01,1.0,0.01597492522986066,0.01597492522986066
web_sentiment_only,2023-03-01,1.0,0.01597492522986066,0.01597492522986066
wisdom_aligned,2023-03-01,1.0,0.01597492522986066,0.01597492522986066
arbitrage_trust_price,2023-03-01,1.0,0.01597492522986066,0.01597492522986066
buy_hold,2023-04-01,1.0,0.004616080799331845,0.004616080799331845
price_math_only,2023-04-01,1.0,0.004616080799331845,0.004616080799331845
web_sentiment_only,2023-04-01,1.0,0.004616080799331845,0.004616080799331845
wisdom_aligned,2023-04-01,1.0,0.004616080799331845,0.004616080799331845
arbitrage_trust_price,2023-04-01,1.0,0.004616080799331845,0.004616080799331845
buy_hold,2023-05-01,1.0,0.06479972635087883,0.06479972635087883
price_math_only,2023-05-01,1.0,0.06479972635087883,0.06479972635087883
web_sentiment_only,2023-05-01,1.0,0.06479972635087883,0.06479972635087883
wisdom_aligned,2023-05-01,1.0,0.06479972635087883,0.06479972635087883
arbitrage_trust_price,2023-05-01,1.0,0.06479972635087883,0.06479972635087883
buy_hold,2023-06-01,1.0,0.03273340072323205,0.03273340072323205
price_math_only,2023-06-01,1.0,0.03273340072323205,0.03273340072323205
web_sentiment_only,2023-06-01,1.0,0.03273340072323205,0.03273340072323205
wisdom_aligned,2023-06-01,1.0,0.03273340072323205,0.03273340072323205
arbitrage_trust_price,2023-06-01,1.0,0.03273340072323205,0.03273340072323205
buy_hold,2023-07-01,1.0,-0.01625200729296028,-0.01625200729296028
price_math_only,2023-07-01,1.0,-0.01625200729296028,-0.01625200729296028
web_sentiment_only,2023-07-01,1.0,-0.01625200729296028,-0.01625200729296028
wisdom_aligned,2023-07-01,1.0,-0.01625200729296028,-0.01625200729296028
arbitrage_trust_price,2023-07-01,1.0,-0.01625200729296028,-0.01625200729296028
buy_hold,2023-08-01,1.0,-0.04743444885542669,-0.04743444885542669
price_math_only,2023-08-01,1.0,-0.04743444885542669,-0.04743444885542669
web_sentiment_only,2023-08-01,1.0,-0.04743444885542669,-0.04743444885542669
wisdom_aligned,2023-08-01,1.0,-0.04743444885542669,-0.04743444885542669
arbitrage_trust_price,2023-08-01,1.0,-0.04743444885542669,-0.04743444885542669
buy_hold,2023-09-01,1.0,-0.021708707559701,-0.021708707559701
price_math_only,2023-09-01,0.0,-0.021708707559701,-0.0
web_sentiment_only,2023-09-01,1.0,-0.021708707559701,-0.021708707559701
wisdom_aligned,2023-09-01,0.5,-0.021708707559701,-0.0108543537798505
arbitrage_trust_price,2023-09-01,0.0,-0.021708707559701,-0.0
buy_hold,2023-10-01,1.0,0.09134381202143604,0.09134381202143604
price_math_only,2023-10-01,0.0,0.09134381202143604,0.0
web_sentiment_only,2023-10-01,1.0,0.09134381202143604,0.09134381202143604
wisdom_aligned,2023-10-01,0.5,0.09134381202143604,0.04567190601071802
arbitrage_trust_price,2023-10-01,0.0,0.09134381202143604,0.0
buy_hold,2023-11-01,1.0,0.045655494319501555,0.045655494319501555
price_math_only,2023-11-01,1.0,0.045655494319501555,0.045655494319501555
web_sentiment_only,2023-11-01,0.0,0.045655494319501555,0.0
wisdom_aligned,2023-11-01,0.5,0.045655494319501555,0.022827747159750778
arbitrage_trust_price,2023-11-01,1.0,0.045655494319501555,0.045655494319501555
