timestamp,active_mode,gap_threshold,web_sentiment,price_sentiment,sentiment_gap,regime,volatility,wisdom_paused,equity,cash,crypto_trades,spy_trades,nyse_trades,shadow_would_pause_baseline,shadow_would_pause_arbitrage,shadow_would_pause_web_regime,shadow_would_pause_wisdom_pause,notes
2026-05-25T00:10:38,arbitrage,0.25,-0.5,-0.0008784585151166979,-0.48682312227324953,RHYME_D: Range_Bound_Neutral,Low,False,100326.32,4441.62,0,0,0,False,False,False,False,
2026-05-25T00:11:39,arbitrage,0.25,-0.5,-0.0008784585151166979,-0.48682312227324953,RHYME_D: Range_Bound_Neutral,Low,False,100326.32,4441.62,0,0,0,False,False,False,False,
2026-05-25T00:12:39,arbitrage,0.25,-0.5,-0.0008784585151166979,-0.48682312227324953,RHYME_D: Range_Bound_Neutral,Low,False,100483.21,4441.62,0,0,0,False,False,False,False,
2026-05-25T00:13:40,arbitrage,0.25,-0.5,-0.0008784585151166979,-0.48682312227324953,RHYME_D: Range_Bound_Neutral,Low,False,100483.21,4441.62,0,0,0,False,False,False,False,
2026-05-25T00:14:41,arbitrage,0.25,-0.5,-0.0008784585151166979,-0.48682312227324953,RHYME_D: Range_Bound_Neutral,Low,False,100483.21,4441.62,0,0,0,False,False,False,False,
2026-05-25T00:15:42,arbitrage,0.25,-0.5,0.00684246171244296,-0.6026369256866444,RHYME_D: Range_Bound_Neutral,Low,False,100389.51,4441.62,0,0,0,False,False,False,False,
2026-05-25T00:16:43,arbitrage,0.25,-0.5,0.00684246171244296,-0.6026369256866444,RHYME_D: Range_Bound_Neutral,Low,False,100389.51,4441.62,0,0,0,False,False,False,False,
2026-05-25T00:17:44,arbitrage,0.25,-0.5,0.00684246171244296,-0.6026369256866444,RHYME_D: Range_Bound_Neutral,Low,False,100389.51,4441.62,0,0,0,False,False,False,False,
2026-05-25T00:18:45,arbitrage,0.25,-0.5,0.00684246171244296,-0.6026369256866444,RHYME_D: Range_Bound_Neutral,Low,False,100508.32,4441.62,0,0,0,False,False,False,False,
2026-05-25T00:19:46,arbitrage,0.25,-0.5,0.00684246171244296,-0.6026369256866444,RHYME_D: Range_Bound_Neutral,Low,False,100508.32,4441.62,0,0,0,False,False,False,False,
2026-05-25T00:20:47,arbitrage,0.25,-0.5,0.00684246171244296,-0.6026369256866444,RHYME_D: Range_Bound_Neutral,Low,False,100508.32,4441.62,0,0,0,False,False,False,False,
2026-05-25T00:21:48,arbitrage,0.25,-0.5,0.00684246171244296,-0.6026369256866444,RHYME_D: Range_Bound_Neutral,Low,False,100508.32,4441.62,0,0,0,False,False,False,False,
2026-05-25T00:22:49,arbitrage,0.25,-0.5,0.00684246171244296,-0.6026369256866444,RHYME_D: Range_Bound_Neutral,Low,False,100508.32,4441.62,0,0,0,False,False,False,False,
2026-05-25T00:23:50,arbitrage,0.25,-0.5,0.00684246171244296,-0.6026369256866444,RHYME_D: Range_Bound_Neutral,Low,False,100436.16,4441.62,0,0,0,False,False,False,False,
2026-05-25T00:24:51,arbitrage,0.25,-0.5,0.00684246171244296,-0.6026369256866444,RHYME_D: Range_Bound_Neutral,Low,False,100436.16,4441.62,0,0,0,False,False,False,False,
2026-05-25T00:25:54,arbitrage,0.25,-0.5,-0.0008784585151166979,-0.48682312227324953,RHYME_D: Range_Bound_Neutral,Low,False,100436.16,4441.62,0,0,0,False,False,False,False,
2026-05-25T00:26:55,arbitrage,0.25,-0.5,-0.0008784585151166979,-0.48682312227324953,RHYME_D: Range_Bound_Neutral,Low,False,100436.16,4441.62,0,0,0,False,False,False,False,
2026-05-25T00:27:56,arbitrage,0.25,-0.5,-0.0008784585151166979,-0.48682312227324953,RHYME_D: Range_Bound_Neutral,Low,False,100436.16,4441.62,0,0,0,False,False,False,False,
2026-05-25T00:28:57,arbitrage,0.25,-0.5,-0.0008784585151166979,-0.48682312227324953,RHYME_D: Range_Bound_Neutral,Low,False,100436.16,4441.62,0,0,0,False,False,False,False,
2026-05-25T00:29:57,arbitrage,0.25,-0.5,-0.0008784585151166979,-0.48682312227324953,RHYME_D: Range_Bound_Neutral,Low,False,100436.16,4441.62,0,0,0,False,False,False,False,
2026-05-25T00:30:58,arbitrage,0.25,-0.5,-0.0008784585151166979,-0.48682312227324953,RHYME_D: Range_Bound_Neutral,Low,False,100436.16,4441.62,0,0,0,False,False,False,False,
2026-05-25T00:31:59,arbitrage,0.25,-0.5,0.006616610996262429,-0.5992491649439364,RHYME_D: Range_Bound_Neutral,Low,False,100436.16,4441.62,0,0,0,False,False,False,False,
2026-05-25T00:33:00,arbitrage,0.25,-0.5,0.006616610996262429,-0.5992491649439364,RHYME_D: Range_Bound_Neutral,Low,False,100482.72,4441.62,0,0,0,False,False,False,False,
2026-05-25T00:34:01,arbitrage,0.25,-0.5,0.006616610996262429,-0.5992491649439364,RHYME_D: Range_Bound_Neutral,Low,False,100482.72,4441.62,0,0,0,False,False,False,False,
2026-05-25T00:35:02,arbitrage,0.25,-0.5,0.006616610996262429,-0.5992491649439364,RHYME_D: Range_Bound_Neutral,Low,False,100482.72,4441.62,0,0,0,False,False,False,False,
2026-05-25T00:36:03,arbitrage,0.25,-0.5,0.006616610996262429,-0.5992491649439364,RHYME_D: Range_Bound_Neutral,Low,False,100482.72,4441.62,0,0,0,False,False,False,False,
2026-05-25T00:37:04,arbitrage,0.25,-0.5,0.006616610996262429,-0.5992491649439364,RHYME_D: Range_Bound_Neutral,Low,False,100482.72,4441.62,0,0,0,False,False,False,False,
2026-05-25T00:38:05,arbitrage,0.25,-0.5,0.006616610996262429,-0.5992491649439364,RHYME_D: Range_Bound_Neutral,Low,False,100514.34,4441.62,0,0,0,False,False,False,False,
2026-05-25T00:39:06,arbitrage,0.25,-0.5,0.006616610996262429,-0.5992491649439364,RHYME_D: Range_Bound_Neutral,Low,False,100526.01,4441.62,0,0,0,False,False,False,False,
2026-05-25T00:40:07,arbitrage,0.25,-0.5,0.006616610996262429,-0.5992491649439364,RHYME_D: Range_Bound_Neutral,Low,False,100526.01,4441.62,0,0,0,False,False,False,False,
2026-05-25T00:41:10,arbitrage,0.25,-0.5,-0.0008784585151166979,-0.48682312227324953,RHYME_D: Range_Bound_Neutral,Low,False,100526.01,4441.62,0,0,0,False,False,False,False,
2026-05-25T00:42:11,arbitrage,0.25,-0.5,-0.0008784585151166979,-0.48682312227324953,RHYME_D: Range_Bound_Neutral,Low,False,100526.01,4441.62,0,0,0,False,False,False,False,
2026-05-25T00:43:12,arbitrage,0.25,-0.5,-0.0008784585151166979,-0.48682312227324953,RHYME_D: Range_Bound_Neutral,Low,False,100541.27,4441.62,0,0,0,False,False,False,False,
2026-05-25T00:44:13,arbitrage,0.25,-0.5,-0.0008784585151166979,-0.48682312227324953,RHYME_D: Range_Bound_Neutral,Low,False,100541.27,4441.62,0,0,0,False,False,False,False,
2026-05-25T00:45:14,arbitrage,0.25,-0.5,-0.0008784585151166979,-0.48682312227324953,RHYME_D: Range_Bound_Neutral,Low,False,100569.38,4441.62,0,0,0,False,False,False,False,
2026-05-25T00:46:15,arbitrage,0.25,-0.5,-0.0008784585151166979,-0.48682312227324953,RHYME_D: Range_Bound_Neutral,Low,False,100569.38,4441.62,0,0,0,False,False,False,False,
2026-05-25T00:47:16,arbitrage,0.25,-0.5,0.004825761715881338,-0.5723864257382201,RHYME_D: Range_Bound_Neutral,Low,False,100586.44,4441.62,0,0,0,False,False,False,False,
2026-05-25T00:48:17,arbitrage,0.25,-0.5,0.004825761715881338,-0.5723864257382201,RHYME_D: Range_Bound_Neutral,Low,False,100586.44,4441.62,0,0,0,False,False,False,False,
2026-05-25T00:49:18,arbitrage,0.25,-0.5,0.004825761715881338,-0.5723864257382201,RHYME_D: Range_Bound_Neutral,Low,False,100586.44,4441.62,0,0,0,False,False,False,False,
2026-05-25T00:50:19,arbitrage,0.25,-0.5,0.004825761715881338,-0.5723864257382201,RHYME_D: Range_Bound_Neutral,Low,False,100557.75,4441.62,0,0,0,False,False,False,False,
2026-05-25T00:51:20,arbitrage,0.25,-0.5,0.004825761715881338,-0.5723864257382201,RHYME_D: Range_Bound_Neutral,Low,False,100530.7,4441.62,0,0,0,False,False,False,False,
2026-05-25T00:52:21,arbitrage,0.25,-0.5,0.004825761715881338,-0.5723864257382201,RHYME_D: Range_Bound_Neutral,Low,False,100484.51,4441.62,0,0,0,False,False,False,False,
2026-05-25T00:53:22,arbitrage,0.25,-0.5,0.004825761715881338,-0.5723864257382201,RHYME_D: Range_Bound_Neutral,Low,False,100545.27,4441.62,0,0,0,False,False,False,False,
2026-05-25T00:54:23,arbitrage,0.25,-0.5,0.004825761715881338,-0.5723864257382201,RHYME_D: Range_Bound_Neutral,Low,False,100528.8,4441.62,0,0,0,False,False,False,False,
2026-05-25T00:55:24,arbitrage,0.25,-0.5,0.004825761715881338,-0.5723864257382201,RHYME_D: Range_Bound_Neutral,Low,False,100529.16,4441.62,0,0,0,False,False,False,False,
2026-05-25T00:56:26,arbitrage,0.25,-0.5,-0.0008784585151166979,-0.48682312227324953,RHYME_D: Range_Bound_Neutral,Low,False,100529.16,4441.62,0,0,0,False,False,False,False,
2026-05-25T00:57:27,arbitrage,0.25,-0.5,-0.0008784585151166979,-0.48682312227324953,RHYME_D: Range_Bound_Neutral,Low,False,100447.75,4441.62,0,0,0,False,False,False,False,
2026-05-25T00:58:28,arbitrage,0.25,-0.5,-0.0008784585151166979,-0.48682312227324953,RHYME_D: Range_Bound_Neutral,Low,False,100461.26,4441.62,0,0,0,False,False,False,False,
2026-05-25T00:59:29,arbitrage,0.25,-0.5,-0.0008784585151166979,-0.48682312227324953,RHYME_D: Range_Bound_Neutral,Low,False,100461.26,4441.62,0,0,0,False,False,False,False,
2026-05-25T01:00:30,arbitrage,0.25,-0.5,-0.0008784585151166979,-0.48682312227324953,RHYME_D: Range_Bound_Neutral,Low,False,100533.61,4441.62,0,0,0,False,False,False,False,
2026-05-25T01:01:31,arbitrage,0.25,-0.5,-0.0008784585151166979,-0.48682312227324953,RHYME_D: Range_Bound_Neutral,Low,False,100521.15,4441.62,0,0,0,False,False,False,False,
2026-05-25T01:02:32,arbitrage,0.25,-0.5,0.003673926925119808,-0.5551089038767971,RHYME_D: Range_Bound_Neutral,Low,False,100500.71,4441.62,0,0,0,False,False,False,False,
2026-05-25T01:03:33,arbitrage,0.25,-0.5,0.003673926925119808,-0.5551089038767971,RHYME_D: Range_Bound_Neutral,Low,False,100500.71,4441.62,0,0,0,False,False,False,False,
2026-05-25T01:04:34,arbitrage,0.25,-0.5,0.003673926925119808,-0.5551089038767971,RHYME_D: Range_Bound_Neutral,Low,False,100519.13,4441.62,0,0,0,False,False,False,False,
2026-05-25T01:05:35,arbitrage,0.25,-0.5,0.003673926925119808,-0.5551089038767971,RHYME_D: Range_Bound_Neutral,Low,False,100519.13,4441.62,0,0,0,False,False,False,False,
2026-05-25T01:06:36,arbitrage,0.25,-0.5,0.003673926925119808,-0.5551089038767971,RHYME_D: Range_Bound_Neutral,Low,False,100519.13,4441.62,0,0,0,False,False,False,False,
2026-05-25T01:07:37,arbitrage,0.25,-0.5,0.003673926925119808,-0.5551089038767971,RHYME_D: Range_Bound_Neutral,Low,False,100519.13,4441.62,0,0,0,False,False,False,False,
2026-05-25T01:08:38,arbitrage,0.25,-0.5,0.003673926925119808,-0.5551089038767971,RHYME_D: Range_Bound_Neutral,Low,False,100519.13,4441.62,0,0,0,False,False,False,False,
2026-05-25T01:09:39,arbitrage,0.25,-0.5,0.003673926925119808,-0.5551089038767971,RHYME_D: Range_Bound_Neutral,Low,False,100519.13,4441.62,0,0,0,False,False,False,False,
2026-05-25T01:10:40,arbitrage,0.25,-0.5,0.003673926925119808,-0.5551089038767971,RHYME_D: Range_Bound_Neutral,Low,False,100519.13,4441.62,0,0,0,False,False,False,False,
2026-05-25T01:11:43,arbitrage,0.25,-0.5,-0.0008784585151166979,-0.48682312227324953,RHYME_D: Range_Bound_Neutral,Low,False,100519.13,4441.62,0,0,0,False,False,False,False,
2026-05-25T01:12:44,arbitrage,0.25,-0.5,-0.0008784585151166979,-0.48682312227324953,RHYME_D: Range_Bound_Neutral,Low,False,100556.71,4441.62,0,0,0,False,False,False,False,
2026-05-25T01:13:45,arbitrage,0.25,-0.5,-0.0008784585151166979,-0.48682312227324953,RHYME_D: Range_Bound_Neutral,Low,False,100572.16,4441.62,0,0,0,False,False,False,False,
2026-05-25T01:14:46,arbitrage,0.25,-0.5,-0.0008784585151166979,-0.48682312227324953,RHYME_D: Range_Bound_Neutral,Low,False,100572.16,4441.62,0,0,0,False,False,False,False,
2026-05-25T01:15:47,arbitrage,0.25,-0.5,-0.0008784585151166979,-0.48682312227324953,RHYME_D: Range_Bound_Neutral,Low,False,100537.85,4441.62,0,0,0,False,False,False,False,
2026-05-25T01:16:48,arbitrage,0.25,-0.5,-0.0008784585151166979,-0.48682312227324953,RHYME_D: Range_Bound_Neutral,Low,False,100460.02,4441.62,0,0,0,False,False,False,False,
2026-05-25T01:17:49,arbitrage,0.25,-0.5,-0.0008784585151166979,-0.48682312227324953,RHYME_D: Range_Bound_Neutral,Low,False,100460.02,4441.62,0,0,0,False,False,False,False,
2026-05-25T01:18:50,arbitrage,0.25,-0.5,0.0017457242621545799,-0.5261858639323187,RHYME_D: Range_Bound_Neutral,Low,False,100460.02,4441.62,0,0,0,False,False,False,False,
2026-05-25T01:19:51,arbitrage,0.25,-0.5,0.0017457242621545799,-0.5261858639323187,RHYME_D: Range_Bound_Neutral,Low,False,100460.02,4441.62,0,0,0,False,False,False,False,
2026-05-25T01:20:52,arbitrage,0.25,-0.5,0.0017457242621545799,-0.5261858639323187,RHYME_D: Range_Bound_Neutral,Low,False,100383.91,4441.62,0,0,0,False,False,False,False,
2026-05-25T01:21:53,arbitrage,0.25,-0.5,0.0017457242621545799,-0.5261858639323187,RHYME_D: Range_Bound_Neutral,Low,False,100383.91,4441.62,0,0,0,False,False,False,False,
2026-05-25T01:22:54,arbitrage,0.25,-0.5,0.0017457242621545799,-0.5261858639323187,RHYME_D: Range_Bound_Neutral,Low,False,100383.91,4441.62,0,0,0,False,False,False,False,
2026-05-25T01:23:55,arbitrage,0.25,-0.5,0.0017457242621545799,-0.5261858639323187,RHYME_D: Range_Bound_Neutral,Low,False,100314.71,4441.62,0,0,0,False,False,False,False,
2026-05-25T01:24:56,arbitrage,0.25,-0.5,0.0017457242621545799,-0.5261858639323187,RHYME_D: Range_Bound_Neutral,Low,False,100314.71,4441.62,0,0,0,False,False,False,False,
2026-05-25T01:25:57,arbitrage,0.25,-0.5,0.0017457242621545799,-0.5261858639323187,RHYME_D: Range_Bound_Neutral,Low,False,100314.71,4441.62,0,0,0,False,False,False,False,
2026-05-25T01:26:59,arbitrage,0.25,-0.5,-0.0008784585151166979,-0.48682312227324953,RHYME_D: Range_Bound_Neutral,Low,False,100322.55,4441.62,0,0,0,False,False,False,False,
2026-05-25T01:28:00,arbitrage,0.25,-0.5,-0.0008784585151166979,-0.48682312227324953,RHYME_D: Range_Bound_Neutral,Low,False,100322.55,4441.62,0,0,0,False,False,False,False,
2026-05-25T01:29:01,arbitrage,0.25,-0.5,-0.0008784585151166979,-0.48682312227324953,RHYME_D: Range_Bound_Neutral,Low,False,100322.55,4441.62,0,0,0,False,False,False,False,
2026-05-25T01:30:02,arbitrage,0.25,-0.5,-0.0008784585151166979,-0.48682312227324953,RHYME_D: Range_Bound_Neutral,Low,False,100322.55,4441.62,0,0,0,False,False,False,False,
2026-05-25T01:31:03,arbitrage,0.25,-0.5,-0.0008784585151166979,-0.48682312227324953,RHYME_D: Range_Bound_Neutral,Low,False,100322.55,4441.62,0,0,0,False,False,False,False,
2026-05-25T01:32:04,arbitrage,0.25,-0.5,-0.0008784585151166979,-0.48682312227324953,RHYME_D: Range_Bound_Neutral,Low,False,100236.05,4441.62,0,0,0,False,False,False,False,
2026-05-25T01:33:05,arbitrage,0.25,-0.5,-0.0008784585151166979,-0.48682312227324953,RHYME_D: Range_Bound_Neutral,Low,False,100221.79,4441.62,0,0,0,False,False,False,False,
2026-05-25T01:34:06,arbitrage,0.25,-0.5,-0.0007179939142266667,-0.4892300912866,RHYME_D: Range_Bound_Neutral,Low,False,100221.79,4441.62,0,0,0,False,False,False,False,
2026-05-25T01:35:07,arbitrage,0.25,-0.5,-0.0007179939142266667,-0.4892300912866,RHYME_D: Range_Bound_Neutral,Low,False,100221.79,4441.62,0,0,0,False,False,False,False,
2026-05-25T01:36:08,arbitrage,0.25,-0.5,-0.0007179939142266667,-0.4892300912866,RHYME_D: Range_Bound_Neutral,Low,False,100221.79,4441.62,0,0,0,False,False,False,False,
2026-05-25T01:37:09,arbitrage,0.25,-0.5,-0.0007179939142266667,-0.4892300912866,RHYME_D: Range_Bound_Neutral,Low,False,100221.79,4441.62,0,0,0,False,False,False,False,
2026-05-25T01:38:10,arbitrage,0.25,-0.5,-0.0007179939142266667,-0.4892300912866,RHYME_D: Range_Bound_Neutral,Low,False,100221.79,4441.62,0,0,0,False,False,False,False,
2026-05-25T01:39:11,arbitrage,0.25,-0.5,-0.0007179939142266667,-0.4892300912866,RHYME_D: Range_Bound_Neutral,Low,False,100349.65,4441.62,0,0,0,False,False,False,False,
2026-05-25T01:40:12,arbitrage,0.25,-0.5,-0.0007179939142266667,-0.4892300912866,RHYME_D: Range_Bound_Neutral,Low,False,100349.65,4441.62,0,0,0,False,False,False,False,
2026-05-25T01:41:13,arbitrage,0.25,-0.5,-0.0007179939142266667,-0.4892300912866,RHYME_D: Range_Bound_Neutral,Low,False,100206.51,81599.07,0,0,0,False,False,False,False,
2026-05-25T01:42:16,arbitrage,0.25,-0.5,-0.0008784585151166979,-0.48682312227324953,RHYME_D: Range_Bound_Neutral,Low,False,100229.59,81599.07,0,0,0,False,False,False,False,
2026-05-25T01:43:17,arbitrage,0.25,-0.5,-0.0008784585151166979,-0.48682312227324953,RHYME_D: Range_Bound_Neutral,Low,False,100229.59,81599.07,0,0,0,False,False,False,False,
2026-05-25T01:44:18,arbitrage,0.25,-0.5,-0.0008784585151166979,-0.48682312227324953,RHYME_D: Range_Bound_Neutral,Low,False,100213.61,81599.07,0,0,0,False,False,False,False,
2026-05-25T01:45:19,arbitrage,0.25,-0.5,-0.0008784585151166979,-0.48682312227324953,RHYME_D: Range_Bound_Neutral,Low,False,100241.96,81599.07,0,0,0,False,False,False,False,
2026-05-25T01:46:20,arbitrage,0.25,-0.5,-0.0008784585151166979,-0.48682312227324953,RHYME_D: Range_Bound_Neutral,Low,False,100241.96,81599.07,0,0,0,False,False,False,False,
2026-05-25T01:47:21,arbitrage,0.25,-0.5,-0.0008784585151166979,-0.48682312227324953,RHYME_D: Range_Bound_Neutral,Low,False,100241.75,81599.07,0,0,0,False,False,False,False,
2026-05-25T01:48:22,arbitrage,0.25,-0.5,-0.0008784585151166979,-0.48682312227324953,RHYME_D: Range_Bound_Neutral,Low,False,100241.75,81599.07,0,0,0,False,False,False,False,
2026-05-25T01:49:23,arbitrage,0.25,-0.5,-8.968767155914659e-05,-0.4986546849266128,RHYME_D: Range_Bound_Neutral,Low,False,100241.75,81599.07,0,0,0,False,False,False,False,
2026-05-25T01:50:24,arbitrage,0.25,-0.5,-8.968767155914659e-05,-0.4986546849266128,RHYME_D: Range_Bound_Neutral,Low,False,100172.85,100172.84,0,0,0,False,False,False,False,
2026-05-25T01:51:25,arbitrage,0.25,-0.5,-8.968767155914659e-05,-0.4986546849266128,RHYME_D: Range_Bound_Neutral,Low,False,100172.85,100172.84,0,0,0,False,False,False,False,
2026-05-25T01:52:26,arbitrage,0.25,-0.5,-8.968767155914659e-05,-0.4986546849266128,RHYME_D: Range_Bound_Neutral,Low,False,100172.85,100172.84,0,0,0,False,False,False,False,
2026-05-25T01:53:27,arbitrage,0.25,-0.5,-8.968767155914659e-05,-0.4986546849266128,RHYME_D: Range_Bound_Neutral,Low,False,100172.85,100172.84,0,0,0,False,False,False,False,
2026-05-25T01:54:28,arbitrage,0.25,-0.5,-8.968767155914659e-05,-0.4986546849266128,RHYME_D: Range_Bound_Neutral,Low,False,100172.85,100172.84,0,0,0,False,False,False,False,
2026-05-25T01:55:29,arbitrage,0.25,-0.5,-8.968767155914659e-05,-0.4986546849266128,RHYME_D: Range_Bound_Neutral,Low,False,100172.85,100172.84,0,0,0,False,False,False,False,
2026-05-25T01:56:30,arbitrage,0.25,-0.5,-8.968767155914659e-05,-0.4986546849266128,RHYME_D: Range_Bound_Neutral,Low,False,100172.85,100172.84,0,0,0,False,False,False,False,
2026-05-25T01:57:32,arbitrage,0.25,-0.5,-0.0008784585151166979,-0.48682312227324953,RHYME_D: Range_Bound_Neutral,Low,False,100172.85,100172.84,0,0,0,False,False,False,False,
2026-05-25T01:58:33,arbitrage,0.25,-0.5,-0.0008784585151166979,-0.48682312227324953,RHYME_D: Range_Bound_Neutral,Low,False,100172.85,100172.84,0,0,0,False,False,False,False,
2026-05-25T01:59:34,arbitrage,0.25,-0.5,-0.0008784585151166979,-0.48682312227324953,RHYME_D: Range_Bound_Neutral,Low,False,100172.85,100172.84,0,0,0,False,False,False,False,
2026-05-25T02:00:35,arbitrage,0.25,-0.5,-0.0008784585151166979,-0.48682312227324953,RHYME_D: Range_Bound_Neutral,Low,False,100172.85,100172.84,0,0,0,False,False,False,False,
2026-05-25T02:01:09,arbitrage,0.25,-0.5,-0.0008784585151166979,-0.48682312227324953,RHYME_D: Range_Bound_Neutral,Low,False,100172.85,100172.84,0,0,0,False,False,False,False,
2026-05-25T02:02:10,arbitrage,0.25,-0.5,-0.0008784585151166979,-0.48682312227324953,RHYME_D: Range_Bound_Neutral,Low,False,100172.85,100172.84,0,0,0,False,False,False,False,
2026-05-25T02:03:11,arbitrage,0.25,-0.5,-0.0008784585151166979,-0.48682312227324953,RHYME_D: Range_Bound_Neutral,Low,False,100172.85,100172.84,0,0,0,False,False,False,False,
2026-05-25T02:04:12,arbitrage,0.25,-0.5,-0.0008784585151166979,-0.48682312227324953,RHYME_D: Range_Bound_Neutral,Low,False,100172.85,100172.84,0,0,0,False,False,False,False,
2026-05-25T02:05:13,arbitrage,0.25,-0.5,0.0011943461371866082,-0.5179151920577991,RHYME_D: Range_Bound_Neutral,Low,False,100172.85,100172.84,0,0,0,False,False,False,False,
2026-05-25T02:06:14,arbitrage,0.25,-0.5,0.0011943461371866082,-0.5179151920577991,RHYME_D: Range_Bound_Neutral,Low,False,100172.85,100172.84,0,0,0,False,False,False,False,
2026-05-25T02:07:15,arbitrage,0.25,-0.5,0.0011943461371866082,-0.5179151920577991,RHYME_D: Range_Bound_Neutral,Low,False,100172.85,100172.84,0,0,0,False,False,False,False,
2026-05-25T02:08:16,arbitrage,0.25,-0.5,0.0011943461371866082,-0.5179151920577991,RHYME_D: Range_Bound_Neutral,Low,False,100172.85,100172.84,0,0,0,False,False,False,False,
2026-05-25T02:09:17,arbitrage,0.25,-0.5,0.0011943461371866082,-0.5179151920577991,RHYME_D: Range_Bound_Neutral,Low,False,100172.85,100172.84,0,0,0,False,False,False,False,
2026-05-25T02:10:18,arbitrage,0.25,-0.5,0.0011943461371866082,-0.5179151920577991,RHYME_D: Range_Bound_Neutral,Low,False,100172.85,100172.84,0,0,0,False,False,False,False,
2026-05-25T02:11:19,arbitrage,0.25,-0.5,0.0011943461371866082,-0.5179151920577991,RHYME_D: Range_Bound_Neutral,Low,False,100172.85,100172.84,0,0,0,False,False,False,False,
2026-05-25T02:12:20,arbitrage,0.25,-0.5,0.0011943461371866082,-0.5179151920577991,RHYME_D: Range_Bound_Neutral,Low,False,100172.85,100172.84,0,0,0,False,False,False,False,
2026-05-25T02:13:21,arbitrage,0.25,-0.5,0.0011943461371866082,-0.5179151920577991,RHYME_D: Range_Bound_Neutral,Low,False,100172.85,100172.84,0,0,0,False,False,False,False,
2026-05-25T02:14:22,arbitrage,0.25,-0.5,0.0011943461371866082,-0.5179151920577991,RHYME_D: Range_Bound_Neutral,Low,False,100172.85,100172.84,0,0,0,False,False,False,False,
2026-05-25T02:15:23,arbitrage,0.25,-0.5,0.0011943461371866082,-0.5179151920577991,RHYME_D: Range_Bound_Neutral,Low,False,100172.85,100172.84,0,0,0,False,False,False,False,
2026-05-25T02:16:26,arbitrage,0.25,-0.5,-0.0008784585151166979,-0.48682312227324953,RHYME_D: Range_Bound_Neutral,Low,False,100172.85,100172.84,0,0,0,False,False,False,False,
2026-05-25T02:17:27,arbitrage,0.25,-0.5,-0.0008784585151166979,-0.48682312227324953,RHYME_D: Range_Bound_Neutral,Low,False,100172.85,100172.84,0,0,0,False,False,False,False,
2026-05-25T02:18:28,arbitrage,0.25,-0.5,-0.0008784585151166979,-0.48682312227324953,RHYME_D: Range_Bound_Neutral,Low,False,100172.85,100172.84,0,0,0,False,False,False,False,
2026-05-25T02:19:29,arbitrage,0.25,-0.5,-0.0008784585151166979,-0.48682312227324953,RHYME_D: Range_Bound_Neutral,Low,False,100172.85,100172.84,0,0,0,False,False,False,False,
2026-05-25T02:20:30,arbitrage,0.25,-0.5,0.00227904483824215,-0.5341856725736323,RHYME_D: Range_Bound_Neutral,Low,False,100172.85,100172.84,0,0,0,False,False,False,False,
2026-05-25T02:21:30,arbitrage,0.25,-0.5,0.00227904483824215,-0.5341856725736323,RHYME_D: Range_Bound_Neutral,Low,False,100172.85,100172.84,0,0,0,False,False,False,False,
2026-05-25T02:22:31,arbitrage,0.25,-0.5,0.00227904483824215,-0.5341856725736323,RHYME_D: Range_Bound_Neutral,Low,False,100172.85,100172.84,0,0,0,False,False,False,False,
2026-05-25T02:23:32,arbitrage,0.25,-0.5,0.00227904483824215,-0.5341856725736323,RHYME_D: Range_Bound_Neutral,Low,False,100172.85,100172.84,0,0,0,False,False,False,False,
2026-05-25T02:24:33,arbitrage,0.25,-0.5,0.00227904483824215,-0.5341856725736323,RHYME_D: Range_Bound_Neutral,Low,False,100172.85,100172.84,0,0,0,False,False,False,False,
2026-05-25T02:25:34,arbitrage,0.25,-0.5,0.00227904483824215,-0.5341856725736323,RHYME_D: Range_Bound_Neutral,Low,False,100172.85,100172.84,0,0,0,False,False,False,False,
2026-05-25T02:26:35,arbitrage,0.25,-0.5,0.00227904483824215,-0.5341856725736323,RHYME_D: Range_Bound_Neutral,Low,False,100172.85,100172.84,0,0,0,False,False,False,False,
2026-05-25T02:27:36,arbitrage,0.25,-0.5,0.00227904483824215,-0.5341856725736323,RHYME_D: Range_Bound_Neutral,Low,False,100172.85,100172.84,0,0,0,False,False,False,False,
2026-05-25T02:28:38,arbitrage,0.25,-0.5,0.00227904483824215,-0.5341856725736323,RHYME_D: Range_Bound_Neutral,Low,False,100172.85,100172.84,0,0,0,False,False,False,False,
2026-05-25T02:29:39,arbitrage,0.25,-0.5,0.00227904483824215,-0.5341856725736323,RHYME_D: Range_Bound_Neutral,Low,False,100172.85,100172.84,0,0,0,False,False,False,False,
2026-05-25T02:30:40,arbitrage,0.25,-0.5,0.00227904483824215,-0.5341856725736323,RHYME_D: Range_Bound_Neutral,Low,False,100172.85,100172.84,0,0,0,False,False,False,False,
2026-05-25T02:31:42,arbitrage,0.25,-0.5,-0.0008784585151166979,-0.48682312227324953,RHYME_D: Range_Bound_Neutral,Low,False,100172.85,100172.84,0,0,0,False,False,False,False,
2026-05-25T02:32:43,arbitrage,0.25,-0.5,-0.0008784585151166979,-0.48682312227324953,RHYME_D: Range_Bound_Neutral,Low,False,100172.85,100172.84,0,0,0,False,False,False,False,
2026-05-25T02:33:44,arbitrage,0.25,-0.5,-0.0008784585151166979,-0.48682312227324953,RHYME_D: Range_Bound_Neutral,Low,False,100172.85,100172.84,0,0,0,False,False,False,False,
2026-05-25T02:34:45,arbitrage,0.25,-0.5,-0.0008784585151166979,-0.48682312227324953,RHYME_D: Range_Bound_Neutral,Low,False,100172.85,100172.84,0,0,0,False,False,False,False,
2026-05-25T02:35:46,arbitrage,0.25,-0.5,-0.0004477006209645529,-0.4932844906855317,RHYME_D: Range_Bound_Neutral,Low,False,100172.85,100172.84,0,0,0,False,False,False,False,
2026-05-25T02:36:47,arbitrage,0.25,-0.5,-0.0004477006209645529,-0.4932844906855317,RHYME_D: Range_Bound_Neutral,Low,False,100172.85,100172.84,0,0,0,False,False,False,False,
2026-05-25T02:37:48,arbitrage,0.25,-0.5,-0.0004477006209645529,-0.4932844906855317,RHYME_D: Range_Bound_Neutral,Low,False,100172.85,100172.84,0,0,0,False,False,False,False,
2026-05-25T02:38:49,arbitrage,0.25,-0.5,-0.0004477006209645529,-0.4932844906855317,RHYME_D: Range_Bound_Neutral,Low,False,100172.85,100172.84,0,0,0,False,False,False,False,
2026-05-25T02:39:50,arbitrage,0.25,-0.5,-0.0004477006209645529,-0.4932844906855317,RHYME_D: Range_Bound_Neutral,Low,False,100172.85,100172.84,0,0,0,False,False,False,False,
2026-05-25T02:40:51,arbitrage,0.25,-0.5,-0.0004477006209645529,-0.4932844906855317,RHYME_D: Range_Bound_Neutral,Low,False,100172.85,100172.84,0,0,0,False,False,False,False,
2026-05-25T02:41:52,arbitrage,0.25,-0.5,-0.0004477006209645529,-0.4932844906855317,RHYME_D: Range_Bound_Neutral,Low,False,100172.85,100172.84,0,0,0,False,False,False,False,
2026-05-25T02:42:53,arbitrage,0.25,-0.5,-0.0004477006209645529,-0.4932844906855317,RHYME_D: Range_Bound_Neutral,Low,False,100172.85,100172.84,0,0,0,False,False,False,False,
2026-05-25T02:43:54,arbitrage,0.25,-0.5,-0.0004477006209645529,-0.4932844906855317,RHYME_D: Range_Bound_Neutral,Low,False,100172.85,100172.84,0,0,0,False,False,False,False,
2026-05-25T02:44:55,arbitrage,0.25,-0.5,-0.0004477006209645529,-0.4932844906855317,RHYME_D: Range_Bound_Neutral,Low,False,100172.85,100172.84,0,0,0,False,False,False,False,
2026-05-25T02:45:56,arbitrage,0.25,-0.5,-0.0004477006209645529,-0.4932844906855317,RHYME_D: Range_Bound_Neutral,Low,False,100172.85,100172.84,0,0,0,False,False,False,False,
2026-05-25T02:46:59,arbitrage,0.25,-0.5,-0.0008784585151166979,-0.48682312227324953,RHYME_D: Range_Bound_Neutral,Low,False,100172.85,100172.84,0,0,0,False,False,False,False,
2026-05-25T02:48:00,arbitrage,0.25,-0.5,-0.0008784585151166979,-0.48682312227324953,RHYME_D: Range_Bound_Neutral,Low,False,100172.85,100172.84,0,0,0,False,False,False,False,
2026-05-25T02:49:01,arbitrage,0.25,-0.5,-0.0008784585151166979,-0.48682312227324953,RHYME_D: Range_Bound_Neutral,Low,False,100172.85,100172.84,0,0,0,False,False,False,False,
2026-05-25T02:50:02,arbitrage,0.25,-0.5,-0.0008784585151166979,-0.48682312227324953,RHYME_D: Range_Bound_Neutral,Low,False,100172.85,100172.84,0,0,0,False,False,False,False,
2026-05-25T02:51:03,arbitrage,0.25,-0.5,-0.0001839890374939479,-0.4972401644375908,RHYME_D: Range_Bound_Neutral,Low,False,100172.85,100172.84,0,0,0,False,False,False,False,
2026-05-25T02:52:04,arbitrage,0.25,-0.5,-0.0001839890374939479,-0.4972401644375908,RHYME_D: Range_Bound_Neutral,Low,False,100172.85,100172.84,0,0,0,False,False,False,False,
2026-05-25T02:53:04,arbitrage,0.25,-0.5,-0.0001839890374939479,-0.4972401644375908,RHYME_D: Range_Bound_Neutral,Low,False,100172.85,100172.84,0,0,0,False,False,False,False,
2026-05-25T02:54:05,arbitrage,0.25,-0.5,-0.0001839890374939479,-0.4972401644375908,RHYME_D: Range_Bound_Neutral,Low,False,100172.85,100172.84,0,0,0,False,False,False,False,
2026-05-25T02:55:06,arbitrage,0.25,-0.5,-0.0001839890374939479,-0.4972401644375908,RHYME_D: Range_Bound_Neutral,Low,False,100172.85,100172.84,0,0,0,False,False,False,False,
2026-05-25T02:56:07,arbitrage,0.25,-0.5,-0.0001839890374939479,-0.4972401644375908,RHYME_D: Range_Bound_Neutral,Low,False,100172.85,100172.84,0,0,0,False,False,False,False,
2026-05-25T02:57:08,arbitrage,0.25,-0.5,-0.0001839890374939479,-0.4972401644375908,RHYME_D: Range_Bound_Neutral,Low,False,100172.85,100172.84,0,0,0,False,False,False,False,
2026-05-25T02:58:09,arbitrage,0.25,-0.5,-0.0001839890374939479,-0.4972401644375908,RHYME_D: Range_Bound_Neutral,Low,False,100172.85,100172.84,0,0,0,False,False,False,False,
2026-05-25T02:59:10,arbitrage,0.25,-0.5,-0.0001839890374939479,-0.4972401644375908,RHYME_D: Range_Bound_Neutral,Low,False,100172.85,100172.84,0,0,0,False,False,False,False,
2026-05-25T03:00:11,arbitrage,0.25,-0.5,-0.0001839890374939479,-0.4972401644375908,RHYME_D: Range_Bound_Neutral,Low,False,100172.85,100172.84,0,0,0,False,False,False,False,
2026-05-25T03:01:12,arbitrage,0.25,-0.5,-0.0001839890374939479,-0.4972401644375908,RHYME_D: Range_Bound_Neutral,Low,False,100172.85,100172.84,0,0,0,False,False,False,False,
2026-05-25T03:02:15,arbitrage,0.25,-0.5,-0.0008784585151166979,-0.48682312227324953,RHYME_D: Range_Bound_Neutral,Low,False,100172.85,100172.84,0,0,0,False,False,False,False,
2026-05-25T03:03:16,arbitrage,0.25,-0.5,-0.0008784585151166979,-0.48682312227324953,RHYME_D: Range_Bound_Neutral,Low,False,100172.85,100172.84,0,0,0,False,False,False,False,
2026-05-25T03:04:17,arbitrage,0.25,-0.5,-0.0008784585151166979,-0.48682312227324953,RHYME_D: Range_Bound_Neutral,Low,False,100172.85,100172.84,0,0,0,False,False,False,False,
2026-05-25T03:05:18,arbitrage,0.25,-0.5,-0.0008784585151166979,-0.48682312227324953,RHYME_D: Range_Bound_Neutral,Low,False,100172.85,100172.84,0,0,0,False,False,False,False,
2026-05-25T03:06:19,arbitrage,0.25,-0.5,0.0010647236342691269,-0.5159708545140369,RHYME_D: Range_Bound_Neutral,Low,False,100172.85,100172.84,0,0,0,False,False,False,False,
2026-05-25T03:07:20,arbitrage,0.25,-0.5,0.0010647236342691269,-0.5159708545140369,RHYME_D: Range_Bound_Neutral,Low,False,100172.85,100172.84,0,0,0,False,False,False,False,
2026-05-25T03:08:21,arbitrage,0.25,-0.5,0.0010647236342691269,-0.5159708545140369,RHYME_D: Range_Bound_Neutral,Low,False,100172.85,100172.84,0,0,0,False,False,False,False,
2026-05-25T03:09:22,arbitrage,0.25,-0.5,0.0010647236342691269,-0.5159708545140369,RHYME_D: Range_Bound_Neutral,Low,False,100172.85,100172.84,0,0,0,False,False,False,False,
2026-05-25T03:10:23,arbitrage,0.25,-0.5,0.0010647236342691269,-0.5159708545140369,RHYME_D: Range_Bound_Neutral,Low,False,100172.85,100172.84,0,0,0,False,False,False,False,
2026-05-25T03:11:24,arbitrage,0.25,-0.5,0.0010647236342691269,-0.5159708545140369,RHYME_D: Range_Bound_Neutral,Low,False,100172.85,100172.84,0,0,0,False,False,False,False,
2026-05-25T03:12:25,arbitrage,0.25,-0.5,0.0010647236342691269,-0.5159708545140369,RHYME_D: Range_Bound_Neutral,Low,False,100172.85,100172.84,0,0,0,False,False,False,False,
2026-05-25T03:13:26,arbitrage,0.25,-0.5,0.0010647236342691269,-0.5159708545140369,RHYME_D: Range_Bound_Neutral,Low,False,100172.85,100172.84,0,0,0,False,False,False,False,
2026-05-25T03:14:27,arbitrage,0.25,-0.5,0.0010647236342691269,-0.5159708545140369,RHYME_D: Range_Bound_Neutral,Low,False,100172.85,100172.84,0,0,0,False,False,False,False,
2026-05-25T03:15:28,arbitrage,0.25,-0.5,0.0010647236342691269,-0.5159708545140369,RHYME_D: Range_Bound_Neutral,Low,False,100172.85,100172.84,0,0,0,False,False,False,False,
2026-05-25T03:16:29,arbitrage,0.25,-0.5,0.0010647236342691269,-0.5159708545140369,RHYME_D: Range_Bound_Neutral,Low,False,100172.85,100172.84,0,0,0,False,False,False,False,
2026-05-25T03:17:31,arbitrage,0.25,-0.5,-0.0008784585151166979,-0.48682312227324953,RHYME_D: Range_Bound_Neutral,Low,False,100172.85,100172.84,0,0,0,False,False,False,False,
2026-05-25T03:18:32,arbitrage,0.25,-0.5,-0.0008784585151166979,-0.48682312227324953,RHYME_D: Range_Bound_Neutral,Low,False,100172.85,100172.84,0,0,0,False,False,False,False,
2026-05-25T03:19:33,arbitrage,0.25,-0.5,-0.0008784585151166979,-0.48682312227324953,RHYME_D: Range_Bound_Neutral,Low,False,100172.85,100172.84,0,0,0,False,False,False,False,
2026-05-25T03:20:34,arbitrage,0.25,-0.5,-0.0008784585151166979,-0.48682312227324953,RHYME_D: Range_Bound_Neutral,Low,False,100172.85,100172.84,0,0,0,False,False,False,False,
2026-05-25T03:21:35,arbitrage,0.25,-0.5,-0.0008784585151166979,-0.48682312227324953,RHYME_D: Range_Bound_Neutral,Low,False,100172.85,100172.84,0,0,0,False,False,False,False,
2026-05-25T03:22:36,arbitrage,0.25,-0.5,0.0010720569450586304,-0.5160808541758795,RHYME_D: Range_Bound_Neutral,Low,False,100172.85,100172.84,0,0,0,False,False,False,False,
2026-05-25T03:23:37,arbitrage,0.25,-0.5,0.0010720569450586304,-0.5160808541758795,RHYME_D: Range_Bound_Neutral,Low,False,100172.85,100172.84,0,0,0,False,False,False,False,
2026-05-25T03:24:38,arbitrage,0.25,-0.5,0.0010720569450586304,-0.5160808541758795,RHYME_D: Range_Bound_Neutral,Low,False,100172.85,100172.84,0,0,0,False,False,False,False,
2026-05-25T03:25:39,arbitrage,0.25,-0.5,0.0010720569450586304,-0.5160808541758795,RHYME_D: Range_Bound_Neutral,Low,False,100172.85,100172.84,0,0,0,False,False,False,False,
2026-05-25T03:26:40,arbitrage,0.25,-0.5,0.0010720569450586304,-0.5160808541758795,RHYME_D: Range_Bound_Neutral,Low,False,100172.85,100172.84,0,0,0,False,False,False,False,
2026-05-25T03:27:41,arbitrage,0.25,-0.5,0.0010720569450586304,-0.5160808541758795,RHYME_D: Range_Bound_Neutral,Low,False,100172.85,100172.84,0,0,0,False,False,False,False,
2026-05-25T03:28:42,arbitrage,0.25,-0.5,0.0010720569450586304,-0.5160808541758795,RHYME_D: Range_Bound_Neutral,Low,False,100172.85,100172.84,0,0,0,False,False,False,False,
2026-05-25T03:29:43,arbitrage,0.25,-0.5,0.0010720569450586304,-0.5160808541758795,RHYME_D: Range_Bound_Neutral,Low,False,100172.85,100172.84,0,0,0,False,False,False,False,
2026-05-25T03:30:44,arbitrage,0.25,-0.5,0.0010720569450586304,-0.5160808541758795,RHYME_D: Range_Bound_Neutral,Low,False,100172.85,100172.84,0,0,0,False,False,False,False,
2026-05-25T03:31:45,arbitrage,0.25,-0.5,0.0010720569450586304,-0.5160808541758795,RHYME_D: Range_Bound_Neutral,Low,False,100172.85,100172.84,0,0,0,False,False,False,False,
2026-05-25T03:32:48,arbitrage,0.25,-0.5,-0.0008784585151166979,-0.48682312227324953,RHYME_D: Range_Bound_Neutral,Low,False,100172.85,100172.84,0,0,0,False,False,False,False,
2026-05-25T03:33:49,arbitrage,0.25,-0.5,-0.0008784585151166979,-0.48682312227324953,RHYME_D: Range_Bound_Neutral,Low,False,100172.85,100172.84,0,0,0,False,False,False,False,
2026-05-25T03:34:50,arbitrage,0.25,-0.5,-0.0008784585151166979,-0.48682312227324953,RHYME_D: Range_Bound_Neutral,Low,False,100172.85,100172.84,0,0,0,False,False,False,False,
2026-05-25T03:35:51,arbitrage,0.25,-0.5,-0.0008784585151166979,-0.48682312227324953,RHYME_D: Range_Bound_Neutral,Low,False,100172.85,100172.84,0,0,0,False,False,False,False,
2026-05-25T03:36:52,arbitrage,0.25,-0.5,-0.0008784585151166979,-0.48682312227324953,RHYME_D: Range_Bound_Neutral,Low,False,100172.85,100172.84,0,0,0,False,False,False,False,
2026-05-25T03:37:53,arbitrage,0.25,-0.5,-0.00014297572492305566,-0.49785536412615417,RHYME_D: Range_Bound_Neutral,Low,False,100172.85,100172.84,0,0,0,False,False,False,False,
2026-05-25T03:38:54,arbitrage,0.25,-0.5,-0.00014297572492305566,-0.49785536412615417,RHYME_D: Range_Bound_Neutral,Low,False,100172.85,100172.84,0,0,0,False,False,False,False,
2026-05-25T03:39:55,arbitrage,0.25,-0.5,-0.00014297572492305566,-0.49785536412615417,RHYME_D: Range_Bound_Neutral,Low,False,100172.85,100172.84,0,0,0,False,False,False,False,
2026-05-25T03:40:56,arbitrage,0.25,-0.5,-0.00014297572492305566,-0.49785536412615417,RHYME_D: Range_Bound_Neutral,Low,False,100172.85,100172.84,0,0,0,False,False,False,False,
2026-05-25T03:41:57,arbitrage,0.25,-0.5,-0.00014297572492305566,-0.49785536412615417,RHYME_D: Range_Bound_Neutral,Low,False,100172.85,100172.84,0,0,0,False,False,False,False,
2026-05-25T03:42:58,arbitrage,0.25,-0.5,-0.00014297572492305566,-0.49785536412615417,RHYME_D: Range_Bound_Neutral,Low,False,100172.85,100172.84,0,0,0,False,False,False,False,
2026-05-25T03:43:59,arbitrage,0.25,-0.5,-0.00014297572492305566,-0.49785536412615417,RHYME_D: Range_Bound_Neutral,Low,False,100172.85,100172.84,0,0,0,False,False,False,False,
2026-05-25T03:45:00,arbitrage,0.25,-0.5,-0.00014297572492305566,-0.49785536412615417,RHYME_D: Range_Bound_Neutral,Low,False,100172.85,100172.84,0,0,0,False,False,False,False,
2026-05-25T03:46:01,arbitrage,0.25,-0.5,-0.00014297572492305566,-0.49785536412615417,RHYME_D: Range_Bound_Neutral,Low,False,100172.85,100172.84,0,0,0,False,False,False,False,
2026-05-25T03:47:02,arbitrage,0.25,-0.5,-0.00014297572492305566,-0.49785536412615417,RHYME_D: Range_Bound_Neutral,Low,False,100172.85,100172.84,0,0,0,False,False,False,False,
2026-05-25T03:48:04,arbitrage,0.25,-0.5,-0.0008784585151166979,-0.48682312227324953,RHYME_D: Range_Bound_Neutral,Low,False,100172.85,100172.84,0,0,0,False,False,False,False,
2026-05-25T03:49:05,arbitrage,0.25,-0.5,-0.0008784585151166979,-0.48682312227324953,RHYME_D: Range_Bound_Neutral,Low,False,100172.85,100172.84,0,0,0,False,False,False,False,
2026-05-25T03:50:06,arbitrage,0.25,-0.5,-0.0008784585151166979,-0.48682312227324953,RHYME_D: Range_Bound_Neutral,Low,False,100172.85,100172.84,0,0,0,False,False,False,False,
2026-05-25T03:51:07,arbitrage,0.25,-0.5,-0.0008784585151166979,-0.48682312227324953,RHYME_D: Range_Bound_Neutral,Low,False,100172.85,100172.84,0,0,0,False,False,False,False,
2026-05-25T03:52:08,arbitrage,0.25,-0.5,-0.0008784585151166979,-0.48682312227324953,RHYME_D: Range_Bound_Neutral,Low,False,100172.85,100172.84,0,0,0,False,False,False,False,
2026-05-25T03:53:09,arbitrage,0.25,-0.5,0.0012948502125917916,-0.5194227531888769,RHYME_D: Range_Bound_Neutral,Low,False,100172.85,100172.84,0,0,0,False,False,False,False,
2026-05-25T03:54:10,arbitrage,0.25,-0.5,0.0012948502125917916,-0.5194227531888769,RHYME_D: Range_Bound_Neutral,Low,False,100172.85,100172.84,0,0,0,False,False,False,False,
2026-05-25T03:55:11,arbitrage,0.25,-0.5,0.0012948502125917916,-0.5194227531888769,RHYME_D: Range_Bound_Neutral,Low,False,100172.85,100172.84,0,0,0,False,False,False,False,
2026-05-25T03:56:12,arbitrage,0.25,-0.5,0.0012948502125917916,-0.5194227531888769,RHYME_D: Range_Bound_Neutral,Low,False,100172.85,100172.84,0,0,0,False,False,False,False,
2026-05-25T03:57:13,arbitrage,0.25,-0.5,0.0012948502125917916,-0.5194227531888769,RHYME_D: Range_Bound_Neutral,Low,False,100172.85,100172.84,0,0,0,False,False,False,False,
2026-05-25T03:58:14,arbitrage,0.25,-0.5,0.0012948502125917916,-0.5194227531888769,RHYME_D: Range_Bound_Neutral,Low,False,100172.85,100172.84,0,0,0,False,False,False,False,
2026-05-25T03:59:15,arbitrage,0.25,-0.5,0.0012948502125917916,-0.5194227531888769,RHYME_D: Range_Bound_Neutral,Low,False,100172.85,100172.84,0,0,0,False,False,False,False,
2026-05-25T04:00:16,arbitrage,0.25,-0.5,0.0012948502125917916,-0.5194227531888769,RHYME_D: Range_Bound_Neutral,Low,False,100172.85,100172.84,0,0,0,False,False,False,False,
2026-05-25T04:01:17,arbitrage,0.25,-0.5,0.0012948502125917916,-0.5194227531888769,RHYME_D: Range_Bound_Neutral,Low,False,100172.85,100172.84,0,0,0,False,False,False,False,
2026-05-25T04:02:18,arbitrage,0.25,-0.5,0.0012948502125917916,-0.5194227531888769,RHYME_D: Range_Bound_Neutral,Low,False,100172.85,100172.84,0,0,0,False,False,False,False,
2026-05-25T04:03:21,arbitrage,0.25,-0.5,-0.0008784585151166979,-0.48682312227324953,RHYME_D: Range_Bound_Neutral,Low,False,100172.85,100172.84,0,0,0,False,False,False,False,
2026-05-25T04:04:22,arbitrage,0.25,-0.5,-0.0008784585151166979,-0.48682312227324953,RHYME_D: Range_Bound_Neutral,Low,False,100172.85,100172.84,0,0,0,False,False,False,False,
2026-05-25T04:05:23,arbitrage,0.25,-0.5,-0.0008784585151166979,-0.48682312227324953,RHYME_D: Range_Bound_Neutral,Low,False,100172.85,100172.84,0,0,0,False,False,False,False,
2026-05-25T04:06:24,arbitrage,0.25,-0.5,-0.0008784585151166979,-0.48682312227324953,RHYME_D: Range_Bound_Neutral,Low,False,100172.85,100172.84,0,0,0,False,False,False,False,
2026-05-25T04:07:25,arbitrage,0.25,-0.5,-0.0008784585151166979,-0.48682312227324953,RHYME_D: Range_Bound_Neutral,Low,False,100172.85,100172.84,0,0,0,False,False,False,False,
2026-05-25T04:08:26,arbitrage,0.25,-0.5,0.002215671268780417,-0.5332350690317063,RHYME_D: Range_Bound_Neutral,Low,False,100172.85,100172.84,0,0,0,False,False,False,False,
2026-05-25T04:09:27,arbitrage,0.25,-0.5,0.002215671268780417,-0.5332350690317063,RHYME_D: Range_Bound_Neutral,Low,False,100172.85,100172.84,0,0,0,False,False,False,False,
2026-05-25T04:10:28,arbitrage,0.25,-0.5,0.002215671268780417,-0.5332350690317063,RHYME_D: Range_Bound_Neutral,Low,False,100172.85,100172.84,0,0,0,False,False,False,False,
2026-05-25T04:11:29,arbitrage,0.25,-0.5,0.002215671268780417,-0.5332350690317063,RHYME_D: Range_Bound_Neutral,Low,False,100172.85,100172.84,0,0,0,False,False,False,False,
2026-05-25T04:12:30,arbitrage,0.25,-0.5,0.002215671268780417,-0.5332350690317063,RHYME_D: Range_Bound_Neutral,Low,False,100172.85,100172.84,0,0,0,False,False,False,False,
2026-05-25T04:13:31,arbitrage,0.25,-0.5,0.002215671268780417,-0.5332350690317063,RHYME_D: Range_Bound_Neutral,Low,False,100172.85,100172.84,0,0,0,False,False,False,False,
2026-05-25T04:14:32,arbitrage,0.25,-0.5,0.002215671268780417,-0.5332350690317063,RHYME_D: Range_Bound_Neutral,Low,False,100172.85,100172.84,0,0,0,False,False,False,False,
2026-05-25T04:15:33,arbitrage,0.25,-0.5,0.002215671268780417,-0.5332350690317063,RHYME_D: Range_Bound_Neutral,Low,False,100172.85,100172.84,0,0,0,False,False,False,False,
2026-05-25T04:16:34,arbitrage,0.25,-0.5,0.002215671268780417,-0.5332350690317063,RHYME_D: Range_Bound_Neutral,Low,False,100172.85,100172.84,0,0,0,False,False,False,False,
2026-05-25T04:17:35,arbitrage,0.25,-0.5,0.002215671268780417,-0.5332350690317063,RHYME_D: Range_Bound_Neutral,Low,False,100172.85,100172.84,0,0,0,False,False,False,False,
2026-05-25T04:18:37,arbitrage,0.25,-0.5,-0.0008784585151166979,-0.48682312227324953,RHYME_D: Range_Bound_Neutral,Low,False,100172.85,100172.84,0,0,0,False,False,False,False,
2026-05-25T04:19:38,arbitrage,0.25,-0.5,-0.0008784585151166979,-0.48682312227324953,RHYME_D: Range_Bound_Neutral,Low,False,100172.85,100172.84,0,0,0,False,False,False,False,
2026-05-25T04:20:39,arbitrage,0.25,-0.5,-0.0008784585151166979,-0.48682312227324953,RHYME_D: Range_Bound_Neutral,Low,False,100172.85,100172.84,0,0,0,False,False,False,False,
2026-05-25T04:21:40,arbitrage,0.25,-0.5,-0.0008784585151166979,-0.48682312227324953,RHYME_D: Range_Bound_Neutral,Low,False,100172.85,100172.84,0,0,0,False,False,False,False,
2026-05-25T04:22:41,arbitrage,0.25,-0.5,-0.0008784585151166979,-0.48682312227324953,RHYME_D: Range_Bound_Neutral,Low,False,100172.85,100172.84,0,0,0,False,False,False,False,
2026-05-25T04:23:42,arbitrage,0.25,-0.5,0.0019431042692670264,-0.5291465640390054,RHYME_D: Range_Bound_Neutral,Low,False,100172.85,100172.84,0,0,0,False,False,False,False,
2026-05-25T04:24:43,arbitrage,0.25,-0.5,0.0019431042692670264,-0.5291465640390054,RHYME_D: Range_Bound_Neutral,Low,False,100172.85,100172.84,0,0,0,False,False,False,False,
2026-05-25T04:25:44,arbitrage,0.25,-0.5,0.0019431042692670264,-0.5291465640390054,RHYME_D: Range_Bound_Neutral,Low,False,100172.85,100172.84,0,0,0,False,False,False,False,
2026-05-25T04:26:45,arbitrage,0.25,-0.5,0.0019431042692670264,-0.5291465640390054,RHYME_D: Range_Bound_Neutral,Low,False,100172.85,100172.84,0,0,0,False,False,False,False,
2026-05-25T04:27:46,arbitrage,0.25,-0.5,0.0019431042692670264,-0.5291465640390054,RHYME_D: Range_Bound_Neutral,Low,False,100172.85,100172.84,0,0,0,False,False,False,False,
2026-05-25T04:28:47,arbitrage,0.25,-0.5,0.0019431042692670264,-0.5291465640390054,RHYME_D: Range_Bound_Neutral,Low,False,100172.85,100172.84,0,0,0,False,False,False,False,
2026-05-25T04:29:48,arbitrage,0.25,-0.5,0.0019431042692670264,-0.5291465640390054,RHYME_D: Range_Bound_Neutral,Low,False,100172.85,100172.84,0,0,0,False,False,False,False,
2026-05-25T04:30:49,arbitrage,0.25,-0.5,0.0019431042692670264,-0.5291465640390054,RHYME_D: Range_Bound_Neutral,Low,False,100172.85,100172.84,0,0,0,False,False,False,False,
2026-05-25T04:31:50,arbitrage,0.25,-0.5,0.0019431042692670264,-0.5291465640390054,RHYME_D: Range_Bound_Neutral,Low,False,100172.85,100172.84,0,0,0,False,False,False,False,
2026-05-25T04:32:51,arbitrage,0.25,-0.5,0.0019431042692670264,-0.5291465640390054,RHYME_D: Range_Bound_Neutral,Low,False,100172.85,100172.84,0,0,0,False,False,False,False,
2026-05-25T04:33:54,arbitrage,0.25,-0.5,-0.0008784585151166979,-0.48682312227324953,RHYME_D: Range_Bound_Neutral,Low,False,100172.85,100172.84,0,0,0,False,False,False,False,
2026-05-25T04:34:55,arbitrage,0.25,-0.5,-0.0008784585151166979,-0.48682312227324953,RHYME_D: Range_Bound_Neutral,Low,False,100172.85,100172.84,0,0,0,False,False,False,False,
2026-05-25T04:35:56,arbitrage,0.25,-0.5,-0.0008784585151166979,-0.48682312227324953,RHYME_D: Range_Bound_Neutral,Low,False,100172.85,100172.84,0,0,0,False,False,False,False,
2026-05-25T04:36:57,arbitrage,0.25,-0.5,-0.0008784585151166979,-0.48682312227324953,RHYME_D: Range_Bound_Neutral,Low,False,100172.85,100172.84,0,0,0,False,False,False,False,
2026-05-25T04:37:58,arbitrage,0.25,-0.5,-0.0008784585151166979,-0.48682312227324953,RHYME_D: Range_Bound_Neutral,Low,False,100172.85,100172.84,0,0,0,False,False,False,False,
2026-05-25T04:38:59,arbitrage,0.25,-0.5,0.0018106987632295901,-0.5271604814484439,RHYME_D: Range_Bound_Neutral,Low,False,100172.85,100172.84,0,0,0,False,False,False,False,
2026-05-25T04:40:00,arbitrage,0.25,-0.5,0.0018106987632295901,-0.5271604814484439,RHYME_D: Range_Bound_Neutral,Low,False,100172.85,100172.84,0,0,0,False,False,False,False,
2026-05-25T04:41:01,arbitrage,0.25,-0.5,0.0018106987632295901,-0.5271604814484439,RHYME_D: Range_Bound_Neutral,Low,False,100172.85,100172.84,0,0,0,False,False,False,False,
2026-05-25T04:42:02,arbitrage,0.25,-0.5,0.0018106987632295901,-0.5271604814484439,RHYME_D: Range_Bound_Neutral,Low,False,100172.85,100172.84,0,0,0,False,False,False,False,
2026-05-25T04:43:03,arbitrage,0.25,-0.5,0.0018106987632295901,-0.5271604814484439,RHYME_D: Range_Bound_Neutral,Low,False,100172.85,100172.84,0,0,0,False,False,False,False,
2026-05-25T04:44:04,arbitrage,0.25,-0.5,0.0018106987632295901,-0.5271604814484439,RHYME_D: Range_Bound_Neutral,Low,False,100172.85,100172.84,0,0,0,False,False,False,False,
2026-05-25T04:45:05,arbitrage,0.25,-0.5,0.0018106987632295901,-0.5271604814484439,RHYME_D: Range_Bound_Neutral,Low,False,100172.85,100172.84,0,0,0,False,False,False,False,
2026-05-25T04:46:06,arbitrage,0.25,-0.5,0.0018106987632295901,-0.5271604814484439,RHYME_D: Range_Bound_Neutral,Low,False,100172.85,100172.84,0,0,0,False,False,False,False,
2026-05-25T04:47:07,arbitrage,0.25,-0.5,0.0018106987632295901,-0.5271604814484439,RHYME_D: Range_Bound_Neutral,Low,False,100172.85,100172.84,0,0,0,False,False,False,False,
2026-05-25T04:48:08,arbitrage,0.25,-0.5,0.0018106987632295901,-0.5271604814484439,RHYME_D: Range_Bound_Neutral,Low,False,100172.85,100172.84,0,0,0,False,False,False,False,
2026-05-25T04:49:10,arbitrage,0.25,-0.5,-0.0008784585151166979,-0.48682312227324953,RHYME_D: Range_Bound_Neutral,Low,False,100172.85,100172.84,0,0,0,False,False,False,False,
2026-05-25T04:50:11,arbitrage,0.25,-0.5,-0.0008784585151166979,-0.48682312227324953,RHYME_D: Range_Bound_Neutral,Low,False,100172.85,100172.84,0,0,0,False,False,False,False,
2026-05-25T04:51:12,arbitrage,0.25,-0.5,-0.0008784585151166979,-0.48682312227324953,RHYME_D: Range_Bound_Neutral,Low,False,100172.85,100172.84,0,0,0,False,False,False,False,
2026-05-25T04:52:13,arbitrage,0.25,-0.5,-0.0008784585151166979,-0.48682312227324953,RHYME_D: Range_Bound_Neutral,Low,False,100172.85,100172.84,0,0,0,False,False,False,False,
2026-05-25T04:53:14,arbitrage,0.25,-0.5,-0.0008784585151166979,-0.48682312227324953,RHYME_D: Range_Bound_Neutral,Low,False,100172.85,100172.84,0,0,0,False,False,False,False,
2026-05-25T04:54:15,arbitrage,0.25,-0.5,-0.0008784585151166979,-0.48682312227324953,RHYME_D: Range_Bound_Neutral,Low,False,100172.85,100172.84,0,0,0,False,False,False,False,
2026-05-25T04:55:16,arbitrage,0.25,-0.5,0.001816896964163206,-0.5272534544624481,RHYME_D: Range_Bound_Neutral,Low,False,100172.85,100172.84,0,0,0,False,False,False,False,
2026-05-25T04:56:17,arbitrage,0.25,-0.5,0.001816896964163206,-0.5272534544624481,RHYME_D: Range_Bound_Neutral,Low,False,100172.85,100172.84,0,0,0,False,False,False,False,
2026-05-25T04:57:18,arbitrage,0.25,-0.5,0.001816896964163206,-0.5272534544624481,RHYME_D: Range_Bound_Neutral,Low,False,100172.85,100172.84,0,0,0,False,False,False,False,
2026-05-25T04:58:19,arbitrage,0.25,-0.5,0.001816896964163206,-0.5272534544624481,RHYME_D: Range_Bound_Neutral,Low,False,100172.85,100172.84,0,0,0,False,False,False,False,
2026-05-25T04:59:20,arbitrage,0.25,-0.5,0.001816896964163206,-0.5272534544624481,RHYME_D: Range_Bound_Neutral,Low,False,100172.85,100172.84,0,0,0,False,False,False,False,
2026-05-25T05:00:21,arbitrage,0.25,-0.5,0.001816896964163206,-0.5272534544624481,RHYME_D: Range_Bound_Neutral,Low,False,100172.85,100172.84,0,0,0,False,False,False,False,
2026-05-25T05:01:22,arbitrage,0.25,-0.5,0.001816896964163206,-0.5272534544624481,RHYME_D: Range_Bound_Neutral,Low,False,100172.85,100172.84,0,0,0,False,False,False,False,
2026-05-25T05:02:23,arbitrage,0.25,-0.5,0.001816896964163206,-0.5272534544624481,RHYME_D: Range_Bound_Neutral,Low,False,100172.85,100172.84,0,0,0,False,False,False,False,
2026-05-25T05:03:24,arbitrage,0.25,-0.5,0.001816896964163206,-0.5272534544624481,RHYME_D: Range_Bound_Neutral,Low,False,100172.85,100172.84,0,0,0,False,False,False,False,
2026-05-25T05:04:27,arbitrage,0.25,-0.5,-0.0008784585151166979,-0.48682312227324953,RHYME_D: Range_Bound_Neutral,Low,False,100172.85,100172.84,0,0,0,False,False,False,False,
2026-05-25T05:05:28,arbitrage,0.25,-0.5,-0.0008784585151166979,-0.48682312227324953,RHYME_D: Range_Bound_Neutral,Low,False,100172.85,100172.84,0,0,0,False,False,False,False,
2026-05-25T05:06:29,arbitrage,0.25,-0.5,-0.0008784585151166979,-0.48682312227324953,RHYME_D: Range_Bound_Neutral,Low,False,100172.85,100172.84,0,0,0,False,False,False,False,
2026-05-25T05:07:30,arbitrage,0.25,-0.5,-0.0008784585151166979,-0.48682312227324953,RHYME_D: Range_Bound_Neutral,Low,False,100172.85,100172.84,0,0,0,False,False,False,False,
2026-05-25T05:08:31,arbitrage,0.25,-0.5,-0.0008784585151166979,-0.48682312227324953,RHYME_D: Range_Bound_Neutral,Low,False,100172.85,100172.84,0,0,0,False,False,False,False,
2026-05-25T05:09:32,arbitrage,0.25,-0.5,-0.0008784585151166979,-0.48682312227324953,RHYME_D: Range_Bound_Neutral,Low,False,100172.85,100172.84,0,0,0,False,False,False,False,
2026-05-25T05:10:33,arbitrage,0.25,-0.5,0.000581528583764479,-0.5087229287564672,RHYME_D: Range_Bound_Neutral,Low,False,100172.85,100172.84,0,0,0,False,False,False,False,
2026-05-25T05:11:34,arbitrage,0.25,-0.5,0.000581528583764479,-0.5087229287564672,RHYME_D: Range_Bound_Neutral,Low,False,100172.85,100172.84,0,0,0,False,False,False,False,
2026-05-25T05:12:35,arbitrage,0.25,-0.5,0.000581528583764479,-0.5087229287564672,RHYME_D: Range_Bound_Neutral,Low,False,100172.85,100172.84,0,0,0,False,False,False,False,
2026-05-25T05:13:36,arbitrage,0.25,-0.5,0.000581528583764479,-0.5087229287564672,RHYME_D: Range_Bound_Neutral,Low,False,100172.85,100172.84,0,0,0,False,False,False,False,
2026-05-25T05:14:37,arbitrage,0.25,-0.5,0.000581528583764479,-0.5087229287564672,RHYME_D: Range_Bound_Neutral,Low,False,100172.85,100172.84,0,0,0,False,False,False,False,
2026-05-25T05:15:38,arbitrage,0.25,-0.5,0.000581528583764479,-0.5087229287564672,RHYME_D: Range_Bound_Neutral,Low,False,100172.85,100172.84,0,0,0,False,False,False,False,
2026-05-25T05:16:39,arbitrage,0.25,-0.5,0.000581528583764479,-0.5087229287564672,RHYME_D: Range_Bound_Neutral,Low,False,100172.85,100172.84,0,0,0,False,False,False,False,
2026-05-25T05:17:40,arbitrage,0.25,-0.5,0.000581528583764479,-0.5087229287564672,RHYME_D: Range_Bound_Neutral,Low,False,100172.85,100172.84,0,0,0,False,False,False,False,
2026-05-25T05:18:41,arbitrage,0.25,-0.5,0.000581528583764479,-0.5087229287564672,RHYME_D: Range_Bound_Neutral,Low,False,100172.85,100172.84,0,0,0,False,False,False,False,
2026-05-25T05:19:44,arbitrage,0.25,-0.5,-0.0008784585151166979,-0.48682312227324953,RHYME_D: Range_Bound_Neutral,Low,False,100172.85,100172.84,0,0,0,False,False,False,False,
2026-05-25T05:20:45,arbitrage,0.25,-0.5,-0.0008784585151166979,-0.48682312227324953,RHYME_D: Range_Bound_Neutral,Low,False,100172.85,100172.84,0,0,0,False,False,False,False,
2026-05-25T05:21:46,arbitrage,0.25,-0.5,-0.0008784585151166979,-0.48682312227324953,RHYME_D: Range_Bound_Neutral,Low,False,100172.85,100172.84,0,0,0,False,False,False,False,
2026-05-25T05:22:47,arbitrage,0.25,-0.5,-0.0008784585151166979,-0.48682312227324953,RHYME_D: Range_Bound_Neutral,Low,False,100172.85,100172.84,0,0,0,False,False,False,False,
2026-05-25T05:23:47,arbitrage,0.25,-0.5,-0.0008784585151166979,-0.48682312227324953,RHYME_D: Range_Bound_Neutral,Low,False,100172.85,100172.84,0,0,0,False,False,False,False,
2026-05-25T05:24:49,arbitrage,0.25,-0.5,-0.0008784585151166979,-0.48682312227324953,RHYME_D: Range_Bound_Neutral,Low,False,100172.85,100172.84,0,0,0,False,False,False,False,
2026-05-25T05:25:50,arbitrage,0.25,-0.5,0.0012084776228815652,-0.5181271643432235,RHYME_D: Range_Bound_Neutral,Low,False,100172.85,100172.84,0,0,0,False,False,False,False,
2026-05-25T05:26:50,arbitrage,0.25,-0.5,0.0012084776228815652,-0.5181271643432235,RHYME_D: Range_Bound_Neutral,Low,False,100172.85,100172.84,0,0,0,False,False,False,False,
2026-05-25T05:27:51,arbitrage,0.25,-0.5,0.0012084776228815652,-0.5181271643432235,RHYME_D: Range_Bound_Neutral,Low,False,100172.85,100172.84,0,0,0,False,False,False,False,
2026-05-25T05:28:52,arbitrage,0.25,-0.5,0.0012084776228815652,-0.5181271643432235,RHYME_D: Range_Bound_Neutral,Low,False,100172.85,100172.84,0,0,0,False,False,False,False,
2026-05-25T05:29:53,arbitrage,0.25,-0.5,0.0012084776228815652,-0.5181271643432235,RHYME_D: Range_Bound_Neutral,Low,False,100172.85,100172.84,0,0,0,False,False,False,False,
2026-05-25T05:30:54,arbitrage,0.25,-0.5,0.0012084776228815652,-0.5181271643432235,RHYME_D: Range_Bound_Neutral,Low,False,100172.85,100172.84,0,0,0,False,False,False,False,
2026-05-25T05:31:55,arbitrage,0.25,-0.5,0.0012084776228815652,-0.5181271643432235,RHYME_D: Range_Bound_Neutral,Low,False,100172.85,100172.84,0,0,0,False,False,False,False,
2026-05-25T05:32:56,arbitrage,0.25,-0.5,0.0012084776228815652,-0.5181271643432235,RHYME_D: Range_Bound_Neutral,Low,False,100172.85,100172.84,0,0,0,False,False,False,False,
2026-05-25T05:33:57,arbitrage,0.25,-0.5,0.0012084776228815652,-0.5181271643432235,RHYME_D: Range_Bound_Neutral,Low,False,100172.85,100172.84,0,0,0,False,False,False,False,
2026-05-25T05:35:00,arbitrage,0.25,-0.5,-0.0008784585151166979,-0.48682312227324953,RHYME_D: Range_Bound_Neutral,Low,False,100172.85,100172.84,0,0,0,False,False,False,False,
2026-05-25T05:36:01,arbitrage,0.25,-0.5,-0.0008784585151166979,-0.48682312227324953,RHYME_D: Range_Bound_Neutral,Low,False,100172.85,100172.84,0,0,0,False,False,False,False,
2026-05-25T05:37:02,arbitrage,0.25,-0.5,-0.0008784585151166979,-0.48682312227324953,RHYME_D: Range_Bound_Neutral,Low,False,100172.85,100172.84,0,0,0,False,False,False,False,
2026-05-25T05:38:03,arbitrage,0.25,-0.5,-0.0008784585151166979,-0.48682312227324953,RHYME_D: Range_Bound_Neutral,Low,False,100172.85,100172.84,0,0,0,False,False,False,False,
2026-05-25T05:39:04,arbitrage,0.25,-0.5,-0.0008784585151166979,-0.48682312227324953,RHYME_D: Range_Bound_Neutral,Low,False,100172.85,100172.84,0,0,0,False,False,False,False,
2026-05-25T05:40:05,arbitrage,0.25,-0.5,-0.0008784585151166979,-0.48682312227324953,RHYME_D: Range_Bound_Neutral,Low,False,100172.85,100172.84,0,0,0,False,False,False,False,
2026-05-25T05:41:06,arbitrage,0.25,-0.5,0.0019138843292363372,-0.5287082649385451,RHYME_D: Range_Bound_Neutral,Low,False,100172.85,100172.84,0,0,0,False,False,False,False,
2026-05-25T05:42:07,arbitrage,0.25,-0.5,0.0019138843292363372,-0.5287082649385451,RHYME_D: Range_Bound_Neutral,Low,False,100172.85,100172.84,0,0,0,False,False,False,False,
2026-05-25T05:43:08,arbitrage,0.25,-0.5,0.0019138843292363372,-0.5287082649385451,RHYME_D: Range_Bound_Neutral,Low,False,100172.85,100172.84,0,0,0,False,False,False,False,
2026-05-25T05:44:09,arbitrage,0.25,-0.5,0.0019138843292363372,-0.5287082649385451,RHYME_D: Range_Bound_Neutral,Low,False,100172.85,100172.84,0,0,0,False,False,False,False,
2026-05-25T05:45:10,arbitrage,0.25,-0.5,0.0019138843292363372,-0.5287082649385451,RHYME_D: Range_Bound_Neutral,Low,False,100172.85,100172.84,0,0,0,False,False,False,False,
2026-05-25T05:46:11,arbitrage,0.25,-0.5,0.0019138843292363372,-0.5287082649385451,RHYME_D: Range_Bound_Neutral,Low,False,100172.85,100172.84,0,0,0,False,False,False,False,
2026-05-25T05:47:12,arbitrage,0.25,-0.5,0.0019138843292363372,-0.5287082649385451,RHYME_D: Range_Bound_Neutral,Low,False,100172.85,100172.84,0,0,0,False,False,False,False,
2026-05-25T05:48:13,arbitrage,0.25,-0.5,0.0019138843292363372,-0.5287082649385451,RHYME_D: Range_Bound_Neutral,Low,False,100172.85,100172.84,0,0,0,False,False,False,False,
2026-05-25T05:49:14,arbitrage,0.25,-0.5,0.0019138843292363372,-0.5287082649385451,RHYME_D: Range_Bound_Neutral,Low,False,100172.85,100172.84,0,0,0,False,False,False,False,
2026-05-25T05:50:17,arbitrage,0.25,-0.5,-0.0008784585151166979,-0.48682312227324953,RHYME_D: Range_Bound_Neutral,Low,False,100172.85,100172.84,0,0,0,False,False,False,False,
2026-05-25T05:51:18,arbitrage,0.25,-0.5,-0.0008784585151166979,-0.48682312227324953,RHYME_D: Range_Bound_Neutral,Low,False,100172.85,100172.84,0,0,0,False,False,False,False,
2026-05-25T05:52:19,arbitrage,0.25,-0.5,-0.0008784585151166979,-0.48682312227324953,RHYME_D: Range_Bound_Neutral,Low,False,100172.85,100172.84,0,0,0,False,False,False,False,
2026-05-25T05:53:20,arbitrage,0.25,-0.5,-0.0008784585151166979,-0.48682312227324953,RHYME_D: Range_Bound_Neutral,Low,False,100172.85,100172.84,0,0,0,False,False,False,False,
2026-05-25T05:54:21,arbitrage,0.25,-0.5,-0.0008784585151166979,-0.48682312227324953,RHYME_D: Range_Bound_Neutral,Low,False,100172.85,100172.84,0,0,0,False,False,False,False,
2026-05-25T05:55:22,arbitrage,0.25,-0.5,-0.0008784585151166979,-0.48682312227324953,RHYME_D: Range_Bound_Neutral,Low,False,100172.85,100172.84,0,0,0,False,False,False,False,
2026-05-25T05:56:23,arbitrage,0.25,-0.5,0.0010434871952986757,-0.5156523079294801,RHYME_D: Range_Bound_Neutral,Low,False,100172.85,100172.84,0,0,0,False,False,False,False,
2026-05-25T05:57:24,arbitrage,0.25,-0.5,0.0010434871952986757,-0.5156523079294801,RHYME_D: Range_Bound_Neutral,Low,False,100172.85,100172.84,0,0,0,False,False,False,False,
2026-05-25T05:58:25,arbitrage,0.25,-0.5,0.0010434871952986757,-0.5156523079294801,RHYME_D: Range_Bound_Neutral,Low,False,100172.85,100172.84,0,0,0,False,False,False,False,
2026-05-25T05:59:26,arbitrage,0.25,-0.5,0.0010434871952986757,-0.5156523079294801,RHYME_D: Range_Bound_Neutral,Low,False,100172.85,100172.84,0,0,0,False,False,False,False,
2026-05-25T06:00:27,arbitrage,0.25,-0.5,0.0010434871952986757,-0.5156523079294801,RHYME_D: Range_Bound_Neutral,Low,False,100172.85,100172.84,0,0,0,False,False,False,False,
2026-05-25T06:01:28,arbitrage,0.25,-0.5,0.0010434871952986757,-0.5156523079294801,RHYME_D: Range_Bound_Neutral,Low,False,100172.85,100172.84,0,0,0,False,False,False,False,
2026-05-25T06:02:29,arbitrage,0.25,-0.5,0.0010434871952986757,-0.5156523079294801,RHYME_D: Range_Bound_Neutral,Low,False,100172.85,100172.84,0,0,0,False,False,False,False,
2026-05-25T06:03:30,arbitrage,0.25,-0.5,0.0010434871952986757,-0.5156523079294801,RHYME_D: Range_Bound_Neutral,Low,False,100172.85,100172.84,0,0,0,False,False,False,False,
2026-05-25T06:04:31,arbitrage,0.25,-0.5,0.0010434871952986757,-0.5156523079294801,RHYME_D: Range_Bound_Neutral,Low,False,100172.85,100172.84,0,0,0,False,False,False,False,
2026-05-25T06:05:34,arbitrage,0.25,-0.5,-0.0008784585151166979,-0.48682312227324953,RHYME_D: Range_Bound_Neutral,Low,False,100172.85,100172.84,0,0,0,False,False,False,False,
2026-05-25T06:06:35,arbitrage,0.25,-0.5,-0.0008784585151166979,-0.48682312227324953,RHYME_D: Range_Bound_Neutral,Low,False,100172.85,100172.84,0,0,0,False,False,False,False,
2026-05-25T06:07:35,arbitrage,0.25,-0.5,-0.0008784585151166979,-0.48682312227324953,RHYME_D: Range_Bound_Neutral,Low,False,100172.85,100172.84,0,0,0,False,False,False,False,
2026-05-25T06:08:36,arbitrage,0.25,-0.5,-0.0008784585151166979,-0.48682312227324953,RHYME_D: Range_Bound_Neutral,Low,False,100172.85,100172.84,0,0,0,False,False,False,False,
2026-05-25T06:09:37,arbitrage,0.25,-0.5,-0.0008784585151166979,-0.48682312227324953,RHYME_D: Range_Bound_Neutral,Low,False,100172.85,100172.84,0,0,0,False,False,False,False,
2026-05-25T06:10:38,arbitrage,0.25,-0.5,-0.0008784585151166979,-0.48682312227324953,RHYME_D: Range_Bound_Neutral,Low,False,100172.85,100172.84,0,0,0,False,False,False,False,
2026-05-25T06:11:39,arbitrage,0.25,-0.5,0.0010457020053065147,-0.5156855300795977,RHYME_D: Range_Bound_Neutral,Low,False,100172.85,100172.84,0,0,0,False,False,False,False,
2026-05-25T06:12:40,arbitrage,0.25,-0.5,0.0010457020053065147,-0.5156855300795977,RHYME_D: Range_Bound_Neutral,Low,False,100172.85,100172.84,0,0,0,False,False,False,False,
2026-05-25T06:13:41,arbitrage,0.25,-0.5,0.0010457020053065147,-0.5156855300795977,RHYME_D: Range_Bound_Neutral,Low,False,100172.85,100172.84,0,0,0,False,False,False,False,
2026-05-25T06:14:42,arbitrage,0.25,-0.5,0.0010457020053065147,-0.5156855300795977,RHYME_D: Range_Bound_Neutral,Low,False,100172.85,100172.84,0,0,0,False,False,False,False,
2026-05-25T06:15:43,arbitrage,0.25,-0.5,0.0010457020053065147,-0.5156855300795977,RHYME_D: Range_Bound_Neutral,Low,False,100172.85,100172.84,0,0,0,False,False,False,False,
2026-05-25T06:16:44,arbitrage,0.25,-0.5,0.0010457020053065147,-0.5156855300795977,RHYME_D: Range_Bound_Neutral,Low,False,100172.85,100172.84,0,0,0,False,False,False,False,
2026-05-25T06:17:45,arbitrage,0.25,-0.5,0.0010457020053065147,-0.5156855300795977,RHYME_D: Range_Bound_Neutral,Low,False,100172.85,100172.84,0,0,0,False,False,False,False,
2026-05-25T06:18:46,arbitrage,0.25,-0.5,0.0010457020053065147,-0.5156855300795977,RHYME_D: Range_Bound_Neutral,Low,False,100172.85,100172.84,0,0,0,False,False,False,False,
2026-05-25T06:19:47,arbitrage,0.25,-0.5,0.0010457020053065147,-0.5156855300795977,RHYME_D: Range_Bound_Neutral,Low,False,100172.85,100172.84,0,0,0,False,False,False,False,
2026-05-25T06:20:50,arbitrage,0.25,-0.5,-0.0008784585151166979,-0.48682312227324953,RHYME_D: Range_Bound_Neutral,Low,False,100172.85,100172.84,0,0,0,False,False,False,False,
2026-05-25T06:21:51,arbitrage,0.25,-0.5,-0.0008784585151166979,-0.48682312227324953,RHYME_D: Range_Bound_Neutral,Low,False,100172.85,100172.84,0,0,0,False,False,False,False,
2026-05-25T06:22:52,arbitrage,0.25,-0.5,-0.0008784585151166979,-0.48682312227324953,RHYME_D: Range_Bound_Neutral,Low,False,100172.85,100172.84,0,0,0,False,False,False,False,
2026-05-25T06:23:53,arbitrage,0.25,-0.5,-0.0008784585151166979,-0.48682312227324953,RHYME_D: Range_Bound_Neutral,Low,False,100172.85,100172.84,0,0,0,False,False,False,False,
2026-05-25T06:24:54,arbitrage,0.25,-0.5,-0.0008784585151166979,-0.48682312227324953,RHYME_D: Range_Bound_Neutral,Low,False,100172.85,100172.84,0,0,0,False,False,False,False,
2026-05-25T06:25:55,arbitrage,0.25,-0.5,-0.0008784585151166979,-0.48682312227324953,RHYME_D: Range_Bound_Neutral,Low,False,100172.85,100172.84,0,0,0,False,False,False,False,
2026-05-25T06:26:56,arbitrage,0.25,-0.5,-0.0008784585151166979,-0.48682312227324953,RHYME_D: Range_Bound_Neutral,Low,False,100172.85,100172.84,0,0,0,False,False,False,False,
2026-05-25T06:27:57,arbitrage,0.25,-0.5,0.0002884043223061461,-0.5043260648345922,RHYME_D: Range_Bound_Neutral,Low,False,100172.85,100172.84,0,0,0,False,False,False,False,
2026-05-25T06:28:58,arbitrage,0.25,-0.5,0.0002884043223061461,-0.5043260648345922,RHYME_D: Range_Bound_Neutral,Low,False,100172.85,100172.84,0,0,0,False,False,False,False,
2026-05-25T06:29:59,arbitrage,0.25,-0.5,0.0002884043223061461,-0.5043260648345922,RHYME_D: Range_Bound_Neutral,Low,False,100172.85,100172.84,0,0,0,False,False,False,False,
2026-05-25T06:31:00,arbitrage,0.25,-0.5,0.0002884043223061461,-0.5043260648345922,RHYME_D: Range_Bound_Neutral,Low,False,100172.85,100172.84,0,0,0,False,False,False,False,
2026-05-25T06:32:01,arbitrage,0.25,-0.5,0.0002884043223061461,-0.5043260648345922,RHYME_D: Range_Bound_Neutral,Low,False,100172.85,100172.84,0,0,0,False,False,False,False,
2026-05-25T06:33:02,arbitrage,0.25,-0.5,0.0002884043223061461,-0.5043260648345922,RHYME_D: Range_Bound_Neutral,Low,False,100172.85,100172.84,0,0,0,False,False,False,False,
2026-05-25T06:34:03,arbitrage,0.25,-0.5,0.0002884043223061461,-0.5043260648345922,RHYME_D: Range_Bound_Neutral,Low,False,100172.85,100172.84,0,0,0,False,False,False,False,
2026-05-25T06:35:04,arbitrage,0.25,-0.5,0.0002884043223061461,-0.5043260648345922,RHYME_D: Range_Bound_Neutral,Low,False,100172.85,100172.84,0,0,0,False,False,False,False,
2026-05-25T06:36:06,arbitrage,0.25,-0.5,-0.0008784585151166979,-0.48682312227324953,RHYME_D: Range_Bound_Neutral,Low,False,100172.85,100172.84,0,0,0,False,False,False,False,
2026-05-25T06:37:07,arbitrage,0.25,-0.5,-0.0008784585151166979,-0.48682312227324953,RHYME_D: Range_Bound_Neutral,Low,False,100172.85,100172.84,0,0,0,False,False,False,False,
2026-05-25T06:38:08,arbitrage,0.25,-0.5,-0.0008784585151166979,-0.48682312227324953,RHYME_D: Range_Bound_Neutral,Low,False,100172.85,100172.84,0,0,0,False,False,False,False,
2026-05-25T06:39:09,arbitrage,0.25,-0.5,-0.0008784585151166979,-0.48682312227324953,RHYME_D: Range_Bound_Neutral,Low,False,100172.85,100172.84,0,0,0,False,False,False,False,
2026-05-25T06:40:10,arbitrage,0.25,-0.5,-0.0008784585151166979,-0.48682312227324953,RHYME_D: Range_Bound_Neutral,Low,False,100172.85,100172.84,0,0,0,False,False,False,False,
2026-05-25T06:41:11,arbitrage,0.25,-0.5,-0.0008784585151166979,-0.48682312227324953,RHYME_D: Range_Bound_Neutral,Low,False,100172.85,100172.84,0,0,0,False,False,False,False,
2026-05-25T06:42:12,arbitrage,0.25,-0.5,-0.0008784585151166979,-0.48682312227324953,RHYME_D: Range_Bound_Neutral,Low,False,100172.85,100172.84,0,0,0,False,False,False,False,
2026-05-25T06:43:13,arbitrage,0.25,-0.5,-0.0002672560272610758,-0.49599115959108386,RHYME_D: Range_Bound_Neutral,Low,False,100172.85,100172.84,0,0,0,False,False,False,False,
2026-05-25T06:44:14,arbitrage,0.25,-0.5,-0.0002672560272610758,-0.49599115959108386,RHYME_D: Range_Bound_Neutral,Low,False,100172.85,100172.84,0,0,0,False,False,False,False,
2026-05-25T06:45:15,arbitrage,0.25,-0.5,-0.0002672560272610758,-0.49599115959108386,RHYME_D: Range_Bound_Neutral,Low,False,100172.85,100172.84,0,0,0,False,False,False,False,
2026-05-25T06:46:16,arbitrage,0.25,-0.5,-0.0002672560272610758,-0.49599115959108386,RHYME_D: Range_Bound_Neutral,Low,False,100172.85,100172.84,0,0,0,False,False,False,False,
2026-05-25T06:47:17,arbitrage,0.25,-0.5,-0.0002672560272610758,-0.49599115959108386,RHYME_D: Range_Bound_Neutral,Low,False,100172.85,100172.84,0,0,0,False,False,False,False,
2026-05-25T06:48:18,arbitrage,0.25,-0.5,-0.0002672560272610758,-0.49599115959108386,RHYME_D: Range_Bound_Neutral,Low,False,100172.85,100172.84,0,0,0,False,False,False,False,
2026-05-25T06:49:19,arbitrage,0.25,-0.5,-0.0002672560272610758,-0.49599115959108386,RHYME_D: Range_Bound_Neutral,Low,False,100172.85,100172.84,0,0,0,False,False,False,False,
2026-05-25T06:50:20,arbitrage,0.25,-0.5,-0.0002672560272610758,-0.49599115959108386,RHYME_D: Range_Bound_Neutral,Low,False,100172.85,100172.84,0,0,0,False,False,False,False,
2026-05-25T06:51:23,arbitrage,0.25,-0.5,-0.0008784585151166979,-0.48682312227324953,RHYME_D: Range_Bound_Neutral,Low,False,100172.85,100172.84,0,0,0,False,False,False,False,
2026-05-25T06:52:24,arbitrage,0.25,-0.5,-0.0008784585151166979,-0.48682312227324953,RHYME_D: Range_Bound_Neutral,Low,False,100172.85,100172.84,0,0,0,False,False,False,False,
2026-05-25T06:53:25,arbitrage,0.25,-0.5,-0.0008784585151166979,-0.48682312227324953,RHYME_D: Range_Bound_Neutral,Low,False,100172.85,100172.84,0,0,0,False,False,False,False,
2026-05-25T06:54:26,arbitrage,0.25,-0.5,-0.0008784585151166979,-0.48682312227324953,RHYME_D: Range_Bound_Neutral,Low,False,100172.85,100172.84,0,0,0,False,False,False,False,
2026-05-25T06:55:27,arbitrage,0.25,-0.5,-0.0008784585151166979,-0.48682312227324953,RHYME_D: Range_Bound_Neutral,Low,False,100172.85,100172.84,0,0,0,False,False,False,False,
2026-05-25T06:56:28,arbitrage,0.25,-0.5,-0.0008784585151166979,-0.48682312227324953,RHYME_D: Range_Bound_Neutral,Low,False,100172.85,100172.84,0,0,0,False,False,False,False,
2026-05-25T06:57:29,arbitrage,0.25,-0.5,-0.0008784585151166979,-0.48682312227324953,RHYME_D: Range_Bound_Neutral,Low,False,100172.85,100172.84,0,0,0,False,False,False,False,
2026-05-25T06:58:30,arbitrage,0.25,-0.5,-0.0009131028905512428,-0.48630345664173136,RHYME_D: Range_Bound_Neutral,Low,False,100172.85,100172.84,0,0,0,False,False,False,False,
2026-05-25T06:59:31,arbitrage,0.25,-0.5,-0.0009131028905512428,-0.48630345664173136,RHYME_D: Range_Bound_Neutral,Low,False,100172.85,100172.84,0,0,0,False,False,False,False,
2026-05-25T07:00:32,arbitrage,0.25,-0.5,-0.0009131028905512428,-0.48630345664173136,RHYME_D: Range_Bound_Neutral,Low,False,100172.85,100172.84,0,0,0,False,False,False,False,
2026-05-25T07:01:33,arbitrage,0.25,-0.5,-0.0009131028905512428,-0.48630345664173136,RHYME_D: Range_Bound_Neutral,Low,False,100172.85,100172.84,0,0,0,False,False,False,False,
2026-05-25T07:02:34,arbitrage,0.25,-0.5,-0.0009131028905512428,-0.48630345664173136,RHYME_D: Range_Bound_Neutral,Low,False,100172.85,100172.84,0,0,0,False,False,False,False,
2026-05-25T07:03:35,arbitrage,0.25,-0.5,-0.0009131028905512428,-0.48630345664173136,RHYME_D: Range_Bound_Neutral,Low,False,100172.85,100172.84,0,0,0,False,False,False,False,
2026-05-25T07:04:36,arbitrage,0.25,-0.5,-0.0009131028905512428,-0.48630345664173136,RHYME_D: Range_Bound_Neutral,Low,False,100172.85,100172.84,0,0,0,False,False,False,False,
2026-05-25T07:05:37,arbitrage,0.25,-0.5,-0.0009131028905512428,-0.48630345664173136,RHYME_D: Range_Bound_Neutral,Low,False,100172.85,100172.84,0,0,0,False,False,False,False,
2026-05-25T07:06:40,arbitrage,0.25,-0.5,-0.0008784585151166979,-0.48682312227324953,RHYME_D: Range_Bound_Neutral,Low,False,100172.85,100172.84,0,0,0,False,False,False,False,
2026-05-25T07:07:41,arbitrage,0.25,-0.5,-0.0008784585151166979,-0.48682312227324953,RHYME_D: Range_Bound_Neutral,Low,False,100172.85,100172.84,0,0,0,False,False,False,False,
2026-05-25T07:08:42,arbitrage,0.25,-0.5,-0.0008784585151166979,-0.48682312227324953,RHYME_D: Range_Bound_Neutral,Low,False,100172.85,100172.84,0,0,0,False,False,False,False,
2026-05-25T07:09:42,arbitrage,0.25,-0.5,-0.0008784585151166979,-0.48682312227324953,RHYME_D: Range_Bound_Neutral,Low,False,100172.85,100172.84,0,0,0,False,False,False,False,
2026-05-25T07:10:43,arbitrage,0.25,-0.5,-0.0008784585151166979,-0.48682312227324953,RHYME_D: Range_Bound_Neutral,Low,False,100172.85,100172.84,0,0,0,False,False,False,False,
2026-05-25T07:11:44,arbitrage,0.25,-0.5,-0.0008784585151166979,-0.48682312227324953,RHYME_D: Range_Bound_Neutral,Low,False,100172.85,100172.84,0,0,0,False,False,False,False,
2026-05-25T07:12:45,arbitrage,0.25,-0.5,-0.0008784585151166979,-0.48682312227324953,RHYME_D: Range_Bound_Neutral,Low,False,100172.85,100172.84,0,0,0,False,False,False,False,
2026-05-25T07:13:46,arbitrage,0.25,-0.5,-0.0023672449515546035,-0.46449132572668095,RHYME_D: Range_Bound_Neutral,Low,False,100172.85,100172.84,0,0,0,False,False,False,False,
2026-05-25T07:14:47,arbitrage,0.25,-0.5,-0.0023672449515546035,-0.46449132572668095,RHYME_D: Range_Bound_Neutral,Low,False,100172.85,100172.84,0,0,0,False,False,False,False,
2026-05-25T07:15:48,arbitrage,0.25,-0.5,-0.0023672449515546035,-0.46449132572668095,RHYME_D: Range_Bound_Neutral,Low,False,100172.85,100172.84,0,0,0,False,False,False,False,
2026-05-25T07:16:49,arbitrage,0.25,-0.5,-0.0023672449515546035,-0.46449132572668095,RHYME_D: Range_Bound_Neutral,Low,False,100172.85,100172.84,0,0,0,False,False,False,False,
2026-05-25T07:17:50,arbitrage,0.25,-0.5,-0.0023672449515546035,-0.46449132572668095,RHYME_D: Range_Bound_Neutral,Low,False,100172.85,100172.84,0,0,0,False,False,False,False,
2026-05-25T07:18:51,arbitrage,0.25,-0.5,-0.0023672449515546035,-0.46449132572668095,RHYME_D: Range_Bound_Neutral,Low,False,100172.85,100172.84,0,0,0,False,False,False,False,
2026-05-25T07:19:52,arbitrage,0.25,-0.5,-0.0023672449515546035,-0.46449132572668095,RHYME_D: Range_Bound_Neutral,Low,False,100172.85,100172.84,0,0,0,False,False,False,False,
2026-05-25T07:20:53,arbitrage,0.25,-0.5,-0.0023672449515546035,-0.46449132572668095,RHYME_D: Range_Bound_Neutral,Low,False,100172.85,100172.84,0,0,0,False,False,False,False,
2026-05-25T07:21:56,arbitrage,0.25,-0.5,-0.0008784585151166979,-0.48682312227324953,RHYME_D: Range_Bound_Neutral,Low,False,100172.85,100172.84,0,0,0,False,False,False,False,
2026-05-25T07:22:57,arbitrage,0.25,-0.5,-0.0008784585151166979,-0.48682312227324953,RHYME_D: Range_Bound_Neutral,Low,False,100172.85,100172.84,0,0,0,False,False,False,False,
2026-05-25T07:23:58,arbitrage,0.25,-0.5,-0.0008784585151166979,-0.48682312227324953,RHYME_D: Range_Bound_Neutral,Low,False,100172.85,100172.84,0,0,0,False,False,False,False,
2026-05-25T07:24:59,arbitrage,0.25,-0.5,-0.0008784585151166979,-0.48682312227324953,RHYME_D: Range_Bound_Neutral,Low,False,100172.85,100172.84,0,0,0,False,False,False,False,
2026-05-25T07:26:00,arbitrage,0.25,-0.5,-0.0008784585151166979,-0.48682312227324953,RHYME_D: Range_Bound_Neutral,Low,False,100172.85,100172.84,0,0,0,False,False,False,False,
2026-05-25T07:27:01,arbitrage,0.25,-0.5,-0.0008784585151166979,-0.48682312227324953,RHYME_D: Range_Bound_Neutral,Low,False,100172.85,100172.84,0,0,0,False,False,False,False,
2026-05-25T07:28:02,arbitrage,0.25,-0.5,-0.0008784585151166979,-0.48682312227324953,RHYME_D: Range_Bound_Neutral,Low,False,100172.85,100172.84,0,0,0,False,False,False,False,
2026-05-25T07:29:03,arbitrage,0.25,-0.5,-0.001163009526293446,-0.4825548571055983,RHYME_D: Range_Bound_Neutral,Low,False,100172.85,100172.84,0,0,0,False,False,False,False,
2026-05-25T07:30:04,arbitrage,0.25,-0.5,-0.001163009526293446,-0.4825548571055983,RHYME_D: Range_Bound_Neutral,Low,False,100172.85,100172.84,0,0,0,False,False,False,False,
2026-05-25T07:31:05,arbitrage,0.25,-0.5,-0.001163009526293446,-0.4825548571055983,RHYME_D: Range_Bound_Neutral,Low,False,100172.85,100172.84,0,0,0,False,False,False,False,
2026-05-25T07:32:06,arbitrage,0.25,-0.5,-0.001163009526293446,-0.4825548571055983,RHYME_D: Range_Bound_Neutral,Low,False,100172.85,100172.84,0,0,0,False,False,False,False,
2026-05-25T07:33:07,arbitrage,0.25,-0.5,-0.001163009526293446,-0.4825548571055983,RHYME_D: Range_Bound_Neutral,Low,False,100172.85,100172.84,0,0,0,False,False,False,False,
2026-05-25T07:34:08,arbitrage,0.25,-0.5,-0.001163009526293446,-0.4825548571055983,RHYME_D: Range_Bound_Neutral,Low,False,100172.85,100172.84,0,0,0,False,False,False,False,
2026-05-25T07:35:09,arbitrage,0.25,-0.5,-0.001163009526293446,-0.4825548571055983,RHYME_D: Range_Bound_Neutral,Low,False,100172.85,100172.84,0,0,0,False,False,False,False,
2026-05-25T07:36:10,arbitrage,0.25,-0.5,-0.001163009526293446,-0.4825548571055983,RHYME_D: Range_Bound_Neutral,Low,False,100172.85,100172.84,0,0,0,False,False,False,False,
2026-05-25T07:37:52,arbitrage,0.25,-0.5,-0.0012481485609651122,-0.4812777715855233,RHYME_D: Range_Bound_Neutral,Low,False,100172.85,100172.84,0,0,0,False,False,False,False,
2026-05-25T07:38:53,arbitrage,0.25,-0.5,-0.0012481485609651122,-0.4812777715855233,RHYME_D: Range_Bound_Neutral,Low,False,100172.85,100172.84,0,0,0,False,False,False,False,
2026-05-25T07:39:54,arbitrage,0.25,-0.5,-0.0012481485609651122,-0.4812777715855233,RHYME_D: Range_Bound_Neutral,Low,False,100172.85,100172.84,0,0,0,False,False,False,False,
2026-05-25T07:40:55,arbitrage,0.25,-0.5,-0.0012481485609651122,-0.4812777715855233,RHYME_D: Range_Bound_Neutral,Low,False,100172.85,100172.84,0,0,0,False,False,False,False,
2026-05-25T07:41:56,arbitrage,0.25,-0.5,-0.0012481485609651122,-0.4812777715855233,RHYME_D: Range_Bound_Neutral,Low,False,100172.85,100172.84,0,0,0,False,False,False,False,
2026-05-25T07:42:57,arbitrage,0.25,-0.5,-0.0012481485609651122,-0.4812777715855233,RHYME_D: Range_Bound_Neutral,Low,False,100172.85,100172.84,0,0,0,False,False,False,False,
2026-05-25T07:43:58,arbitrage,0.25,-0.5,-0.0012481485609651122,-0.4812777715855233,RHYME_D: Range_Bound_Neutral,Low,False,100172.85,100172.84,0,0,0,False,False,False,False,
2026-05-25T07:44:59,arbitrage,0.25,-0.5,-7.596067573867327e-05,-0.4988605898639199,RHYME_D: Range_Bound_Neutral,Low,False,100172.85,100172.84,0,0,0,False,False,False,False,
2026-05-25T07:46:00,arbitrage,0.25,-0.5,-7.596067573867327e-05,-0.4988605898639199,RHYME_D: Range_Bound_Neutral,Low,False,100172.85,100172.84,0,0,0,False,False,False,False,
2026-05-25T07:47:01,arbitrage,0.25,-0.5,-7.596067573867327e-05,-0.4988605898639199,RHYME_D: Range_Bound_Neutral,Low,False,100172.85,100172.84,0,0,0,False,False,False,False,
2026-05-25T07:48:02,arbitrage,0.25,-0.5,-7.596067573867327e-05,-0.4988605898639199,RHYME_D: Range_Bound_Neutral,Low,False,100172.85,100172.84,0,0,0,False,False,False,False,
2026-05-25T07:49:03,arbitrage,0.25,-0.5,-7.596067573867327e-05,-0.4988605898639199,RHYME_D: Range_Bound_Neutral,Low,False,100172.85,100172.84,0,0,0,False,False,False,False,
2026-05-25T07:50:04,arbitrage,0.25,-0.5,-7.596067573867327e-05,-0.4988605898639199,RHYME_D: Range_Bound_Neutral,Low,False,100172.85,100172.84,0,0,0,False,False,False,False,
2026-05-25T07:51:05,arbitrage,0.25,-0.5,-7.596067573867327e-05,-0.4988605898639199,RHYME_D: Range_Bound_Neutral,Low,False,100172.85,100172.84,0,0,0,False,False,False,False,
2026-05-25T07:52:06,arbitrage,0.25,-0.5,-7.596067573867327e-05,-0.4988605898639199,RHYME_D: Range_Bound_Neutral,Low,False,100172.85,100172.84,0,0,0,False,False,False,False,
2026-05-25T07:53:08,arbitrage,0.25,-0.5,-0.0008784585151166979,-0.48682312227324953,RHYME_D: Range_Bound_Neutral,Low,False,100172.85,100172.84,0,0,0,False,False,False,False,
2026-05-25T07:54:09,arbitrage,0.25,-0.5,-0.0008784585151166979,-0.48682312227324953,RHYME_D: Range_Bound_Neutral,Low,False,100172.85,100172.84,0,0,0,False,False,False,False,
2026-05-25T07:55:10,arbitrage,0.25,-0.5,-0.0008784585151166979,-0.48682312227324953,RHYME_D: Range_Bound_Neutral,Low,False,100172.85,100172.84,0,0,0,False,False,False,False,
2026-05-25T07:56:11,arbitrage,0.25,-0.5,-0.0008784585151166979,-0.48682312227324953,RHYME_D: Range_Bound_Neutral,Low,False,100172.85,100172.84,0,0,0,False,False,False,False,
2026-05-25T07:57:12,arbitrage,0.25,-0.5,-0.0008784585151166979,-0.48682312227324953,RHYME_D: Range_Bound_Neutral,Low,False,100172.85,100172.84,0,0,0,False,False,False,False,
2026-05-25T07:58:13,arbitrage,0.25,-0.5,-0.0008784585151166979,-0.48682312227324953,RHYME_D: Range_Bound_Neutral,Low,False,100172.85,100172.84,0,0,0,False,False,False,False,
2026-05-25T07:59:14,arbitrage,0.25,-0.5,-0.0008784585151166979,-0.48682312227324953,RHYME_D: Range_Bound_Neutral,Low,False,100172.85,100172.84,0,0,0,False,False,False,False,
2026-05-25T08:00:15,arbitrage,0.25,-0.5,0.00043894517906051256,-0.5065841776859077,RHYME_D: Range_Bound_Neutral,Low,False,100172.85,100172.84,0,0,0,False,False,False,False,
2026-05-25T08:01:16,arbitrage,0.25,-0.5,0.00043894517906051256,-0.5065841776859077,RHYME_D: Range_Bound_Neutral,Low,False,100172.85,100172.84,0,0,0,False,False,False,False,
2026-05-25T08:02:17,arbitrage,0.25,-0.5,0.00043894517906051256,-0.5065841776859077,RHYME_D: Range_Bound_Neutral,Low,False,100172.85,100172.84,0,0,0,False,False,False,False,
2026-05-25T08:03:18,arbitrage,0.25,-0.5,0.00043894517906051256,-0.5065841776859077,RHYME_D: Range_Bound_Neutral,Low,False,100172.85,100172.84,0,0,0,False,False,False,False,
2026-05-25T08:04:19,arbitrage,0.25,-0.5,0.00043894517906051256,-0.5065841776859077,RHYME_D: Range_Bound_Neutral,Low,False,100172.85,100172.84,0,0,0,False,False,False,False,
2026-05-25T08:05:20,arbitrage,0.25,-0.5,0.00043894517906051256,-0.5065841776859077,RHYME_D: Range_Bound_Neutral,Low,False,100172.85,100172.84,0,0,0,False,False,False,False,
2026-05-25T08:06:21,arbitrage,0.25,-0.5,0.00043894517906051256,-0.5065841776859077,RHYME_D: Range_Bound_Neutral,Low,False,100172.85,100172.84,0,0,0,False,False,False,False,
2026-05-25T08:07:22,arbitrage,0.25,-0.5,0.00043894517906051256,-0.5065841776859077,RHYME_D: Range_Bound_Neutral,Low,False,100172.85,100172.84,0,0,0,False,False,False,False,
2026-05-25T08:08:25,arbitrage,0.25,-0.5,-0.0008784585151166979,-0.48682312227324953,RHYME_D: Range_Bound_Neutral,Low,False,100172.85,100172.84,0,0,0,False,False,False,False,
2026-05-25T08:09:26,arbitrage,0.25,-0.5,-0.0008784585151166979,-0.48682312227324953,RHYME_D: Range_Bound_Neutral,Low,False,100172.85,100172.84,0,0,0,False,False,False,False,
2026-05-25T08:10:27,arbitrage,0.25,-0.5,-0.0008784585151166979,-0.48682312227324953,RHYME_D: Range_Bound_Neutral,Low,False,100172.85,100172.84,0,0,0,False,False,False,False,
2026-05-25T08:11:28,arbitrage,0.25,-0.5,-0.0008784585151166979,-0.48682312227324953,RHYME_D: Range_Bound_Neutral,Low,False,100172.85,100172.84,0,0,0,False,False,False,False,
2026-05-25T08:12:29,arbitrage,0.25,-0.5,-0.0008784585151166979,-0.48682312227324953,RHYME_D: Range_Bound_Neutral,Low,False,100172.85,100172.84,0,0,0,False,False,False,False,
2026-05-25T08:13:30,arbitrage,0.25,-0.5,-0.0008784585151166979,-0.48682312227324953,RHYME_D: Range_Bound_Neutral,Low,False,100172.85,100172.84,0,0,0,False,False,False,False,
2026-05-25T08:14:31,arbitrage,0.25,-0.5,-0.0008784585151166979,-0.48682312227324953,RHYME_D: Range_Bound_Neutral,Low,False,100172.85,100172.84,0,0,0,False,False,False,False,
2026-05-25T08:15:32,arbitrage,0.25,-0.5,0.0003474088444244128,-0.5052111326663662,RHYME_D: Range_Bound_Neutral,Low,False,100172.85,100172.84,0,0,0,False,False,False,False,
2026-05-25T08:16:33,arbitrage,0.25,-0.5,0.0003474088444244128,-0.5052111326663662,RHYME_D: Range_Bound_Neutral,Low,False,100172.85,100172.84,0,0,0,False,False,False,False,
2026-05-25T08:17:34,arbitrage,0.25,-0.5,0.0003474088444244128,-0.5052111326663662,RHYME_D: Range_Bound_Neutral,Low,False,100172.85,100172.84,0,0,0,False,False,False,False,
2026-05-25T08:18:35,arbitrage,0.25,-0.5,0.0003474088444244128,-0.5052111326663662,RHYME_D: Range_Bound_Neutral,Low,False,100172.85,100172.84,0,0,0,False,False,False,False,
2026-05-25T08:19:36,arbitrage,0.25,-0.5,0.0003474088444244128,-0.5052111326663662,RHYME_D: Range_Bound_Neutral,Low,False,100172.85,100172.84,0,0,0,False,False,False,False,
2026-05-25T08:20:37,arbitrage,0.25,-0.5,0.0003474088444244128,-0.5052111326663662,RHYME_D: Range_Bound_Neutral,Low,False,100172.85,100172.84,0,0,0,False,False,False,False,
2026-05-25T08:21:38,arbitrage,0.25,-0.5,0.0003474088444244128,-0.5052111326663662,RHYME_D: Range_Bound_Neutral,Low,False,100172.85,100172.84,0,0,0,False,False,False,False,
2026-05-25T08:22:39,arbitrage,0.25,-0.5,0.0003474088444244128,-0.5052111326663662,RHYME_D: Range_Bound_Neutral,Low,False,100172.85,100172.84,0,0,0,False,False,False,False,
2026-05-25T08:23:42,arbitrage,0.25,-0.5,-0.0008784585151166979,-0.48682312227324953,RHYME_D: Range_Bound_Neutral,Low,False,100172.85,100172.84,0,0,0,False,False,False,False,
2026-05-25T08:24:43,arbitrage,0.25,-0.5,-0.0008784585151166979,-0.48682312227324953,RHYME_D: Range_Bound_Neutral,Low,False,100172.85,100172.84,0,0,0,False,False,False,False,
2026-05-25T08:25:44,arbitrage,0.25,-0.5,-0.0008784585151166979,-0.48682312227324953,RHYME_D: Range_Bound_Neutral,Low,False,100172.85,100172.84,0,0,0,False,False,False,False,
2026-05-25T08:26:45,arbitrage,0.25,-0.5,-0.0008784585151166979,-0.48682312227324953,RHYME_D: Range_Bound_Neutral,Low,False,100172.85,100172.84,0,0,0,False,False,False,False,
2026-05-25T08:27:45,arbitrage,0.25,-0.5,-0.0008784585151166979,-0.48682312227324953,RHYME_D: Range_Bound_Neutral,Low,False,100172.85,100172.84,0,0,0,False,False,False,False,
2026-05-25T08:28:46,arbitrage,0.25,-0.5,-0.0008784585151166979,-0.48682312227324953,RHYME_D: Range_Bound_Neutral,Low,False,100172.85,100172.84,0,0,0,False,False,False,False,
2026-05-25T08:29:47,arbitrage,0.25,-0.5,-0.0008784585151166979,-0.48682312227324953,RHYME_D: Range_Bound_Neutral,Low,False,100172.85,100172.84,0,0,0,False,False,False,False,
2026-05-25T08:30:48,arbitrage,0.25,-0.5,-0.0008784585151166979,-0.48682312227324953,RHYME_D: Range_Bound_Neutral,Low,False,100172.85,100172.84,0,0,0,False,False,False,False,
2026-05-25T08:31:49,arbitrage,0.25,-0.5,5.333929494555356e-05,-0.5008000894241833,RHYME_D: Range_Bound_Neutral,Low,False,100172.85,100172.84,0,0,0,False,False,False,False,
2026-05-25T08:32:50,arbitrage,0.25,-0.5,5.333929494555356e-05,-0.5008000894241833,RHYME_D: Range_Bound_Neutral,Low,False,100172.85,100172.84,0,0,0,False,False,False,False,
2026-05-25T08:33:51,arbitrage,0.25,-0.5,5.333929494555356e-05,-0.5008000894241833,RHYME_D: Range_Bound_Neutral,Low,False,100172.85,100172.84,0,0,0,False,False,False,False,
2026-05-25T08:34:52,arbitrage,0.25,-0.5,5.333929494555356e-05,-0.5008000894241833,RHYME_D: Range_Bound_Neutral,Low,False,100172.85,100172.84,0,0,0,False,False,False,False,
2026-05-25T08:35:53,arbitrage,0.25,-0.5,5.333929494555356e-05,-0.5008000894241833,RHYME_D: Range_Bound_Neutral,Low,False,100172.85,100172.84,0,0,0,False,False,False,False,
2026-05-25T08:36:54,arbitrage,0.25,-0.5,5.333929494555356e-05,-0.5008000894241833,RHYME_D: Range_Bound_Neutral,Low,False,100172.85,100172.84,0,0,0,False,False,False,False,
2026-05-25T08:37:56,arbitrage,0.25,-0.5,5.333929494555356e-05,-0.5008000894241833,RHYME_D: Range_Bound_Neutral,Low,False,100172.85,100172.84,0,0,0,False,False,False,False,
2026-05-25T08:38:58,arbitrage,0.25,-0.5,-0.0008784585151166979,-0.48682312227324953,RHYME_D: Range_Bound_Neutral,Low,False,100172.85,100172.84,0,0,0,False,False,False,False,
2026-05-25T08:39:59,arbitrage,0.25,-0.5,-0.0008784585151166979,-0.48682312227324953,RHYME_D: Range_Bound_Neutral,Low,False,100172.85,100172.84,0,0,0,False,False,False,False,
2026-05-25T08:41:00,arbitrage,0.25,-0.5,-0.0008784585151166979,-0.48682312227324953,RHYME_D: Range_Bound_Neutral,Low,False,100172.85,100172.84,0,0,0,False,False,False,False,
2026-05-25T08:42:01,arbitrage,0.25,-0.5,-0.0008784585151166979,-0.48682312227324953,RHYME_D: Range_Bound_Neutral,Low,False,100172.85,100172.84,0,0,0,False,False,False,False,
2026-05-25T08:43:02,arbitrage,0.25,-0.5,-0.0008784585151166979,-0.48682312227324953,RHYME_D: Range_Bound_Neutral,Low,False,100172.85,100172.84,0,0,0,False,False,False,False,
2026-05-25T08:44:03,arbitrage,0.25,-0.5,-0.0008784585151166979,-0.48682312227324953,RHYME_D: Range_Bound_Neutral,Low,False,100172.85,100172.84,0,0,0,False,False,False,False,
2026-05-25T08:45:04,arbitrage,0.25,-0.5,-0.0008784585151166979,-0.48682312227324953,RHYME_D: Range_Bound_Neutral,Low,False,100172.85,100172.84,0,0,0,False,False,False,False,
2026-05-25T08:46:05,arbitrage,0.25,-0.5,-0.0008784585151166979,-0.48682312227324953,RHYME_D: Range_Bound_Neutral,Low,False,100172.85,100172.84,0,0,0,False,False,False,False,
2026-05-25T08:47:06,arbitrage,0.25,-0.5,-0.00010662516817083745,-0.49840062247743744,RHYME_D: Range_Bound_Neutral,Low,False,100172.85,100172.84,0,0,0,False,False,False,False,
2026-05-25T08:48:07,arbitrage,0.25,-0.5,-0.00010662516817083745,-0.49840062247743744,RHYME_D: Range_Bound_Neutral,Low,False,100172.85,100172.84,0,0,0,False,False,False,False,
2026-05-25T08:49:08,arbitrage,0.25,-0.5,-0.00010662516817083745,-0.49840062247743744,RHYME_D: Range_Bound_Neutral,Low,False,100172.85,100172.84,0,0,0,False,False,False,False,
2026-05-25T08:50:09,arbitrage,0.25,-0.5,-0.00010662516817083745,-0.49840062247743744,RHYME_D: Range_Bound_Neutral,Low,False,100172.85,100172.84,0,0,0,False,False,False,False,
2026-05-25T08:51:10,arbitrage,0.25,-0.5,-0.00010662516817083745,-0.49840062247743744,RHYME_D: Range_Bound_Neutral,Low,False,100172.85,100172.84,0,0,0,False,False,False,False,
2026-05-25T08:52:11,arbitrage,0.25,-0.5,-0.00010662516817083745,-0.49840062247743744,RHYME_D: Range_Bound_Neutral,Low,False,100172.85,100172.84,0,0,0,False,False,False,False,
2026-05-25T08:53:12,arbitrage,0.25,-0.5,-0.00010662516817083745,-0.49840062247743744,RHYME_D: Range_Bound_Neutral,Low,False,100172.85,100172.84,0,0,0,False,False,False,False,
