month,best_sim_mode,recommendation,baseline_return_pct,web_regime_return_pct,arbitrage_return_pct,wisdom_pause_return_pct
2017-01,baseline,Stay on arbitrage — within 2% of best sim mode baseline (-0.2% vs -0.2%).,-0.23,-0.23,-0.23,-0.23
2017-02,baseline,Stay on arbitrage — within 2% of best sim mode baseline (+3.3% vs +3.3%).,3.32,3.25,3.32,3.23
2017-03,web_regime,Stay on arbitrage — within 2% of best sim mode web_regime (-1.6% vs -1.5%).,-1.57,-1.53,-1.57,-1.55
2017-04,web_regime,Stay on arbitrage — within 2% of best sim mode web_regime (-1.7% vs -1.6%).,-1.72,-1.61,-1.72,-1.69
2017-05,web_regime,Stay on arbitrage — within 2% of best sim mode web_regime (+4.6% vs +4.8%).,4.64,4.77,4.64,4.7
2017-06,baseline,Stay on arbitrage — within 2% of best sim mode baseline (+2.5% vs +2.5%).,2.5,2.5,2.5,2.43
2017-07,wisdom_pause,Stay on arbitrage — within 2% of best sim mode wisdom_pause (+4.3% vs +4.4%).,4.34,4.21,4.34,4.44
2017-08,web_regime,Stay on arbitrage — within 2% of best sim mode web_regime (+0.9% vs +1.0%).,0.89,1.02,0.89,0.97
2017-09,wisdom_pause,Stay on arbitrage — within 2% of best sim mode wisdom_pause (+2.3% vs +2.4%).,2.3,2.27,2.3,2.35
2017-10,wisdom_pause,Stay on arbitrage — within 2% of best sim mode wisdom_pause (+3.8% vs +4.0%).,3.82,3.84,3.82,4.01
2017-11,baseline,Stay on arbitrage — within 2% of best sim mode baseline (+0.2% vs +0.2%).,0.18,0.14,0.18,0.13
2017-12,baseline,Stay on arbitrage — within 2% of best sim mode baseline (+0.2% vs +0.2%).,0.25,0.25,0.25,0.2
2018-01,wisdom_pause,Stay on arbitrage — within 2% of best sim mode wisdom_pause (+14.0% vs +14.1%).,14.02,13.99,14.02,14.14
2018-02,wisdom_pause,Stay on arbitrage — within 2% of best sim mode wisdom_pause (-2.4% vs -2.3%).,-2.42,-2.37,-2.42,-2.33
2018-03,wisdom_pause,Stay on arbitrage — within 2% of best sim mode wisdom_pause (-3.0% vs -2.9%).,-2.96,-3.05,-2.96,-2.91
2018-04,web_regime,Stay on arbitrage — within 2% of best sim mode web_regime (-0.8% vs -0.7%).,-0.76,-0.74,-0.76,-0.85
2018-05,baseline,Stay on arbitrage — within 2% of best sim mode baseline (+5.8% vs +5.8%).,5.79,5.63,5.79,5.76
2018-06,web_regime,Stay on arbitrage — within 2% of best sim mode web_regime (-2.5% vs -2.4%).,-2.47,-2.37,-2.47,-2.56
2018-07,baseline,Stay on arbitrage — within 2% of best sim mode baseline (+5.9% vs +5.9%).,5.88,5.7,5.88,5.82
2018-08,baseline,Stay on arbitrage — within 2% of best sim mode baseline (+10.2% vs +10.2%).,10.21,10.02,10.21,10.13
2018-09,baseline,Stay on arbitrage — within 2% of best sim mode baseline (+3.0% vs +3.0%).,2.96,2.75,2.96,2.79
2018-10,web_regime,Stay on arbitrage — within 2% of best sim mode web_regime (-18.8% vs -18.5%).,-18.84,-18.53,-18.84,-18.79
2018-11,baseline,Stay on arbitrage — within 2% of best sim mode baseline (-7.9% vs -7.9%).,-7.92,-7.95,-7.92,-8.21
2018-12,web_regime,Stay on arbitrage — within 2% of best sim mode web_regime (-11.6% vs -11.6%).,-11.64,-11.6,-11.64,-11.73
2019-01,baseline,Stay on arbitrage — within 2% of best sim mode baseline (+12.7% vs +12.7%).,12.74,12.44,12.74,12.58
2019-02,wisdom_pause,Stay on arbitrage — within 2% of best sim mode wisdom_pause (+2.4% vs +2.5%).,2.42,2.5,2.42,2.54
2019-03,wisdom_pause,Stay on arbitrage — within 2% of best sim mode wisdom_pause (+4.2% vs +4.2%).,4.18,4.08,4.18,4.22
2019-04,baseline,Stay on arbitrage — within 2% of best sim mode baseline (+2.1% vs +2.1%).,2.07,1.96,2.07,2.06
2019-05,baseline,Stay on arbitrage — within 2% of best sim mode baseline (-8.2% vs -8.2%).,-8.15,-8.31,-8.15,-8.41
2019-06,wisdom_pause,Stay on arbitrage — within 2% of best sim mode wisdom_pause (+11.2% vs +11.2%).,11.15,11.2,11.15,11.24
2019-07,web_regime,Stay on arbitrage — within 2% of best sim mode web_regime (+1.3% vs +1.4%).,1.29,1.38,1.29,1.37
2019-08,baseline,Stay on arbitrage — within 2% of best sim mode baseline (+0.3% vs +0.3%).,0.29,0.25,0.29,0.29
2019-09,web_regime,Stay on arbitrage — within 2% of best sim mode web_regime (+0.1% vs +0.2%).,0.09,0.17,0.09,0.16
2019-10,web_regime,Stay on arbitrage — within 2% of best sim mode web_regime (+9.9% vs +9.9%).,9.87,9.94,9.87,9.92
2019-11,baseline,Stay on arbitrage — within 2% of best sim mode baseline (+5.4% vs +5.4%).,5.39,5.35,5.39,5.38
2019-12,web_regime,Stay on arbitrage — within 2% of best sim mode web_regime (+8.0% vs +8.0%).,7.98,8.03,7.98,7.94
2020-01,web_regime,Stay on arbitrage — within 2% of best sim mode web_regime (+2.4% vs +2.8%).,2.44,2.82,2.44,2.46
2020-02,wisdom_pause,Stay on arbitrage — within 2% of best sim mode wisdom_pause (-2.3% vs -2.1%).,-2.26,-2.17,-2.26,-2.07
2020-03,wisdom_pause,Stay on arbitrage — within 2% of best sim mode wisdom_pause (-8.4% vs -8.4%).,-8.41,-8.59,-8.41,-8.36
2020-04,web_regime,Stay on arbitrage — within 2% of best sim mode web_regime (+21.3% vs +21.6%).,21.27,21.63,21.27,21.24
2020-05,wisdom_pause,Stay on arbitrage — within 2% of best sim mode wisdom_pause (+13.8% vs +14.0%).,13.81,13.96,13.81,14.03
2020-06,web_regime,Stay on arbitrage — within 2% of best sim mode web_regime (+2.8% vs +3.0%).,2.75,3.01,2.75,2.85
2020-07,baseline,Stay on arbitrage — within 2% of best sim mode baseline (+18.2% vs +18.2%).,18.16,18.06,18.16,17.85
2020-08,web_regime,Stay on arbitrage — within 2% of best sim mode web_regime (+19.6% vs +20.6%).,19.62,20.58,19.62,19.8
2020-09,wisdom_pause,Stay on arbitrage — within 2% of best sim mode wisdom_pause (-5.9% vs -5.8%).,-5.94,-5.95,-5.94,-5.82
2020-10,wisdom_pause,Stay on arbitrage — within 2% of best sim mode wisdom_pause (-7.9% vs -7.9%).,-7.9,-8.0,-7.9,-7.89
2020-11,web_regime,Stay on arbitrage — within 2% of best sim mode web_regime (+16.4% vs +16.9%).,16.36,16.91,16.36,16.2
2020-12,web_regime,Stay on arbitrage — within 2% of best sim mode web_regime (+3.1% vs +3.6%).,3.08,3.6,3.08,3.08
2021-01,web_regime,Stay on arbitrage — within 2% of best sim mode web_regime (-0.6% vs -0.1%).,-0.56,-0.09,-0.56,-0.48
2021-02,wisdom_pause,Stay on arbitrage — within 2% of best sim mode wisdom_pause (-1.0% vs -1.0%).,-1.01,-1.67,-1.01,-0.98
2021-03,wisdom_pause,Stay on arbitrage — within 2% of best sim mode wisdom_pause (-3.7% vs -3.6%).,-3.66,-3.72,-3.66,-3.63
2021-04,web_regime,Stay on arbitrage — within 2% of best sim mode web_regime (+5.0% vs +5.1%).,4.98,5.08,4.98,5.06
2021-05,wisdom_pause,Stay on arbitrage — within 2% of best sim mode wisdom_pause (+1.5% vs +1.6%).,1.5,1.12,1.5,1.57
2021-06,wisdom_pause,Stay on arbitrage — within 2% of best sim mode wisdom_pause (+12.6% vs +12.7%).,12.62,12.51,12.62,12.74
2021-07,baseline,Stay on arbitrage — within 2% of best sim mode baseline (+2.2% vs +2.2%).,2.18,2.06,2.18,2.01
2021-08,wisdom_pause,Stay on arbitrage — within 2% of best sim mode wisdom_pause (+8.2% vs +8.3%).,8.15,8.17,8.15,8.29
2021-09,web_regime,Stay on arbitrage — within 2% of best sim mode web_regime (-5.6% vs -5.3%).,-5.57,-5.31,-5.57,-5.61
2021-10,web_regime,Stay on arbitrage — within 2% of best sim mode web_regime (+18.6% vs +19.3%).,18.61,19.33,18.61,18.76
2021-11,wisdom_pause,Stay on arbitrage — within 2% of best sim mode wisdom_pause (+14.2% vs +14.2%).,14.16,13.4,14.16,14.21
2021-12,baseline,Stay on arbitrage — within 2% of best sim mode baseline (-2.8% vs -2.8%).,-2.84,-2.86,-2.84,-2.89
2022-01,web_regime,Stay on arbitrage — within 2% of best sim mode web_regime (-14.4% vs -14.2%).,-14.36,-14.24,-14.36,-14.38
2022-02,baseline,Stay on arbitrage — within 2% of best sim mode baseline (-0.6% vs -0.6%).,-0.64,-0.9,-0.64,-0.76
2022-03,web_regime,Stay on arbitrage — within 2% of best sim mode web_regime (+8.8% vs +9.4%).,8.8,9.37,8.8,9.05
2022-04,web_regime,Stay on arbitrage — within 2% of best sim mode web_regime (-21.5% vs -21.5%).,-21.49,-21.48,-21.49,-21.68
2022-05,baseline,Stay on arbitrage — within 2% of best sim mode baseline (+3.3% vs +3.3%).,3.32,2.65,3.32,3.13
2022-06,web_regime,Stay on arbitrage — within 2% of best sim mode web_regime (-15.2% vs -15.0%).,-15.21,-14.97,-15.21,-15.17
2022-07,web_regime,Stay on arbitrage — within 2% of best sim mode web_regime (+20.8% vs +21.1%).,20.81,21.07,20.81,20.84
2022-08,web_regime,Stay on arbitrage — within 2% of best sim mode web_regime (-10.7% vs -10.7%).,-10.72,-10.65,-10.72,-10.88
2022-09,web_regime,Stay on arbitrage — within 2% of best sim mode web_regime (-13.2% vs -12.8%).,-13.16,-12.81,-13.16,-13.14
2022-10,wisdom_pause,Stay on arbitrage — within 2% of best sim mode wisdom_pause (+3.9% vs +4.0%).,3.93,3.3,3.93,4.04
2022-11,wisdom_pause,Stay on arbitrage — within 2% of best sim mode wisdom_pause (+14.2% vs +14.3%).,14.23,13.26,14.23,14.3
2022-12,baseline,Stay on arbitrage — within 2% of best sim mode baseline (-14.3% vs -14.3%).,-14.35,-14.87,-14.35,-14.36
2023-01,web_regime,Stay on arbitrage — within 2% of best sim mode web_regime (+20.1% vs +20.6%).,20.07,20.55,20.07,20.41
2023-02,web_regime,Stay on arbitrage — within 2% of best sim mode web_regime (+2.7% vs +3.0%).,2.67,2.98,2.67,2.89
2023-03,wisdom_pause,Stay on arbitrage — within 2% of best sim mode wisdom_pause (+14.7% vs +14.8%).,14.7,14.38,14.7,14.79
2023-04,wisdom_pause,Stay on arbitrage — within 2% of best sim mode wisdom_pause (-2.9% vs -2.8%).,-2.88,-3.19,-2.88,-2.8
2023-05,wisdom_pause,Stay on arbitrage — within 2% of best sim mode wisdom_pause (+21.9% vs +22.1%).,21.91,21.97,21.91,22.11
2023-06,web_regime,Stay on arbitrage — within 2% of best sim mode web_regime (+4.9% vs +5.3%).,4.92,5.35,4.92,5.04
2023-07,wisdom_pause,Stay on arbitrage — within 2% of best sim mode wisdom_pause (+6.8% vs +6.9%).,6.8,6.76,6.8,6.92
2023-08,wisdom_pause,Stay on arbitrage — within 2% of best sim mode wisdom_pause (+0.8% vs +0.9%).,0.77,0.81,0.77,0.95
2023-09,web_regime,Stay on arbitrage — within 2% of best sim mode web_regime (-7.5% vs -7.3%).,-7.48,-7.34,-7.48,-7.56
2023-10,baseline,Stay on arbitrage — within 2% of best sim mode baseline (-6.1% vs -6.1%).,-6.06,-6.35,-6.06,-6.11
2023-11,web_regime,Stay on arbitrage — within 2% of best sim mode web_regime (+10.9% vs +11.0%).,10.88,10.97,10.88,10.88
2023-12,baseline,Stay on arbitrage — within 2% of best sim mode baseline (+8.6% vs +8.6%).,8.58,8.44,8.58,8.48
