benchmark_return_pct,chunk_pct,cofire_pct,crypto_signals,end_date,final_equity,halt_events,halt_liquidations,max_drawdown_pct,nyse_beta,nyse_signals,pause_days,resume_events,sharpe,sim_days,spy_exit,spy_fill,spy_ladder,spy_signals,start_date,total_orders,total_return_pct,variant,window
43.63,0.05,0.06,10,2026-05-22,9740.3,6,7,-24.8,False,26,0,5,0.05,728,True,"{'tracking': False, 'first_signal_cycle': None, 'spy_buys': 0, 'cycles_to_90pct': None, 'trades_to_90pct': None, 'hours_to_90pct': None, 'reached_90pct': False}",False,32,2024-05-24,68,-2.6,baseline,500d
43.63,0.05,0.06,10,2026-05-22,9740.3,6,7,-24.8,False,26,0,5,0.05,728,False,"{'tracking': False, 'first_signal_cycle': None, 'spy_buys': 0, 'cycles_to_90pct': None, 'trades_to_90pct': None, 'hours_to_90pct': None, 'reached_90pct': False}",False,32,2024-05-24,68,-2.6,spy_exit_off,500d
43.63,0.05,0.06,12,2026-05-22,9634.53,5,6,-24.68,False,30,0,4,0.03,728,True,"{'tracking': False, 'first_signal_cycle': None, 'spy_buys': 0, 'cycles_to_90pct': None, 'trades_to_90pct': None, 'hours_to_90pct': None, 'reached_90pct': False}",True,100,2024-05-24,142,-3.65,spy_ladder,500d
43.63,0.05,0.06,10,2026-05-22,10132.67,3,4,-24.17,True,28,0,2,0.14,728,True,"{'tracking': False, 'first_signal_cycle': None, 'spy_buys': 0, 'cycles_to_90pct': None, 'trades_to_90pct': None, 'hours_to_90pct': None, 'reached_90pct': False}",False,25,2024-05-24,63,1.33,nyse_beta,500d
43.63,0.05,0.05,11,2026-05-22,9704.46,6,7,-24.87,False,27,0,5,0.05,728,True,"{'tracking': False, 'first_signal_cycle': None, 'spy_buys': 0, 'cycles_to_90pct': None, 'trades_to_90pct': None, 'hours_to_90pct': None, 'reached_90pct': False}",False,34,2024-05-24,72,-2.96,cofire_5,500d
43.63,0.05,0.08,10,2026-05-22,9781.16,5,6,-24.66,False,24,0,4,0.06,728,True,"{'tracking': False, 'first_signal_cycle': None, 'spy_buys': 0, 'cycles_to_90pct': None, 'trades_to_90pct': None, 'hours_to_90pct': None, 'reached_90pct': False}",False,30,2024-05-24,64,-2.19,cofire_8,500d
43.63,0.04,0.06,12,2026-05-22,9766.95,5,6,-24.41,False,26,0,4,0.06,728,True,"{'tracking': False, 'first_signal_cycle': None, 'spy_buys': 0, 'cycles_to_90pct': None, 'trades_to_90pct': None, 'hours_to_90pct': None, 'reached_90pct': False}",False,33,2024-05-24,71,-2.33,chunk_4,500d
43.63,0.06,0.06,10,2026-05-22,9618.83,5,6,-24.96,False,21,0,4,0.03,728,True,"{'tracking': False, 'first_signal_cycle': None, 'spy_buys': 0, 'cycles_to_90pct': None, 'trades_to_90pct': None, 'hours_to_90pct': None, 'reached_90pct': False}",False,33,2024-05-24,64,-3.81,chunk_6,500d
43.63,0.07,0.06,10,2026-05-22,9583.23,5,6,-25.61,False,17,0,4,0.03,728,True,"{'tracking': False, 'first_signal_cycle': None, 'spy_buys': 0, 'cycles_to_90pct': None, 'trades_to_90pct': None, 'hours_to_90pct': None, 'reached_90pct': False}",False,31,2024-05-24,58,-4.17,chunk_7,500d
43.63,0.05,0.05,11,2026-05-22,9704.46,6,7,-24.87,False,27,0,5,0.05,728,True,"{'tracking': False, 'first_signal_cycle': None, 'spy_buys': 0, 'cycles_to_90pct': None, 'trades_to_90pct': None, 'hours_to_90pct': None, 'reached_90pct': False}",False,34,2024-05-24,72,-2.96,grid_e1_l0_b0_c5,500d
43.63,0.05,0.08,10,2026-05-22,9781.16,5,6,-24.66,False,24,0,4,0.06,728,True,"{'tracking': False, 'first_signal_cycle': None, 'spy_buys': 0, 'cycles_to_90pct': None, 'trades_to_90pct': None, 'hours_to_90pct': None, 'reached_90pct': False}",False,30,2024-05-24,64,-2.19,grid_e1_l0_b0_c8,500d
43.63,0.05,0.05,10,2026-05-22,10054.33,3,4,-24.32,True,28,0,2,0.12,728,True,"{'tracking': False, 'first_signal_cycle': None, 'spy_buys': 0, 'cycles_to_90pct': None, 'trades_to_90pct': None, 'hours_to_90pct': None, 'reached_90pct': False}",False,27,2024-05-24,65,0.54,grid_e1_l0_b1_c5,500d
43.63,0.05,0.06,10,2026-05-22,10132.67,3,4,-24.17,True,28,0,2,0.14,728,True,"{'tracking': False, 'first_signal_cycle': None, 'spy_buys': 0, 'cycles_to_90pct': None, 'trades_to_90pct': None, 'hours_to_90pct': None, 'reached_90pct': False}",False,25,2024-05-24,63,1.33,grid_e1_l0_b1_c6,500d
43.63,0.05,0.08,10,2026-05-22,10501.31,4,5,-23.54,True,18,0,3,0.22,728,True,"{'tracking': False, 'first_signal_cycle': None, 'spy_buys': 0, 'cycles_to_90pct': None, 'trades_to_90pct': None, 'hours_to_90pct': None, 'reached_90pct': False}",False,25,2024-05-24,53,5.01,grid_e1_l0_b1_c8,500d
43.63,0.05,0.05,13,2026-05-22,9626.15,6,7,-24.76,False,31,0,5,0.03,728,True,"{'tracking': False, 'first_signal_cycle': None, 'spy_buys': 0, 'cycles_to_90pct': None, 'trades_to_90pct': None, 'hours_to_90pct': None, 'reached_90pct': False}",True,101,2024-05-24,145,-3.74,grid_e1_l1_b0_c5,500d
43.63,0.05,0.06,12,2026-05-22,9634.53,5,6,-24.68,False,30,0,4,0.03,728,True,"{'tracking': False, 'first_signal_cycle': None, 'spy_buys': 0, 'cycles_to_90pct': None, 'trades_to_90pct': None, 'hours_to_90pct': None, 'reached_90pct': False}",True,100,2024-05-24,142,-3.65,grid_e1_l1_b0_c6,500d
43.63,0.05,0.08,11,2026-05-22,9663.73,5,6,-24.6,False,31,0,4,0.04,728,True,"{'tracking': False, 'first_signal_cycle': None, 'spy_buys': 0, 'cycles_to_90pct': None, 'trades_to_90pct': None, 'hours_to_90pct': None, 'reached_90pct': False}",True,101,2024-05-24,143,-3.36,grid_e1_l1_b0_c8,500d
43.63,0.05,0.05,13,2026-05-22,10006.2,4,5,-24.54,True,40,0,3,0.11,728,True,"{'tracking': False, 'first_signal_cycle': None, 'spy_buys': 0, 'cycles_to_90pct': None, 'trades_to_90pct': None, 'hours_to_90pct': None, 'reached_90pct': False}",True,98,2024-05-24,151,0.06,grid_e1_l1_b1_c5,500d
43.63,0.05,0.06,10,2026-05-22,10037.99,3,4,-24.33,True,39,0,2,0.11,728,True,"{'tracking': False, 'first_signal_cycle': None, 'spy_buys': 0, 'cycles_to_90pct': None, 'trades_to_90pct': None, 'hours_to_90pct': None, 'reached_90pct': False}",True,69,2024-05-24,118,0.38,grid_e1_l1_b1_c6,500d
43.63,0.05,0.08,10,2026-05-22,10087.94,3,4,-23.97,True,39,0,2,0.13,728,True,"{'tracking': False, 'first_signal_cycle': None, 'spy_buys': 0, 'cycles_to_90pct': None, 'trades_to_90pct': None, 'hours_to_90pct': None, 'reached_90pct': False}",True,71,2024-05-24,120,0.88,grid_e1_l1_b1_c8,500d
43.63,0.05,0.05,11,2026-05-22,9704.46,6,7,-24.87,False,27,0,5,0.05,728,False,"{'tracking': False, 'first_signal_cycle': None, 'spy_buys': 0, 'cycles_to_90pct': None, 'trades_to_90pct': None, 'hours_to_90pct': None, 'reached_90pct': False}",False,34,2024-05-24,72,-2.96,grid_e0_l0_b0_c5,500d
43.63,0.05,0.06,10,2026-05-22,9740.3,6,7,-24.8,False,26,0,5,0.05,728,False,"{'tracking': False, 'first_signal_cycle': None, 'spy_buys': 0, 'cycles_to_90pct': None, 'trades_to_90pct': None, 'hours_to_90pct': None, 'reached_90pct': False}",False,32,2024-05-24,68,-2.6,grid_e0_l0_b0_c6,500d
43.63,0.05,0.08,10,2026-05-22,9781.16,5,6,-24.66,False,24,0,4,0.06,728,False,"{'tracking': False, 'first_signal_cycle': None, 'spy_buys': 0, 'cycles_to_90pct': None, 'trades_to_90pct': None, 'hours_to_90pct': None, 'reached_90pct': False}",False,30,2024-05-24,64,-2.19,grid_e0_l0_b0_c8,500d
43.63,0.05,0.05,10,2026-05-22,10054.33,3,4,-24.32,True,28,0,2,0.12,728,False,"{'tracking': False, 'first_signal_cycle': None, 'spy_buys': 0, 'cycles_to_90pct': None, 'trades_to_90pct': None, 'hours_to_90pct': None, 'reached_90pct': False}",False,27,2024-05-24,65,0.54,grid_e0_l0_b1_c5,500d
43.63,0.05,0.06,10,2026-05-22,10132.67,3,4,-24.17,True,28,0,2,0.14,728,False,"{'tracking': False, 'first_signal_cycle': None, 'spy_buys': 0, 'cycles_to_90pct': None, 'trades_to_90pct': None, 'hours_to_90pct': None, 'reached_90pct': False}",False,25,2024-05-24,63,1.33,grid_e0_l0_b1_c6,500d
43.63,0.05,0.08,10,2026-05-22,10501.31,4,5,-23.54,True,18,0,3,0.22,728,False,"{'tracking': False, 'first_signal_cycle': None, 'spy_buys': 0, 'cycles_to_90pct': None, 'trades_to_90pct': None, 'hours_to_90pct': None, 'reached_90pct': False}",False,25,2024-05-24,53,5.01,grid_e0_l0_b1_c8,500d
43.63,0.05,0.05,13,2026-05-22,9626.15,6,7,-24.76,False,31,0,5,0.03,728,False,"{'tracking': False, 'first_signal_cycle': None, 'spy_buys': 0, 'cycles_to_90pct': None, 'trades_to_90pct': None, 'hours_to_90pct': None, 'reached_90pct': False}",True,101,2024-05-24,145,-3.74,grid_e0_l1_b0_c5,500d
43.63,0.05,0.06,12,2026-05-22,9634.53,5,6,-24.68,False,30,0,4,0.03,728,False,"{'tracking': False, 'first_signal_cycle': None, 'spy_buys': 0, 'cycles_to_90pct': None, 'trades_to_90pct': None, 'hours_to_90pct': None, 'reached_90pct': False}",True,100,2024-05-24,142,-3.65,grid_e0_l1_b0_c6,500d
43.63,0.05,0.08,11,2026-05-22,9663.73,5,6,-24.6,False,31,0,4,0.04,728,False,"{'tracking': False, 'first_signal_cycle': None, 'spy_buys': 0, 'cycles_to_90pct': None, 'trades_to_90pct': None, 'hours_to_90pct': None, 'reached_90pct': False}",True,101,2024-05-24,143,-3.36,grid_e0_l1_b0_c8,500d
43.63,0.05,0.05,13,2026-05-22,10006.2,4,5,-24.54,True,40,0,3,0.11,728,False,"{'tracking': False, 'first_signal_cycle': None, 'spy_buys': 0, 'cycles_to_90pct': None, 'trades_to_90pct': None, 'hours_to_90pct': None, 'reached_90pct': False}",True,98,2024-05-24,151,0.06,grid_e0_l1_b1_c5,500d
43.63,0.05,0.06,10,2026-05-22,10037.99,3,4,-24.33,True,39,0,2,0.11,728,False,"{'tracking': False, 'first_signal_cycle': None, 'spy_buys': 0, 'cycles_to_90pct': None, 'trades_to_90pct': None, 'hours_to_90pct': None, 'reached_90pct': False}",True,69,2024-05-24,118,0.38,grid_e0_l1_b1_c6,500d
43.63,0.05,0.08,10,2026-05-22,10087.94,3,4,-23.97,True,39,0,2,0.13,728,False,"{'tracking': False, 'first_signal_cycle': None, 'spy_buys': 0, 'cycles_to_90pct': None, 'trades_to_90pct': None, 'hours_to_90pct': None, 'reached_90pct': False}",True,71,2024-05-24,120,0.88,grid_e0_l1_b1_c8,500d
184.62,0.05,0.06,140,2026-05-22,384009.95,9,11,-54.03,False,71,0,9,1.35,2613,True,"{'tracking': False, 'first_signal_cycle': None, 'spy_buys': 0, 'cycles_to_90pct': None, 'trades_to_90pct': None, 'hours_to_90pct': None, 'reached_90pct': False}",False,80,2019-03-27,291,3740.1,baseline,2000d
184.62,0.05,0.06,140,2026-05-22,384009.95,9,11,-54.03,False,71,0,9,1.35,2613,False,"{'tracking': False, 'first_signal_cycle': None, 'spy_buys': 0, 'cycles_to_90pct': None, 'trades_to_90pct': None, 'hours_to_90pct': None, 'reached_90pct': False}",False,80,2019-03-27,291,3740.1,spy_exit_off,2000d
184.62,0.05,0.06,141,2026-05-22,441049.75,12,16,-58.06,False,110,0,12,1.38,2613,True,"{'tracking': False, 'first_signal_cycle': None, 'spy_buys': 0, 'cycles_to_90pct': None, 'trades_to_90pct': None, 'hours_to_90pct': None, 'reached_90pct': False}",True,243,2019-03-27,494,4310.5,spy_ladder,2000d
184.62,0.05,0.06,135,2026-05-22,394441.78,9,12,-52.71,True,85,0,9,1.36,2613,True,"{'tracking': False, 'first_signal_cycle': None, 'spy_buys': 0, 'cycles_to_90pct': None, 'trades_to_90pct': None, 'hours_to_90pct': None, 'reached_90pct': False}",False,78,2019-03-27,298,3844.42,nyse_beta,2000d
184.62,0.05,0.05,135,2026-05-22,409366.52,9,11,-52.89,False,76,0,9,1.37,2613,True,"{'tracking': False, 'first_signal_cycle': None, 'spy_buys': 0, 'cycles_to_90pct': None, 'trades_to_90pct': None, 'hours_to_90pct': None, 'reached_90pct': False}",False,81,2019-03-27,292,3993.67,cofire_5,2000d
184.62,0.05,0.08,140,2026-05-22,364895.53,9,11,-53.52,False,73,0,9,1.34,2613,True,"{'tracking': False, 'first_signal_cycle': None, 'spy_buys': 0, 'cycles_to_90pct': None, 'trades_to_90pct': None, 'hours_to_90pct': None, 'reached_90pct': False}",False,71,2019-03-27,284,3548.96,cofire_8,2000d
184.62,0.04,0.06,140,2026-05-22,320860.05,10,12,-53.91,False,72,0,10,1.33,2613,True,"{'tracking': False, 'first_signal_cycle': None, 'spy_buys': 0, 'cycles_to_90pct': None, 'trades_to_90pct': None, 'hours_to_90pct': None, 'reached_90pct': False}",False,77,2019-03-27,289,3108.6,chunk_4,2000d
184.62,0.06,0.06,134,2026-05-22,374623.8,10,12,-52.94,False,70,0,10,1.36,2613,True,"{'tracking': False, 'first_signal_cycle': None, 'spy_buys': 0, 'cycles_to_90pct': None, 'trades_to_90pct': None, 'hours_to_90pct': None, 'reached_90pct': False}",False,76,2019-03-27,280,3646.24,chunk_6,2000d
184.62,0.07,0.06,134,2026-05-22,406746.38,9,11,-52.95,False,70,0,9,1.36,2613,True,"{'tracking': False, 'first_signal_cycle': None, 'spy_buys': 0, 'cycles_to_90pct': None, 'trades_to_90pct': None, 'hours_to_90pct': None, 'reached_90pct': False}",False,77,2019-03-27,281,3967.46,chunk_7,2000d
184.62,0.05,0.05,135,2026-05-22,409366.52,9,11,-52.89,False,76,0,9,1.37,2613,True,"{'tracking': False, 'first_signal_cycle': None, 'spy_buys': 0, 'cycles_to_90pct': None, 'trades_to_90pct': None, 'hours_to_90pct': None, 'reached_90pct': False}",False,81,2019-03-27,292,3993.67,grid_e1_l0_b0_c5,2000d
184.62,0.05,0.08,140,2026-05-22,364895.53,9,11,-53.52,False,73,0,9,1.34,2613,True,"{'tracking': False, 'first_signal_cycle': None, 'spy_buys': 0, 'cycles_to_90pct': None, 'trades_to_90pct': None, 'hours_to_90pct': None, 'reached_90pct': False}",False,71,2019-03-27,284,3548.96,grid_e1_l0_b0_c8,2000d
184.62,0.05,0.05,135,2026-05-22,403188.15,10,12,-52.88,True,87,0,10,1.36,2613,True,"{'tracking': False, 'first_signal_cycle': None, 'spy_buys': 0, 'cycles_to_90pct': None, 'trades_to_90pct': None, 'hours_to_90pct': None, 'reached_90pct': False}",False,83,2019-03-27,305,3931.88,grid_e1_l0_b1_c5,2000d
184.62,0.05,0.06,135,2026-05-22,394441.78,9,12,-52.71,True,85,0,9,1.36,2613,True,"{'tracking': False, 'first_signal_cycle': None, 'spy_buys': 0, 'cycles_to_90pct': None, 'trades_to_90pct': None, 'hours_to_90pct': None, 'reached_90pct': False}",False,78,2019-03-27,298,3844.42,grid_e1_l0_b1_c6,2000d
184.62,0.05,0.08,140,2026-05-22,362725.31,9,12,-53.57,True,87,0,9,1.34,2613,True,"{'tracking': False, 'first_signal_cycle': None, 'spy_buys': 0, 'cycles_to_90pct': None, 'trades_to_90pct': None, 'hours_to_90pct': None, 'reached_90pct': False}",False,69,2019-03-27,296,3527.25,grid_e1_l0_b1_c8,2000d
184.62,0.05,0.05,142,2026-05-22,465269.13,12,16,-58.42,False,107,0,12,1.39,2613,True,"{'tracking': False, 'first_signal_cycle': None, 'spy_buys': 0, 'cycles_to_90pct': None, 'trades_to_90pct': None, 'hours_to_90pct': None, 'reached_90pct': False}",True,237,2019-03-27,486,4552.69,grid_e1_l1_b0_c5,2000d
184.62,0.05,0.06,141,2026-05-22,441049.75,12,16,-58.06,False,110,0,12,1.38,2613,True,"{'tracking': False, 'first_signal_cycle': None, 'spy_buys': 0, 'cycles_to_90pct': None, 'trades_to_90pct': None, 'hours_to_90pct': None, 'reached_90pct': False}",True,243,2019-03-27,494,4310.5,grid_e1_l1_b0_c6,2000d
184.62,0.05,0.08,141,2026-05-22,414883.7,11,13,-57.44,False,104,0,11,1.37,2613,True,"{'tracking': False, 'first_signal_cycle': None, 'spy_buys': 0, 'cycles_to_90pct': None, 'trades_to_90pct': None, 'hours_to_90pct': None, 'reached_90pct': False}",True,235,2019-03-27,480,4048.84,grid_e1_l1_b0_c8,2000d
184.62,0.05,0.05,143,2026-05-22,427646.41,10,15,-58.4,True,132,0,10,1.37,2613,True,"{'tracking': False, 'first_signal_cycle': None, 'spy_buys': 0, 'cycles_to_90pct': None, 'trades_to_90pct': None, 'hours_to_90pct': None, 'reached_90pct': False}",True,249,2019-03-27,524,4176.46,grid_e1_l1_b1_c5,2000d
184.62,0.05,0.06,142,2026-05-22,420568.25,10,15,-58.13,True,130,0,10,1.36,2613,True,"{'tracking': False, 'first_signal_cycle': None, 'spy_buys': 0, 'cycles_to_90pct': None, 'trades_to_90pct': None, 'hours_to_90pct': None, 'reached_90pct': False}",True,238,2019-03-27,510,4105.68,grid_e1_l1_b1_c6,2000d
184.62,0.05,0.08,142,2026-05-22,412608.26,11,14,-57.32,True,120,0,11,1.36,2613,True,"{'tracking': False, 'first_signal_cycle': None, 'spy_buys': 0, 'cycles_to_90pct': None, 'trades_to_90pct': None, 'hours_to_90pct': None, 'reached_90pct': False}",True,235,2019-03-27,497,4026.08,grid_e1_l1_b1_c8,2000d
184.62,0.05,0.05,135,2026-05-22,409366.52,9,11,-52.89,False,76,0,9,1.37,2613,False,"{'tracking': False, 'first_signal_cycle': None, 'spy_buys': 0, 'cycles_to_90pct': None, 'trades_to_90pct': None, 'hours_to_90pct': None, 'reached_90pct': False}",False,81,2019-03-27,292,3993.67,grid_e0_l0_b0_c5,2000d
184.62,0.05,0.06,140,2026-05-22,384009.95,9,11,-54.03,False,71,0,9,1.35,2613,False,"{'tracking': False, 'first_signal_cycle': None, 'spy_buys': 0, 'cycles_to_90pct': None, 'trades_to_90pct': None, 'hours_to_90pct': None, 'reached_90pct': False}",False,80,2019-03-27,291,3740.1,grid_e0_l0_b0_c6,2000d
184.62,0.05,0.08,140,2026-05-22,364895.53,9,11,-53.52,False,73,0,9,1.34,2613,False,"{'tracking': False, 'first_signal_cycle': None, 'spy_buys': 0, 'cycles_to_90pct': None, 'trades_to_90pct': None, 'hours_to_90pct': None, 'reached_90pct': False}",False,71,2019-03-27,284,3548.96,grid_e0_l0_b0_c8,2000d
184.62,0.05,0.05,135,2026-05-22,403188.15,10,12,-52.88,True,87,0,10,1.36,2613,False,"{'tracking': False, 'first_signal_cycle': None, 'spy_buys': 0, 'cycles_to_90pct': None, 'trades_to_90pct': None, 'hours_to_90pct': None, 'reached_90pct': False}",False,83,2019-03-27,305,3931.88,grid_e0_l0_b1_c5,2000d
184.62,0.05,0.06,135,2026-05-22,394441.78,9,12,-52.71,True,85,0,9,1.36,2613,False,"{'tracking': False, 'first_signal_cycle': None, 'spy_buys': 0, 'cycles_to_90pct': None, 'trades_to_90pct': None, 'hours_to_90pct': None, 'reached_90pct': False}",False,78,2019-03-27,298,3844.42,grid_e0_l0_b1_c6,2000d
184.62,0.05,0.08,140,2026-05-22,362725.31,9,12,-53.57,True,87,0,9,1.34,2613,False,"{'tracking': False, 'first_signal_cycle': None, 'spy_buys': 0, 'cycles_to_90pct': None, 'trades_to_90pct': None, 'hours_to_90pct': None, 'reached_90pct': False}",False,69,2019-03-27,296,3527.25,grid_e0_l0_b1_c8,2000d
184.62,0.05,0.05,142,2026-05-22,465269.13,12,16,-58.42,False,107,0,12,1.39,2613,False,"{'tracking': False, 'first_signal_cycle': None, 'spy_buys': 0, 'cycles_to_90pct': None, 'trades_to_90pct': None, 'hours_to_90pct': None, 'reached_90pct': False}",True,237,2019-03-27,486,4552.69,grid_e0_l1_b0_c5,2000d
184.62,0.05,0.06,141,2026-05-22,441049.75,12,16,-58.06,False,110,0,12,1.38,2613,False,"{'tracking': False, 'first_signal_cycle': None, 'spy_buys': 0, 'cycles_to_90pct': None, 'trades_to_90pct': None, 'hours_to_90pct': None, 'reached_90pct': False}",True,243,2019-03-27,494,4310.5,grid_e0_l1_b0_c6,2000d
184.62,0.05,0.08,141,2026-05-22,414883.7,11,13,-57.44,False,104,0,11,1.37,2613,False,"{'tracking': False, 'first_signal_cycle': None, 'spy_buys': 0, 'cycles_to_90pct': None, 'trades_to_90pct': None, 'hours_to_90pct': None, 'reached_90pct': False}",True,235,2019-03-27,480,4048.84,grid_e0_l1_b0_c8,2000d
184.62,0.05,0.05,143,2026-05-22,427646.41,10,15,-58.4,True,132,0,10,1.37,2613,False,"{'tracking': False, 'first_signal_cycle': None, 'spy_buys': 0, 'cycles_to_90pct': None, 'trades_to_90pct': None, 'hours_to_90pct': None, 'reached_90pct': False}",True,249,2019-03-27,524,4176.46,grid_e0_l1_b1_c5,2000d
184.62,0.05,0.06,142,2026-05-22,420568.25,10,15,-58.13,True,130,0,10,1.36,2613,False,"{'tracking': False, 'first_signal_cycle': None, 'spy_buys': 0, 'cycles_to_90pct': None, 'trades_to_90pct': None, 'hours_to_90pct': None, 'reached_90pct': False}",True,238,2019-03-27,510,4105.68,grid_e0_l1_b1_c6,2000d
184.62,0.05,0.08,142,2026-05-22,412608.26,11,14,-57.32,True,120,0,11,1.36,2613,False,"{'tracking': False, 'first_signal_cycle': None, 'spy_buys': 0, 'cycles_to_90pct': None, 'trades_to_90pct': None, 'hours_to_90pct': None, 'reached_90pct': False}",True,235,2019-03-27,497,4026.08,grid_e0_l1_b1_c8,2000d
