ts_ct,qty_sold,px,qty_before,vti_val,equity,cash,cash_pct,vti_pct,sell_notional,kind,heuristic,would_skip_cash_need,cycle_lag_hours,cycle_stale,order_id
2026-06-01 14:46:12,2.028,373.74,11.929,4458,,,,,757.87,cash_unknown,cash_tight,False,,True,dab8b694-5465-481a-9176-81845624ea27
2026-06-16 14:13:09,81.049,370.75,221.433,82095,98919.0,2366.0,2.4,83.0,30048.45,cash_tight,cash_tight,False,0.003,False,a93b540d-fb3a-4e3d-85f4-bab46214ffd7
2026-06-16 14:14:27,80.036,370.71,220.425,81714,98912.0,29727.0,30.1,82.6,29670.43,cash_unused,cash_unused,True,0.004,False,9c108d5d-49b4-4709-90ae-3a82999a4a39
2026-06-16 14:15:25,80.043,370.68,220.421,81706,98905.0,29721.0,30.1,82.6,29670.5,cash_unused,cash_unused,True,0.0,False,44e88201-0b53-4b8e-8b11-42f8c4a6f12b
2026-06-16 14:17:13,80.059,370.39,220.463,81657,98867.0,29723.0,30.1,82.6,29653.23,cash_unused,cash_unused,True,0.012,False,873fda04-8d71-4fd0-9429-e16e793cfa5a
2026-06-16 14:18:11,80.036,370.57,220.432,81686,98837.0,29705.0,30.1,82.6,29658.99,cash_unused,cash_unused,True,0.004,False,267f64b3-1835-45aa-9a8d-5a76fc558fde
2026-06-16 14:19:11,80.027,370.62,220.425,81693,98863.0,29711.0,30.1,82.6,29659.38,cash_unused,cash_unused,True,0.001,False,4c62f355-d291-4a2e-82ad-db56d37d7825
2026-06-16 14:21:00,80.0,370.87,220.375,81730,98897.0,29714.0,30.0,82.6,29669.54,cash_unused,cash_unused,True,0.012,False,a53887c1-02df-48c6-ae72-6915ba875948
2026-06-16 14:22:09,80.023,370.85,220.369,81724,98925.0,29729.0,30.1,82.6,29676.45,cash_unused,cash_unused,True,0.012,False,1501af5d-a29a-4031-83af-4eb23e9f852e
2026-06-16 14:23:40,80.0,370.88,220.356,81725,98920.0,29733.0,30.1,82.6,29670.41,cash_unused,cash_unused,True,0.016,False,30b4466f-5dd7-4d12-bed2-861f6cad4221
2026-06-16 14:25:28,79.988,371.04,220.328,81751,98935.0,29726.0,30.0,82.6,29678.65,cash_unused,cash_unused,True,0.006,False,62aad0cf-d7bc-4f40-942c-92e59993735c
2026-06-16 14:26:26,80.0,370.88,220.334,81717,98941.0,29733.0,30.1,82.6,29670.35,cash_unused,cash_unused,True,0.005,False,c645043e-cae5-46de-8275-e72c9e94f424
2026-06-16 14:27:18,80.009,370.85,220.338,81713,98904.0,29723.0,30.1,82.6,29671.32,cash_unused,cash_unused,True,0.004,False,ffb1d10a-ad01-46d6-8b61-3d84c5e0bc52
2026-06-16 14:28:13,80.015,370.8,220.343,81703,98898.0,29721.0,30.1,82.6,29669.73,cash_unused,cash_unused,True,0.0,False,7a086850-93be-4c3e-855d-6e63963d65de
2026-06-16 14:30:04,79.993,370.91,220.323,81721,98900.0,29718.0,30.0,82.6,29670.54,cash_unused,cash_unused,True,0.015,False,98a7ef5c-7a1e-4aef-8f02-cdef44468079
2026-06-16 14:31:47,79.986,370.91,220.316,81718,98909.0,29718.0,30.0,82.6,29667.53,cash_unused,cash_unused,True,0.008,False,8460e98e-a053-48a2-9a9b-fc2df8e6c45a
2026-06-16 14:32:41,79.997,370.95,220.333,81733,98900.0,29715.0,30.0,82.6,29675.14,cash_unused,cash_unused,True,0.006,False,a9edddae-897d-4adf-b2bd-70b42dee64c6
2026-06-16 14:34:04,79.996,370.76,220.348,81696,98909.0,29722.0,30.1,82.6,29659.5,cash_unused,cash_unused,True,0.01,False,28ffd43a-eb32-4e47-bc1b-933c50e5468c
2026-06-16 14:34:58,80.023,370.64,220.379,81681,98877.0,29706.0,30.0,82.6,29659.78,cash_unused,cash_unused,True,0.006,False,1e900675-b207-4a0c-a3b5-f11d062ef39e
2026-06-16 14:35:54,80.001,370.67,220.333,81672,98882.0,29700.0,30.0,82.6,29654.1,cash_unused,cash_unused,True,0.003,False,9447b464-724b-441f-9d2b-dc4d9fd3b60b
2026-06-16 14:36:49,80.021,370.6,220.359,81665,98834.0,29696.0,30.0,82.6,29655.6,cash_unused,cash_unused,True,0.001,False,851bc9c0-ac4b-403e-a9b4-070e6efb597c
2026-06-16 14:37:51,77.975,370.65,220.361,81677,98834.0,29696.0,30.0,82.6,28901.59,cash_unused,cash_unused,True,0.018,False,5ce51e4e-6f15-48bf-92b7-2b934aa8015a
2026-06-16 14:55:18,80.012,370.56,220.36,81656,98844.0,-1499.0,-1.5,82.6,29648.96,cash_tight,cash_tight,False,0.0,False,f0418bc6-f088-4016-91f2-1846f6131951
2026-06-16 14:56:08,80.023,370.66,220.359,81678,98844.0,-1499.0,-1.5,82.6,29661.37,cash_tight,cash_tight,False,0.014,False,865e001c-fe0a-4626-8981-d1b71548811f
2026-06-16 14:56:58,80.025,370.51,220.391,81657,98849.0,-1504.0,-1.5,82.6,29649.9,cash_tight,cash_tight,False,0.014,False,faf099f7-2e58-414c-9f06-081482928a7a
2026-06-16 14:58:37,80.034,370.4,220.431,81648,98802.0,28141.0,28.5,82.6,29644.58,cash_tight,cash_tight,False,0.014,False,6ea7ac0d-70f4-4421-b50d-8ff314b76023
2026-06-16 14:59:28,80.021,370.24,220.408,81604,98816.0,-1510.0,-1.5,82.6,29626.97,cash_tight,cash_tight,False,0.013,False,76ea0d4f-a6ec-4596-835a-26c257f6357b
2026-07-08 14:55:31,110.198,368.3,213.246,78538,10068.0,,,780.1,40585.45,cash_unknown,cash_tight,False,390.558,True,d28f3543-d5b6-47f1-b258-8b7fc5151da8
2026-07-09 08:34:14,10.787,369.24,103.048,38049,40135.0,,,94.8,3982.98,cash_unknown,cash_tight,False,0.102,False,d5c82cf6-3f45-4ccb-9583-c89facfdfe32
2026-07-13 13:18:04,92.899,369.92,199.071,73640,45369.0,,,162.3,34365.22,cash_unknown,cash_tight,False,67.756,True,30819764-b3e2-4b9a-addd-6bbe78bd1bc4
2026-07-13 13:21:32,30.914,369.82,199.133,73643,45369.0,,,162.3,11432.69,cash_unknown,cash_tight,False,67.814,True,551456b9-f95c-451e-b4c8-1f9cc0bb82d0
2026-07-13 13:22:00,61.986,369.85,168.219,62216,45369.0,,,137.1,22925.54,cash_unknown,cash_tight,False,67.821,True,a8238938-7382-4aba-a887-34bafd572eee
2026-07-13 13:27:08,40.177,369.89,199.129,73656,45369.0,,,162.3,14861.24,cash_unknown,cash_tight,False,67.907,True,ab7d394f-1c2b-4690-8e7d-78d593ba35d6
2026-07-13 13:27:27,52.75,369.89,158.952,58795,45369.0,,,129.6,19511.68,cash_unknown,cash_tight,False,67.912,True,2d06d449-740a-486a-b1d9-dc15db3b6938
2026-07-14 08:34:13,40.046,370.33,172.602,63920,45369.0,,,140.9,14830.14,cash_unknown,cash_tight,False,87.025,True,d3b2a095-5e4c-475c-8137-633337e6ce25
2026-07-23 13:47:47,57.936,364.18,189.561,69034,97029.0,10297.0,10.6,71.1,21098.96,cash_tight,cash_tight,False,123.17,True,b8c15edb-764b-47c8-be5f-53fcc1fd08e4
2026-07-31 14:20:55,2.587,368.8,131.625,48543,95174.0,13952.0,14.7,51.0,953.91,cash_unused,cash_unused,True,0.019,False,af73b72e-79a6-48a8-b8a7-c3438d4e0d6c
2026-08-05 08:39:46,11.972,382.73,139.231,53288,97515.0,22637.0,23.2,54.6,4581.98,cash_unused,cash_unused,True,0.018,False,d6176a91-358f-4f30-9409-7accfe585699
2026-08-05 08:45:21,10.127,382.89,137.437,52624,97391.0,11036.0,11.3,54.0,3877.55,cash_unused,cash_unused,True,0.026,False,5a244161-f889-43dc-88dc-6fda3352f2a6
2026-08-05 08:50:48,10.024,382.18,137.499,52549,97553.0,13844.0,14.2,53.9,3831.03,cash_unused,cash_unused,True,0.019,False,8b64a59c-1710-4655-a981-08d56556e680
2026-08-05 08:53:25,10.158,382.51,137.672,52661,97458.0,13986.0,14.4,54.0,3885.6,cash_unused,cash_unused,True,0.018,False,f64c0984-5a5f-40de-b2d0-1e25ce360174
2026-08-05 08:56:59,10.205,382.69,137.715,52702,97533.0,12972.0,13.3,54.0,3905.28,cash_unused,cash_unused,True,0.026,False,9a0bc8ca-566e-4434-a1b0-f3560dcbc835
2026-08-05 09:02:37,10.288,382.4,137.701,52657,97623.0,12477.0,12.8,53.9,3934.15,cash_unused,cash_unused,True,0.021,False,cd806ac4-bf36-4b13-8d6c-ead4def5e982
2026-08-05 09:14:58,15.256,382.97,142.863,54713,97501.0,12959.0,13.3,56.1,5842.54,cash_unused,cash_unused,True,0.027,False,817c1cf3-5eae-44e1-a935-6a111af029bd
2026-08-05 09:22:03,10.194,382.54,137.815,52720,97741.0,14323.0,14.7,53.9,3899.46,cash_unused,cash_unused,True,0.019,False,a1582280-c8c9-4aa6-9ff4-b3112517c7a5
2026-08-05 09:39:01,61.224,381.93,188.806,72111,97741.0,14323.0,14.7,73.8,23383.36,cash_tight,cash_tight,False,0.302,False,cbdb7d86-34a6-4531-97a1-ac2e6e8f90cd
2026-08-05 09:54:12,61.242,381.15,188.871,71988,97405.0,27756.0,28.5,73.9,23342.45,cash_unused,cash_unused,True,0.019,False,d7029d10-317a-40af-9dd0-36f1cac19267
2026-08-05 09:59:55,10.279,381.51,137.835,52586,97319.0,27708.0,28.5,54.0,3921.38,cash_unused,cash_unused,True,0.025,False,52066047-7b37-44c9-9fb5-f3289b94fac4
2026-08-05 10:16:38,15.321,381.03,142.984,54481,97361.0,25109.0,25.8,56.0,5837.78,cash_unused,cash_unused,True,0.025,False,ec53d69f-d365-4369-934d-adccf890815c
2026-08-05 10:22:25,10.216,381.02,137.876,52534,97277.0,10374.0,10.7,54.0,3892.61,cash_unused,cash_unused,True,0.018,False,a386d520-9a04-44ff-a74b-6fb7d96084e7
2026-08-05 10:28:39,10.158,380.66,137.877,52484,97305.0,11800.0,12.1,53.9,3866.78,cash_unused,cash_unused,True,0.027,False,847f9346-c07c-4570-9fad-ed324dba90eb
2026-08-05 10:51:21,15.324,380.5,143.125,54458,97274.0,23282.0,23.9,56.0,5830.57,cash_unused,cash_unused,True,0.035,False,8f69df14-6b05-495f-8f08-b04495dc0c9c
2026-08-05 10:56:45,10.217,380.29,138.024,52489,97254.0,10679.0,11.0,54.0,3885.37,cash_unused,cash_unused,True,0.019,False,da97b3c6-bdc5-4029-a7a0-6fac20716152
2026-08-05 11:07:14,10.258,380.06,138.029,52458,97195.0,12776.0,13.1,54.0,3898.47,cash_unused,cash_unused,True,0.026,False,a94427e2-b5ba-44ce-9f52-81f7fb3335e0
2026-08-05 11:16:48,13.773,380.33,141.593,53852,97124.0,13574.0,14.0,55.4,5238.23,cash_unused,cash_unused,True,0.021,False,b447b638-08e2-440c-83c0-b35a82f4e883
2026-08-05 11:25:49,10.247,380.54,138.045,52532,97224.0,7810.0,8.0,54.0,3899.32,cash_unused,cash_unused,True,0.024,False,ab6e4266-a330-4b46-a5f3-4a213bdf724e
2026-08-05 11:33:52,15.337,380.46,143.174,54472,97267.0,15322.0,15.8,56.0,5835.25,cash_unused,cash_unused,True,0.019,False,cf55825a-78e8-4636-977f-e4a1b9345340
2026-08-05 11:38:36,10.242,380.67,138.063,52556,97290.0,12606.0,13.0,54.0,3898.85,cash_unused,cash_unused,True,0.027,False,cc45ceb0-6f14-4804-9b94-007e0c866a53
2026-08-05 11:57:58,15.374,380.83,143.271,54562,97290.0,12606.0,13.0,56.1,5855.04,cash_unused,cash_unused,True,0.35,False,e1de6d26-5195-49b2-9c97-8d040db18c74
2026-08-05 12:01:32,10.21,380.81,138.129,52601,97413.0,11084.0,11.4,54.0,3888.13,cash_unused,cash_unused,True,0.023,False,5464290a-e42b-462b-b1b5-5e041bc728e1
2026-08-05 12:06:53,15.331,380.42,143.282,54507,97372.0,24914.0,25.6,56.0,5832.02,cash_unused,cash_unused,True,0.02,False,3a4659e6-8cd8-46df-8fba-1035dec34273
2026-08-05 12:10:19,10.223,380.44,138.186,52571,97343.0,13733.0,14.1,54.0,3889.28,cash_unused,cash_unused,True,0.025,False,4401583f-869a-4fe6-809b-5f941c4e0593
2026-08-05 12:13:56,10.262,380.59,138.196,52596,97377.0,24911.0,25.6,54.0,3905.59,cash_unused,cash_unused,True,0.02,False,ef3e2656-47d6-4818-95a2-0d6e5b9564d0
2026-08-05 12:18:19,10.211,380.49,143.321,54532,97398.0,30287.0,31.1,56.0,3885.29,cash_unused,cash_unused,True,0.02,False,34dd4e22-f97e-4ad1-a46b-7dbd42486ebb
2026-08-05 12:22:08,15.343,380.49,143.35,54544,97392.0,28339.0,29.1,56.0,5837.72,cash_unused,cash_unused,True,0.026,False,cb382ab9-925c-4f0d-a009-ca2c3d90d22e
2026-08-05 12:27:20,10.214,380.64,138.247,52622,97386.0,32234.0,33.1,54.0,3887.75,cash_unused,cash_unused,True,0.018,False,11304634-65de-4345-a6d1-fdc2c992bee3
2026-08-05 12:29:39,10.153,380.5,138.277,52614,97474.0,28082.0,28.8,54.0,3863.11,cash_unused,cash_unused,True,0.019,False,a67fcae0-dc10-4997-8c2a-c9af834875c2
2026-08-05 12:34:26,10.306,380.54,138.37,52655,97438.0,32672.0,33.5,54.0,3921.89,cash_unused,cash_unused,True,0.025,False,4f1a7f15-9169-4a63-b053-75cc0afeeacf
2026-08-05 12:38:00,10.291,380.65,138.311,52648,97493.0,21315.0,21.9,54.0,3917.28,cash_unused,cash_unused,True,0.019,False,a6f9cbbe-099b-4386-9827-c767f55988a6
2026-08-05 12:41:54,10.268,380.67,138.26,52632,97463.0,21430.0,22.0,54.0,3908.91,cash_unused,cash_unused,True,0.02,False,baef2c16-ea76-4b1d-8744-9676702b823d
2026-08-05 12:44:37,10.257,380.69,138.231,52623,97458.0,21500.0,22.1,54.0,3904.61,cash_unused,cash_unused,True,0.026,False,4fd72d1f-7633-4c4a-b22c-43b7ca0c7ea8
2026-08-05 12:48:53,10.147,380.67,143.436,54602,97453.0,21523.0,22.1,56.0,3862.6,cash_unused,cash_unused,True,0.017,False,d01a4486-d48a-4d9f-9039-9b5c78a9e719
2026-08-05 12:53:08,5.281,380.73,143.371,54586,97500.0,21530.0,22.1,56.0,2010.63,cash_unused,cash_unused,True,0.028,False,479066af-05a2-4d69-ba51-56857529f5ec
2026-08-05 12:58:41,10.1,380.72,138.09,52573,97489.0,31202.0,32.0,53.9,3845.16,cash_unused,cash_unused,True,0.027,False,f115205d-8ded-40dd-8caa-00789a572ca6
2026-08-05 13:19:10,15.374,380.77,143.357,54586,97455.0,29373.0,30.1,56.0,5854.01,cash_unused,cash_unused,True,0.13,False,98da94db-067d-4a83-b04d-632fe690b7ea
