day,rhyme_label_buggy,vol_score_buggy,vol_high_buggy,sentiment_norm_buggy,rhyme_label_eq,vol_score_eq,vol_high_eq,sentiment_norm_eq,rhyme_fixed,vol_fixed,into_AB_fixed,into_AB_equity
2024-02-14,E,0.0,False,-0.3026716306200412,E,0.0,False,-0.3026716306200412,B,0.5072173534358905,True,False
2024-02-15,E,0.0,False,-1.0,E,0.0,False,-1.0,B,0.5057229316258796,True,False
2024-02-16,E,0.0,False,-1.0,E,0.0,False,-1.0,B,0.504724906591015,True,False
2024-02-17,E,0.0,False,-1.0,E,0.0,False,-1.0,B,0.5033608018093298,True,False
2024-02-18,E,0.0,False,-1.0,E,0.0,False,-1.0,B,0.5015046371126662,True,False
2024-02-19,E,0.0,False,-1.0,E,0.0,False,-1.0,B,0.49967965224943944,True,False
2024-02-20,E,0.0,False,-0.252894027989926,E,0.0,False,-0.252894027989926,B,0.49788818045240363,True,False
2024-02-21,E,0.0,False,-0.27010406366284057,E,0.0,False,-0.27010406366284057,B,0.49610226020599607,True,False
2024-02-22,E,0.0,False,-0.25577888878402943,E,0.0,False,-0.25577888878402943,B,0.4943354199620116,True,False
2024-02-23,E,0.0,False,-0.2529940048831044,E,0.0,False,-0.2529940048831044,B,0.49256736488067887,True,False
2024-02-24,E,0.0,False,-1.0,E,0.0,False,-1.0,B,0.495798932421933,True,False
2024-02-25,C,0.0,False,0.6281533838410858,C,0.0,False,0.6281533838410858,A,0.49442635546364505,True,False
2024-02-26,C,0.0,False,1.0,C,0.0,False,1.0,A,0.49313786382931935,True,False
2024-02-27,C,0.0,False,0.32491581784269874,C,0.0,False,0.32491581784269874,A,0.49144722589268247,True,False
2024-02-28,C,0.0,False,0.45612007689460654,C,0.0,False,0.45612007689460654,A,0.48977385525570916,True,False
2024-02-29,C,0.0,False,0.41491711305337287,C,0.0,False,0.41491711305337287,A,0.4881098755247398,True,False
2024-03-01,C,0.0,False,0.27245508147188335,C,0.0,False,0.27245508147188335,A,0.48646550693259527,True,False
2024-03-02,C,0.0,False,0.2824165038105291,C,0.0,False,0.2824165038105291,A,0.48488217059859273,True,False
2024-03-03,C,0.0,False,0.29206964231525334,C,0.0,False,0.29206964231525334,A,0.48327536713384756,True,False
2024-03-04,C,0.0,False,0.2885714424699928,C,0.0,False,0.2885714424699928,A,0.4817267746597047,True,False
2024-03-05,C,0.0,False,0.2808988926707594,C,0.0,False,0.2808988926707594,A,0.4801510966725929,True,False
2024-03-06,C,0.0,False,0.2917847277839192,C,0.0,False,0.2917847277839192,A,0.478582597112768,True,False
2024-03-07,C,0.0,False,0.5756490803239906,C,0.0,False,0.5756490803239906,A,0.4820619955926226,True,False
2024-03-08,C,0.0,False,0.6318864935534529,C,0.0,False,0.6318864935534529,A,0.48094127715523777,True,False
2024-03-09,C,0.0,False,0.676122950543965,C,0.0,False,0.676122950543965,A,0.4794671465640951,True,False
2024-03-10,C,0.0,False,0.6809701669715555,C,0.0,False,0.6809701669715555,A,0.4780574545172209,True,False
2024-03-11,C,0.0,False,0.6514305696802969,C,0.0,False,0.6514305696802969,A,0.4765435817461273,True,False
2024-03-12,C,0.0,False,1.0,C,0.0,False,1.0,A,0.4755387767902759,True,False
2024-03-13,C,0.0,False,1.0,C,0.0,False,1.0,A,0.4740762841697029,True,False
2024-03-14,C,0.0,False,1.0,C,0.0,False,1.0,A,0.47799646291616754,True,False
2024-03-15,C,0.0,False,0.3016643653941675,C,0.0,False,0.3016643653941675,A,0.4765122628985814,True,False
2024-03-16,C,0.0,False,0.3613793161056096,C,0.0,False,0.3613793161056096,A,0.47542879137806526,True,False
2024-03-17,C,0.0,False,0.49401749032398934,C,0.0,False,0.49401749032398934,A,0.47396985596955327,True,False
2024-03-18,C,0.0,False,0.5771857872145991,C,0.0,False,0.5771857872145991,A,0.4726033516074919,True,False
2024-03-19,C,0.0,False,0.5297594735104008,C,0.0,False,0.5297594735104008,A,0.4718831221542364,True,False
2024-03-20,C,0.0,False,0.46385977691419633,C,0.0,False,0.46385977691419633,A,0.4704607550657488,True,False
2024-03-21,C,0.0,False,0.42692572373453674,C,0.0,False,0.42692572373453674,A,0.46956654919239615,True,False
2024-03-22,C,0.0,False,0.37216093143400286,C,0.0,False,0.37216093143400286,A,0.4681906435375318,True,False
2024-03-23,C,0.0,False,0.4013015263247812,C,0.0,False,0.4013015263247812,A,0.4669590989823503,True,False
2024-03-24,C,0.0,False,0.26401674882017767,C,0.0,False,0.26401674882017767,A,0.4656913252975747,True,False
2024-03-25,C,0.0,False,1.0,C,0.0,False,1.0,A,0.4643509813818781,True,False
2024-03-26,C,0.0,False,1.0,C,0.0,False,1.0,A,0.46303294694653635,True,False
2024-03-27,C,0.0,False,1.0,C,0.0,False,1.0,A,0.46171535972037425,True,False
2024-03-28,C,0.0,False,1.0,C,0.0,False,1.0,A,0.46043298405675087,True,False
2024-03-29,C,0.0,False,1.0,C,0.0,False,1.0,A,0.4591374209978514,True,False
2024-03-30,C,0.0,False,0.5493371661937207,C,0.0,False,0.5493371661937207,A,0.457852730413758,True,False
2024-03-31,C,0.0,False,0.1776358211322815,C,0.0,False,0.1776358211322815,A,0.45657876111718443,True,False
2024-04-01,D,0.0,False,0.09122639526834897,D,0.0,False,0.09122639526834897,D,0.4553235657758499,False,False
2024-04-02,D,0.0,False,0.15241563242611944,D,0.0,False,0.15241563242611944,D,0.4540710824680731,False,False
2024-04-03,D,0.0,False,0.5571096830599631,D,0.0,False,0.5571096830599631,D,0.45282887587305437,False,False
2024-04-04,D,0.0,False,1.0,D,0.0,False,1.0,D,0.4515918878942462,False,False
2024-04-05,D,0.0,False,1.0,D,0.0,False,1.0,D,0.4503698605552818,False,False
2024-04-06,D,0.0,False,1.0,D,0.0,False,1.0,D,0.4491576980101894,False,False
2024-04-07,D,0.0,False,0.8756696522242824,D,0.0,False,0.8756696522242824,D,0.4479872420122147,False,False
2024-04-08,D,0.0,False,1.0,D,0.0,False,1.0,D,0.44678117901113523,False,False
2024-04-09,C,0.0,False,1.0,C,0.0,False,1.0,A,0.4456671182818262,True,False
2024-04-10,C,0.0,False,0.5849582098181538,C,0.0,False,0.5849582098181538,A,0.4446417853841073,True,False
2024-04-11,C,0.0,False,-0.03537105211201541,C,0.0,False,-0.03537105211201541,A,0.44347594396576845,True,False
2024-04-12,C,0.0,False,-0.49462564025179123,C,0.0,False,-0.49462564025179123,A,0.4423953297459127,True,False
2024-04-13,C,0.0,False,-1.0,C,0.0,False,-1.0,A,0.4412342319442055,True,False
2024-04-14,C,0.0,False,-1.0,C,0.0,False,-1.0,A,0.4400952722551749,True,False
2024-04-15,C,0.0,False,-1.0,C,0.0,False,-1.0,A,0.4390351053465195,True,False
2024-04-16,C,0.0,False,-0.6556936709760208,C,0.0,False,-0.6556936709760208,A,0.4379139795537101,True,False
2024-04-17,D,0.0,False,0.034103014071655835,D,0.0,False,0.034103014071655835,D,0.43680139700277526,False,False
2024-04-18,D,0.0,False,0.06295596687104665,D,0.0,False,0.06295596687104665,D,0.43587664880439736,False,False
2024-04-19,D,0.0,False,0.29796761002614747,D,0.0,False,0.29796761002614747,D,0.43476805573005395,False,False
2024-04-20,D,0.0,False,0.1243018921118122,D,0.0,False,0.1243018921118122,D,0.4336635916163933,False,False
2024-04-21,D,0.0,False,0.24829079925591468,D,0.0,False,0.24829079925591468,D,0.43256714047844724,False,False
2024-04-22,D,0.0,False,0.37196778483636894,D,0.0,False,0.37196778483636894,D,0.4314955755659337,False,False
2024-04-23,D,0.0,False,1.0,D,0.0,False,1.0,D,0.4304363634434453,False,False
2024-04-24,D,0.0,False,1.0,D,0.0,False,1.0,D,0.4295983345985195,False,False
2024-04-25,C,0.0,False,1.0,C,0.0,False,1.0,A,0.42864311425286206,True,False
2024-04-26,C,0.0,False,1.0,C,0.0,False,1.0,A,0.4278381050552996,True,False
2024-04-27,C,0.0,False,1.0,C,0.0,False,1.0,A,0.42680384890194906,True,False
2024-04-28,C,0.0,False,1.0,C,0.0,False,1.0,A,0.4258504224632815,True,False
2024-04-29,C,0.0,False,0.05211954563318022,C,0.0,False,0.05211954563318022,A,0.42485418688488596,True,False
2024-04-30,C,0.0,False,1.0,C,0.0,False,1.0,A,0.4287466984071183,True,False
2024-05-01,C,0.0,False,1.0,C,0.0,False,1.0,A,0.428127463827976,True,False
2024-05-02,C,0.0,False,1.0,C,0.0,False,1.0,A,0.427255255888128,True,False
2024-05-03,C,0.0,False,1.0,C,0.0,False,1.0,A,0.42623678834785905,True,False
2024-05-04,C,0.0,False,1.0,C,0.0,False,1.0,A,0.4253089774956982,True,False
2024-05-05,E,0.0,False,-0.4175372042302572,E,0.0,False,-0.4175372042302572,B,0.42432019292207446,True,False
2024-05-06,E,0.0,False,-0.9551468883168746,E,0.0,False,-0.9551468883168746,B,0.42333827125249873,True,False
2024-05-07,E,0.0,False,-0.9980103954971248,E,0.0,False,-0.9980103954971248,B,0.4223631334812936,True,False
2024-05-08,E,0.0,False,-1.0,E,0.0,False,-1.0,B,0.4213947018699658,True,False
2024-05-09,E,0.0,False,-1.0,E,0.0,False,-1.0,B,0.4204258093193419,True,False
2024-05-10,E,0.0,False,-1.0,E,0.0,False,-1.0,B,0.419464826055864,True,False
2024-05-11,E,0.0,False,-0.9473338438517187,E,0.0,False,-0.9473338438517187,B,0.41850203221990356,True,False
2024-05-12,E,0.0,False,-0.38933814859629934,E,0.0,False,-0.38933814859629934,B,0.4175541223990715,True,False
2024-05-13,D,0.0,False,0.16908934685073929,D,0.0,False,0.16908934685073929,D,0.4166191587609468,False,False
2024-05-14,D,0.0,False,0.9687887142325313,D,0.0,False,0.9687887142325313,D,0.4156899142684899,False,False
2024-05-15,D,0.0,False,1.0,D,0.0,False,1.0,D,0.4148082192083343,False,False
2024-05-16,D,0.0,False,0.8565394870110232,D,0.0,False,0.8565394870110232,D,0.414150632543434,False,False
2024-05-17,D,0.0,False,-0.7369345972804187,D,0.0,False,-0.7369345972804187,D,0.413888964347651,False,False
2024-05-18,D,0.0,False,-1.0,D,0.0,False,-1.0,D,0.414373878787907,False,False
2024-05-19,D,0.0,False,-1.0,D,0.0,False,-1.0,D,0.41385349958553186,False,False
2024-05-20,D,0.0,False,-1.0,D,0.0,False,-1.0,D,0.41306323444152226,False,False
2024-05-21,E,0.0,False,-1.0,E,0.0,False,-1.0,B,0.4121609479423098,True,False
2024-05-22,E,0.0,False,-1.0,E,0.0,False,-1.0,B,0.4113700920125573,True,False
2024-05-23,E,0.0,False,-0.9487876186928046,E,0.0,False,-0.9487876186928046,B,0.4104882039374947,True,False
2024-05-24,E,0.0,False,-0.8752311807952373,E,0.0,False,-0.8752311807952373,B,0.40991286940304233,True,False
2024-05-25,E,0.0,False,-0.38572151422870404,E,0.0,False,-0.38572151422870404,B,0.40904341037115993,True,False
2024-05-26,E,0.0,False,-0.005093306163038713,E,0.0,False,-0.005093306163038713,B,0.408184671903047,True,False
2024-05-27,E,0.0,False,0.13960711554838579,E,0.0,False,0.13960711554838579,B,0.40756162880838825,True,False
2024-05-28,E,0.0,False,0.28876453308851247,E,0.0,False,0.28876453308851247,B,0.406706452209519,True,False
2024-05-29,E,0.0,False,-0.44712275370935806,E,0.0,False,-0.44712275370935806,B,0.405856635154193,True,False
2024-05-30,E,0.0,False,-1.0,E,0.0,False,-1.0,B,0.4050121219055367,True,False
2024-05-31,E,0.0,False,-1.0,E,0.0,False,-1.0,B,0.4041728575346277,True,False
2024-06-01,E,0.0,False,-1.0,E,0.0,False,-1.0,B,0.4033387879055026,True,False
2024-06-02,E,0.0,False,-1.0,E,0.0,False,-1.0,B,0.4025098596605024,True,False
2024-06-03,E,0.0,False,-0.9656338509064938,E,0.0,False,-0.9656338509064938,B,0.4016860202059483,True,False
2024-06-04,E,0.0,False,-0.7351170661743384,E,0.0,False,-0.7351170661743384,B,0.4008672176981381,True,False
2024-06-20,E,0.0,False,-0.7215302510812938,E,0.0,False,-0.7215302510812938,B,0.4000534010296543,True,False
2024-06-21,E,0.0,False,-0.9542279197340542,E,0.0,False,-0.9542279197340542,B,0.3992445198159781,True,False
2024-06-24,E,0.0,False,-1.0,E,0.011252840549816314,False,-1.0,E,0.015554925925733883,False,False
2024-06-25,E,0.0,False,-0.8366237707438751,E,0.01489082029704855,False,-0.8366237707438751,E,0.01735223859578911,False,False
2024-06-26,E,0.0,False,-0.7782313290384024,E,0.014615205756989878,False,-0.7782313290384024,E,0.017073288006971797,False,False
2024-06-27,D,0.0,False,0.007614990724584825,D,0.014539703642438487,False,0.007614990724584825,E,0.016993193435061577,False,False
2024-06-28,D,0.0,False,0.01350985000471705,D,0.014761518661362254,False,0.01350985000471705,E,0.017208534175365865,False,False
2024-07-01,D,0.0,False,-0.02693719518983617,D,0.014755806033812748,False,-0.02693719518983617,E,0.017197840357696694,False,False
2024-07-02,D,0.0,False,-0.002645030934638193,D,0.01446385052734207,False,-0.002645030934638193,E,0.016902774045794683,False,False
2024-07-03,D,0.0,False,0.02759579654346811,D,0.01417792319183372,False,0.02759579654346811,E,0.01661372644324643,False,False
2024-07-05,D,0.0,False,0.037025146815342636,D,0.014298930025425021,False,0.037025146815342636,D,0.01672902508881589,False,False
2024-07-08,D,0.0,False,0.04420475008545144,D,0.0143845609294356,False,0.04420475008545144,D,0.016809204039889444,False,False
2024-07-09,D,0.0,False,0.06522160663393284,D,0.014292528194831488,False,0.06522160663393284,D,0.01671289034288222,False,False
2024-07-10,D,0.0,False,0.08373415062947975,D,0.014464702568176833,False,0.08373415062947975,D,0.01687911285754194,False,False
2024-07-11,D,0.0,False,0.1251534274796573,D,0.015342612534320945,False,0.1251534274796573,D,0.017746560386627818,False,False
2024-07-12,C,0.0,False,0.18404133903793252,C,0.015185588752954537,False,0.18404133903793252,D,0.01758575733789177,False,False
2024-07-15,C,0.0,False,0.2460998694266514,C,0.0152934292207686,False,0.2460998694266514,D,0.017688142615035866,False,False
2024-07-16,C,0.0,False,0.37148579222467615,C,0.015933051503072122,False,0.37148579222467615,D,0.018318917011766873,False,False
2024-07-17,C,0.0,False,0.4521081467490795,C,0.016687038931405305,False,0.4521081467490795,C,0.019063347954702915,False,False
2024-07-18,C,0.0,False,0.45659308752794225,C,0.016967281293818633,False,0.45659308752794225,C,0.019337107038029686,False,False
2024-07-19,C,0.0,False,0.4194507716685325,C,0.017044016310604048,False,0.4194507716685325,C,0.019408693869105532,False,False
2024-07-22,C,0.0,False,0.3968970977789621,C,0.017076604043782837,False,0.3968970977789621,C,0.019436443439890254,False,False
2024-07-23,C,0.0,False,0.30291469025083173,C,0.01718453908764967,False,0.30291469025083173,C,0.019539081647398697,False,False
2024-07-24,C,0.0,False,0.18228653400918615,C,0.01776488943312237,False,0.18228653400918615,C,0.020111122750509056,False,False
2024-07-25,C,0.0,False,0.12315299981030758,C,0.018002038299554317,False,0.12315299981030758,C,0.02034219485553742,False,False
2024-07-26,C,0.0,False,0.1332301783521539,C,0.018230435130197807,False,0.1332301783521539,C,0.02056459637148585,False,False
2024-07-29,D,0.0,False,0.10730544105854056,D,0.018045939890334883,False,0.10730544105854056,D,0.020376786003954685,False,False
2024-07-30,D,0.0,False,0.09760206149132422,D,0.01823030411830466,False,0.09760206149132422,D,0.020555487722190974,False,False
2024-07-31,D,0.0,False,0.17001629250749772,D,0.01844688332165073,False,0.17001629250749772,D,0.0207662217249871,False,False
2024-08-01,D,0.0,False,0.19109758916481812,D,0.019049463945002485,False,0.19109758916481812,D,0.021360499080746876,False,False
2024-08-02,D,0.0,False,0.0943928637506175,D,0.019817844760845763,False,0.0943928637506175,D,0.022119534427593707,False,False
2024-08-05,D,0.0,False,-0.0718732466004024,D,0.02029344465215852,True,-0.0718732466004024,D,0.022587695506554664,False,False
2024-08-06,D,0.0,False,-0.2222883098453332,D,0.02036264149434979,True,-0.2222883098453332,D,0.02265209066800811,False,False
2024-08-07,D,0.0,False,-0.4120290789192921,D,0.020562567762022498,True,-0.4120290789192921,D,0.022846397947169476,False,False
2024-08-08,E,0.0,False,-0.4773594139489151,B,0.02105485960830544,True,-0.4773594139489151,B,0.02333121382775751,True,True
2024-08-09,E,0.0,False,-0.45094431760610454,B,0.02084180478110836,True,-0.45094431760610454,B,0.02311524200762036,True,True
2024-08-12,E,0.0,False,-0.3337140084920093,B,0.02070652540619208,True,-0.3337140084920093,B,0.022976568253898988,True,True
2024-08-13,E,0.0,False,-0.20116274704385428,B,0.0208159060161284,True,-0.20116274704385428,B,0.023081003685779537,True,True
2024-08-14,E,0.0,False,-0.040581271952981335,B,0.02068590113965211,True,-0.040581271952981335,B,0.02294761546612493,True,True
2024-08-15,E,0.0,False,0.0675192109801992,B,0.0207786809237517,True,0.0675192109801992,B,0.023035601390587065,True,True
2024-08-16,E,0.0,False,0.1700666435906939,B,0.02061150562078828,True,0.1700666435906939,B,0.02286532595354848,True,True
2024-08-19,E,0.0,False,0.31791106088917886,B,0.02053645451980985,True,0.31791106088917886,B,0.02278660407726848,True,True
2024-08-20,C,0.0,False,0.397442295945718,A,0.020401021275643083,True,0.397442295945718,A,0.02264790997579929,True,True
2024-08-21,C,0.0,False,0.47466008877504406,A,0.020276041143477894,True,0.47466008877504406,A,0.022519623185453582,True,True
2024-08-22,C,0.0,False,0.4734938758388929,A,0.020152260656473082,True,0.4734938758388929,A,0.022392549562775973,True,True
2024-08-23,C,0.0,False,0.5166012371502626,A,0.020106233190449897,True,0.5166012371502626,A,0.022342749996695773,True,True
2024-08-26,C,0.0,False,0.5240043834115193,A,0.019963594011925892,False,0.5240043834115193,A,0.022196980890301473,True,True
2024-08-27,C,0.0,False,0.5509334274717959,A,0.01980751718394619,False,0.5509334274717959,A,0.022037881247308422,True,True
2024-08-28,C,0.0,False,0.5395414974164836,A,0.019727653316431178,False,0.5395414974164836,A,0.021954524970603025,True,True
2024-08-29,C,0.0,False,0.5481124525887537,A,0.019859297781849004,False,0.5481124525887537,A,0.02208133719225164,True,True
2024-08-30,C,0.0,False,0.5052484173560401,C,0.019746371846387122,False,0.5052484173560401,A,0.021965171989006,True,False
2024-09-03,C,0.0,False,0.3920788060904534,C,0.019895985061343494,False,0.3920788060904534,A,0.022109877587866655,True,False
2024-09-04,C,0.0,False,0.2888218318647995,C,0.019876223195864632,False,0.2888218318647995,A,0.02208631717382115,True,False
2024-09-05,C,0.0,False,0.18524942792774501,C,0.01979116198679764,False,0.18524942792774501,A,0.021997897020696093,True,False
2024-09-06,D,0.0,False,0.04435998097490068,C,0.01981278113778743,False,0.04435998097490068,D,0.022015490689587715,False,False
2024-09-09,D,0.0,False,-0.09239604015920388,C,0.0197897754167083,False,-0.09239604015920388,D,0.02198876581052555,False,False
2024-09-10,D,0.0,False,-0.16164399090268178,C,0.019747195664168455,False,-0.16164399090268178,D,0.021942611965491996,False,False
2024-09-11,D,0.0,False,-0.20269411247150593,C,0.019734083367580976,False,-0.20269411247150593,D,0.02192575510443295,False,False
2024-09-12,D,0.0,False,-0.1984536732318548,E,0.01965746026848157,False,-0.1984536732318548,D,0.02184581474349795,False,False
2024-09-13,D,0.0,False,-0.09113324493518038,E,0.019606809006493347,False,-0.09113324493518038,D,0.02179169791673406,False,False
2024-09-16,D,0.0,False,-0.009041330665322533,E,0.019522406721148772,False,-0.009041330665322533,D,0.021704065680763666,False,False
2024-09-17,D,0.0,False,0.0791801185211527,E,0.019451095734240847,False,0.0791801185211527,D,0.021629458969570615,False,False
2024-09-18,C,0.0,False,0.14548127239149666,E,0.019349246240925714,False,0.14548127239149666,A,0.021524528406534935,True,False
2024-09-19,C,0.0,False,0.2350429756232908,E,0.01939695982181422,False,0.2350429756232908,A,0.021568217215135597,True,False
2024-09-20,C,0.0,False,0.2713756046044391,E,0.019352150838358985,False,0.2713756046044391,A,0.02151999643170607,True,False
2024-09-23,C,0.0,False,0.3137818760371802,E,0.019273011940873108,False,0.3137818760371802,A,0.021437684332991567,True,False
2024-09-24,C,0.0,False,0.35979622584707216,C,0.019253883229797774,False,0.35979622584707216,A,0.021415014187995834,True,False
2024-09-25,C,0.0,False,0.39206864347095416,C,0.01920324016204487,False,0.39206864347095416,A,0.021361049894806344,True,False
2024-09-26,C,0.0,False,0.3815204006397588,C,0.019240622705020947,False,0.3815204006397588,A,0.021394562535534227,True,False
2024-09-27,C,0.0,False,0.39117531797406846,C,0.01916107490151723,False,0.39117531797406846,A,0.02131191405973565,True,False
2024-09-30,C,0.0,False,0.3986667903567087,C,0.019065284385689236,False,0.3986667903567087,A,0.021213144456215176,True,False
2024-10-01,C,0.0,False,0.3603415609215732,C,0.019063654352617036,False,0.3603415609215732,A,0.021207946796715147,True,False
2024-10-02,C,0.0,False,0.3452982540690608,C,0.019004309075321215,False,0.3452982540690608,A,0.021145421913572642,True,False
2024-10-03,C,0.0,False,0.28735036142300885,C,0.018963381799610775,False,0.28735036142300885,A,0.021101213317730752,True,False
2024-10-04,C,0.0,False,0.23818894819720882,C,0.018932940335860855,False,0.23818894819720882,A,0.021067439699873382,True,False
2024-10-07,C,0.0,False,0.1687250877816182,C,0.0189542003627965,False,0.1687250877816182,A,0.021085051556994104,True,False
2024-10-08,C,0.0,False,0.1267596100024082,C,0.018926030454940956,False,0.1267596100024082,A,0.021053567698747753,True,False
2024-10-09,D,0.0,False,0.11304432324204416,D,0.01886473729922484,False,0.11304432324204416,D,0.020989189819560283,False,False
2024-10-10,D,0.0,False,0.11579286146961909,D,0.018825409073668177,False,0.11579286146961909,D,0.020946651707653828,False,False
2024-10-11,D,0.0,False,0.12368212959120495,D,0.018821908510437656,False,0.12368212959120495,D,0.020939726822149007,False,False
2024-10-14,D,0.0,False,0.1874680328962286,D,0.018754137535592925,False,0.1874680328962286,D,0.020868960684305618,False,False
2024-10-15,D,0.0,False,0.22817884538782085,D,0.018791852410555993,False,0.22817884538782085,D,0.020903017754398418,False,False
2024-10-16,D,0.0,False,0.2600359270318975,D,0.018755808757381125,False,0.2600359270318975,D,0.020863806231726203,False,False
2024-10-17,D,0.0,False,0.3040716119263154,D,0.01874632248337015,False,0.3040716119263154,D,0.020850996786768283,False,False
2024-10-18,D,0.0,False,0.3108860278333714,D,0.01871077772516916,False,0.3108860278333714,D,0.020812311804658677,False,False
2024-10-21,C,0.0,False,0.2694918603028207,C,0.018687508343353997,False,0.2694918603028207,A,0.020785838510014518,True,False
2024-10-22,C,0.0,False,0.24343233600104264,C,0.01871415119146609,False,0.24343233600104264,A,0.02080897160399987,True,False
2024-10-23,C,0.0,False,0.1649695088202774,C,0.01869311304964674,False,0.1649695088202774,A,0.020784745362357485,True,False
2024-10-24,C,0.0,False,0.10255548532213554,C,0.018745334277512803,False,0.10255548532213554,A,0.02083332228085429,True,False
2024-10-25,C,0.0,False,0.013867982131111622,C,0.018732807375341293,False,0.013867982131111622,A,0.02081758225663536,True,False
2024-10-28,C,0.0,False,-0.018446606516428488,C,0.018682235716318926,False,-0.018446606516428488,A,0.020764056827002764,True,False
2024-10-29,C,0.0,False,-0.05296395687575062,C,0.01875459688241561,False,-0.05296395687575062,A,0.020832688239448133,True,False
2024-10-30,C,0.0,False,-0.07553566413597779,C,0.018793014238846373,False,-0.07553566413597779,A,0.02086760860439862,True,False
2024-10-31,D,0.0,False,-0.13292574890127418,D,0.018949655722076852,False,-0.13292574890127418,D,0.021020007179747682,False,False
2024-11-01,D,0.0,False,-0.15933420223245898,D,0.018946873186544082,False,-0.15933420223245898,D,0.021014021233016315,False,False
2024-11-04,D,0.0,False,-0.2185822305861579,D,0.018946628528192944,False,-0.2185822305861579,D,0.0210105710000935,False,False
2024-11-05,D,0.0,False,-0.2265221755569491,D,0.0189687056828027,False,-0.2265221755569491,D,0.02102931308548848,False,False
2024-11-06,D,0.0,False,-0.13492284048610526,D,0.0197025154764634,False,-0.13492284048610526,D,0.02175522470282232,False,False
2024-11-07,D,0.0,False,0.005271427943797091,D,0.019730566118072217,False,0.005271427943797091,D,0.02177992966253555,False,False
2024-11-08,D,0.0,False,0.17496946801730195,D,0.019886805633340294,False,0.17496946801730195,D,0.02193201288026088,False,False
2024-11-11,D,0.0,False,0.37509545229145624,D,0.019910623068543014,False,0.37509545229145624,D,0.02195253925770635,False,False
2024-11-12,C,0.0,False,0.49376296792149055,C,0.0199163794302774,False,0.49376296792149055,A,0.0219551342626585,True,False
2024-11-13,C,0.0,False,0.5131210359419824,C,0.019877064103494765,False,0.5131210359419824,A,0.021912960884506654,True,False
2024-11-14,C,0.0,False,0.4903946700997508,C,0.01987828595759598,False,0.4903946700997508,A,0.021911077357006557,True,False
2024-11-15,C,0.0,False,0.4159178318994472,C,0.019899784379849014,False,0.4159178318994472,A,0.02192935326542547,True,False
2024-11-18,C,0.0,False,0.3177248342356609,C,0.019865089355785712,False,0.3177248342356609,A,0.021891810269496447,True,False
2024-11-19,C,0.0,False,0.2531115515139981,C,0.019848857793577968,False,0.2531115515139981,A,0.02187262507521401,True,False
2024-11-20,C,0.0,False,0.18255457084702442,C,0.019823243563613917,False,0.18255457084702442,A,0.02184413053523719,True,False
2024-11-21,C,0.0,False,0.19359382323996255,C,0.019872901630532805,False,0.19359382323996255,A,0.021890437117684094,True,False
2024-11-22,C,0.0,False,0.26086953653624234,C,0.019842839288876764,False,0.26086953653624234,A,0.021857548764050876,True,False
2024-11-25,C,0.0,False,0.3425163190295599,C,0.019846940960170815,False,0.3425163190295599,A,0.021858617430350585,True,False
2024-11-26,C,0.0,False,0.4147731740837446,C,0.019801524193720416,False,0.4147731740837446,A,0.021810498727765748,True,False
2024-11-27,C,0.0,False,0.47638490036196024,C,0.019755124256961645,False,0.47638490036196024,A,0.0217614157117634,True,False
2024-11-29,C,0.0,False,0.47968409646504284,C,0.019691596910047553,False,0.47968409646504284,A,0.021695327876769664,True,False
2024-12-02,C,0.0,False,0.44031315866174037,C,0.01969252063918958,False,0.44031315866174037,A,0.021693289002147797,True,False
2024-12-03,C,0.0,False,0.3583763020254571,C,0.01964972348082581,False,0.3583763020254571,A,0.02164782267845129,True,False
2024-12-04,C,0.0,False,0.30586164439233565,C,0.01965947804616228,False,0.30586164439233565,A,0.021654582315719758,True,False
2024-12-05,C,0.0,False,0.26429742221013797,C,0.019635899082447474,False,0.26429742221013797,A,0.021628234894059822,True,False
2024-12-06,C,0.0,False,0.21598285355641123,C,0.01960810080438037,False,0.21598285355641123,A,0.021597707315419837,True,False
2024-12-09,C,0.0,False,0.16391496352590296,C,0.019643956181741903,False,0.16391496352590296,A,0.021630435985181665,True,False
2024-12-10,D,0.0,False,0.10838269658742794,D,0.01962879580285996,False,0.10838269658742794,D,0.021612488834050213,False,False
2024-12-11,D,0.0,False,0.04014952949080497,D,0.019612220256085628,False,0.04014952949080497,D,0.021593147394815992,False,False
2024-12-12,D,0.0,False,-0.02110693680043907,D,0.019588892439449685,False,-0.02110693680043907,D,0.021567108807760017,False,False
2024-12-13,D,0.0,False,-0.0991239389061288,D,0.019590743213470485,False,-0.0991239389061288,D,0.0215660985110548,False,False
2024-12-16,D,0.0,False,-0.16480061430737547,D,0.019590627505298445,False,-0.16480061430737547,D,0.02156314591979267,False,False
2024-12-17,D,0.0,False,-0.21594673943230502,D,0.019563712388121948,False,-0.21594673943230502,D,0.021533577726736846,False,False
2024-12-18,D,0.0,False,-0.3749841933513304,D,0.019784771852659228,False,-0.3749841933513304,D,0.02175040081032217,False,False
2024-12-19,D,0.0,False,-0.5234911511347318,D,0.019770637076975336,False,-0.5234911511347318,D,0.021733553467358318,False,False
2024-12-20,E,0.0,False,-0.6136650594665788,E,0.01977501750478409,False,-0.6136650594665788,B,0.021735113494034963,True,False
2024-12-23,E,0.0,False,-0.6804189055573256,E,0.019735697076014982,False,-0.6804189055573256,B,0.021693264858727305,True,False
2024-12-24,E,0.0,False,-0.6886136686200173,E,0.019681321717303177,False,-0.6886136686200173,B,0.02163646919575421,True,False
2024-12-26,E,0.0,False,-0.560684388243497,E,0.019623503971690003,False,-0.560684388243497,B,0.021576264295972706,True,False
2024-12-27,E,0.0,False,-0.4376826877311679,E,0.019574698318000367,False,-0.4376826877311679,B,0.021525024472324798,True,False
2024-12-30,E,0.0,False,-0.39076698315651637,E,0.019536519237000394,False,-0.39076698315651637,B,0.02148435375096357,True,False
2024-12-31,E,0.0,False,-0.36032580680603776,E,0.019481135926925366,False,-0.36032580680603776,B,0.02142660023490482,True,False
2025-01-02,E,0.0,False,-0.36633244913363505,E,0.019442296833516445,False,-0.36633244913363505,B,0.021385295267303275,True,False
2025-01-03,E,0.0,False,-0.3451811349699202,E,0.019421459252430544,False,-0.3451811349699202,B,0.02136188670200652,True,False
2025-01-06,E,0.0,False,-0.2947638732121599,E,0.019426414241350606,False,-0.2947638732121599,B,0.021364115423939862,True,False
2025-01-07,E,0.0,False,-0.21981191143565393,E,0.01939877251091266,False,-0.21981191143565393,B,0.021333967568701623,True,False
2025-01-08,E,0.0,False,-0.14581535064549567,E,0.019360134457768272,False,-0.14581535064549567,B,0.021292904555405584,True,False
2025-01-10,E,0.0,False,-0.12026289093843512,E,0.01940215925140825,False,-0.12026289093843512,B,0.02133199603789082,True,False
2025-01-13,D,0.0,False,-0.11431310573359277,D,0.01941304617089604,False,-0.11431310573359277,D,0.021340160203912648,False,False
2025-01-14,D,0.0,False,-0.09383372802313439,D,0.019394965752359005,False,-0.09383372802313439,D,0.021319553564765153,False,False
2025-01-15,D,0.0,False,-0.012322188104830767,D,0.019415241644252793,False,-0.012322188104830767,D,0.02133706675359153,False,False
2025-01-16,D,0.0,False,0.0791699274814972,D,0.01940293621962138,False,0.0791699274814972,D,0.021322218268748135,False,False
2025-01-17,D,0.0,False,0.23776505371640888,D,0.019376623443442674,False,0.23776505371640888,D,0.02129346256386131,False,False
2025-01-21,D,0.0,False,0.37349373048768286,D,0.019406202991512498,False,0.37349373048768286,D,0.02132024973507201,False,False
2025-01-22,D,0.0,False,0.46201018968910157,D,0.01942105062426009,False,0.46201018968910157,D,0.021332409654498626,False,False
2025-01-23,D,0.0,False,0.522093652389356,D,0.019407535572265117,False,0.522093652389356,D,0.021316399147480465,False,False
2025-01-24,C,0.0,False,0.5544514152522673,C,0.019376278072772507,False,0.5544514152522673,A,0.021282770091552373,True,False
2025-01-27,C,0.0,False,0.5754540970181776,C,0.019516557974065072,False,0.5754540970181776,A,0.021419585039432393,True,False
2025-01-28,C,0.0,False,0.5391987859055969,C,0.019541538728856483,False,0.5391987859055969,A,0.021441851990586045,True,False
2025-01-29,C,0.0,False,0.4997044206689105,C,0.019537004768941567,False,0.4997044206689105,A,0.021434803647705527,True,False
2025-01-30,C,0.0,False,0.462024135617487,C,0.019576858771247492,False,0.462024135617487,A,0.02147186736914679,True,False
2025-01-31,C,0.0,False,0.41209141973190255,C,0.019565082665714904,False,0.41209141973190255,A,0.021457642504728272,True,False
2025-02-03,C,0.0,False,0.3455355247155578,C,0.019553832052974455,False,0.3455355247155578,A,0.021443949190136747,True,False
2025-02-04,C,0.0,False,0.31434409120291273,C,0.019575981089097444,False,0.31434409120291273,A,0.02146345011344221,True,False
2025-02-05,C,0.0,False,0.3146795995207008,C,0.019565870732773234,False,0.3146795995207008,A,0.02145090841984402,True,False
2025-02-06,C,0.0,False,0.262630499807438,C,0.01959976799945464,False,0.262630499807438,A,0.021482100604047576,True,False
2025-02-07,C,0.0,False,0.22407319562495642,C,0.019590782662863685,False,0.22407319562495642,A,0.021470695162237163,True,False
2025-02-10,C,0.0,False,0.21241145867151756,C,0.01960610187332401,False,0.21241145867151756,A,0.021483447116394272,True,False
2025-02-11,C,0.0,False,0.17957723731540365,C,0.01959383927251706,False,0.17957723731540365,A,0.021468803726381092,True,False
2025-02-12,C,0.0,False,0.12190032655723715,C,0.019605822914753098,False,0.12190032655723715,A,0.021478259691455254,True,False
2025-02-13,D,0.0,False,0.11679180951025936,D,0.019637425530467743,False,0.11679180951025936,D,0.021507217444220888,False,False
2025-02-14,D,0.0,False,0.13375511868065293,D,0.019635112146368112,False,0.13375511868065293,D,0.02150248623301939,False,False
2025-02-18,D,0.0,False,0.15053286865361892,D,0.019636000079164034,False,0.15053286865361892,D,0.02150094462373445,False,False
2025-02-19,D,0.0,False,0.18223330271126992,D,0.019655159835356702,False,0.18223330271126992,D,0.021517566152631565,False,False
2025-02-20,D,0.0,False,0.20726425163017814,D,0.019651029533800553,False,0.20726425163017814,D,0.021511056164203943,False,False
2025-02-21,D,0.0,False,0.1393641378108823,D,0.01970234089431473,False,0.1393641378108823,D,0.023470582456990272,False,False
2025-02-22,D,0.0,False,0.07781283346681933,D,0.019643848547075914,False,0.07781283346681933,D,0.022753135283743373,False,False
2025-02-23,D,0.0,False,-0.014320037641911143,D,0.019585874071049364,False,-0.014320037641911143,D,0.022441113912553982,False,False
2025-02-24,D,0.0,False,-0.11397147720143941,D,0.019566468500525316,False,-0.11397147720143941,D,0.023855738639925156,False,False
2025-02-25,E,0.0,False,-0.23131760946645985,E,0.019582904184806182,False,-0.23131760946645985,B,0.023591252698743716,True,False
2025-02-26,E,0.0,False,-0.24564687982452427,E,0.019575023623685014,False,-0.24564687982452427,B,0.02340682082928249,True,False
2025-02-27,E,0.0,False,-0.2984139423572252,E,0.01959380674120541,False,-0.2984139423572252,B,0.023241664405164893,True,False
2025-02-28,E,0.0,False,-0.32225944829190667,E,0.019591267695710245,False,-0.32225944829190667,B,0.023095424748217012,True,False
2025-03-01,E,0.0,False,-0.2965656406878192,E,0.019535434068540202,False,-0.2965656406878192,B,0.02293605030793008,True,False
2025-03-02,E,0.0,False,-0.24216954417289438,E,0.019480075092085474,False,-0.24216954417289438,B,0.024101294245347998,True,False
2025-03-03,E,0.0,False,-0.25252525708642615,E,0.01953099260914326,False,-0.25252525708642615,B,0.02479884010354986,True,False
2025-03-04,E,0.0,False,-0.2802005289926268,E,0.01960751314809688,False,-0.2802005289926268,B,0.024727793801765294,True,False
2025-03-05,E,0.0,False,-0.30776660661277766,E,0.019615736661302,False,-0.30776660661277766,B,0.02474815050783823,True,False
2025-03-06,E,0.0,False,-0.3796678687872057,E,0.01968088820555349,False,-0.3796678687872057,B,0.02465105246888886,True,False
2025-03-07,E,0.0,False,-0.47749559849765144,E,0.019696456144600978,False,-0.47749559849765144,B,0.02454177446472694,True,False
2025-03-08,E,0.0,False,-0.47531608157000527,E,0.019642410634509725,False,-0.47531608157000527,B,0.02435998580545159,True,False
2025-03-09,E,0.0,False,-0.4461479118262779,E,0.019588807585457682,False,-0.4461479118262779,B,0.024509828486080472,True,False
2025-03-10,E,0.0,False,-0.5192157268991837,E,0.019690818897272262,False,-0.5192157268991837,B,0.024543970678802315,True,False
2025-03-11,E,0.0,False,-0.5473227176747514,E,0.01972775630996742,False,-0.5473227176747514,B,0.024552148733836723,True,False
2025-03-12,E,0.0,False,-0.5916240310061938,E,0.019730060896664646,False,-0.5916240310061938,B,0.02447693740404423,True,False
2025-03-13,E,0.0,False,-0.6862473019586374,E,0.019756550132921803,False,-0.6862473019586374,B,0.024413605879981492,True,False
2025-03-14,E,0.0,False,-0.6940821019004484,E,0.01979082334966917,False,-0.6940821019004484,B,0.02442636562974775,True,False
2025-03-15,E,0.0,False,-0.6147793830898501,E,0.01973850587905924,False,-0.6147793830898501,B,0.024308117001310598,True,False
2025-03-16,E,0.0,False,-0.5294113316463106,E,0.01968660113415245,False,-0.5294113316463106,B,0.024192374849046103,True,False
2025-03-17,E,0.0,False,-0.40861005969222985,E,0.019680418363321548,False,-0.40861005969222985,B,0.024136145594450563,True,False
2025-03-18,E,0.0,False,-0.26176029160852987,E,0.019656327748010703,False,-0.26176029160852987,B,0.024037437538932033,True,False
2025-03-19,E,0.0,False,-0.17109941190433464,E,0.01964010796129616,False,-0.17109941190433464,B,0.024011768743585404,True,False
2025-03-20,D,0.0,False,-0.08738357367631844,D,0.019602228762101527,False,-0.08738357367631844,D,0.023919176546068528,False,False
2025-03-21,D,0.0,False,-0.007080826999750767,D,0.01958105808037845,False,-0.007080826999750767,D,0.02383617189982431,False,False
2025-03-22,D,0.0,False,0.027613503463248534,D,0.019531153994101037,False,0.027613503463248534,D,0.023732366844960807,False,False
2025-03-23,D,0.0,False,0.06948799205976353,D,0.01948162952770169,False,0.06948799205976353,D,0.02363321345036366,False,False
2025-03-24,D,0.0,False,0.10664517929189321,D,0.019500515716236032,False,0.10664517929189321,D,0.02363313574579715,False,False
2025-03-25,D,0.0,False,0.17360953361712061,D,0.01948185565506591,False,0.17360953361712061,D,0.023568552319044783,False,False
2025-03-26,D,0.0,False,0.22312212860390535,D,0.019478173727270173,False,0.22312212860390535,D,0.023515172058945454,False,False
2025-03-27,D,0.0,False,0.267169412592525,D,0.019463542979336623,False,0.267169412592525,D,0.023466683877997756,False,False
2025-03-28,C,0.0,False,0.2515442781053745,C,0.01948100601552068,False,0.2515442781053745,A,0.02348504890141021,True,False
2025-03-29,C,0.0,False,0.14661443721323608,C,0.01943306663752249,False,0.14661443721323608,A,0.023412421259387375,True,False
2025-03-30,C,0.0,False,0.02017950499832666,C,0.01938547943747378,False,0.02017950499832666,A,0.023326695341421174,True,False
2025-03-31,C,0.0,False,-0.060441826189086556,C,0.019537075507897975,False,-0.060441826189086556,A,0.023421797007418185,True,False
2025-04-01,C,0.0,False,-0.12213322076882638,C,0.01951463651548471,False,-0.12213322076882638,A,0.023384246803355956,True,False
2025-04-02,C,0.0,False,-0.1091427921965249,C,0.019499833158654573,False,-0.1091427921965249,A,0.023369565206475342,True,False
2025-04-03,C,0.0,False,-0.2074911542621699,C,0.020040772362555612,True,-0.2074911542621699,A,0.023838927483818356,True,False
2025-04-04,C,0.0,False,-0.4543937892958433,C,0.020551260718516234,True,-0.4543937892958433,A,0.024279518619340138,True,False
2025-04-05,E,0.0,False,-0.7384200916098804,B,0.020502335959975124,True,-0.7384200916098804,B,0.02419530243758053,True,True
2025-04-06,E,0.0,False,-1.0,B,0.020453758961406842,True,-1.0,B,0.024246191316629993,True,True
2025-04-07,E,0.0,False,-1.0,B,0.0204722357318926,True,-1.0,B,0.024231849915661106,True,True
2025-04-08,E,0.0,False,-1.0,B,0.020512074186942467,True,-1.0,B,0.024247656371414808,True,True
2025-04-09,E,0.0,False,-1.0,B,0.0214482927584105,True,-1.0,B,0.02525220581431728,True,True
2025-04-10,E,0.0,False,-1.0,B,0.021609234813507884,True,-1.0,B,0.025379507625319375,True,True
2025-04-11,E,0.0,False,-1.0,B,0.02161732473735039,True,-1.0,B,0.02537432003152931,True,True
2025-04-12,E,0.0,False,-0.7858409729472771,B,0.02156751553108632,True,-0.7858409729472771,B,0.02532585264498247,True,True
2025-04-13,E,0.0,False,-0.46342989652464583,B,0.021518049048197714,True,-0.46342989652464583,B,0.025255184515344836,True,True
2025-04-14,E,0.0,False,-0.4124616260845809,B,0.02150342886623289,True,-0.4124616260845809,B,0.025210093402227653,True,True
2025-04-15,E,0.0,False,-0.24398496704656436,B,0.021474089634065798,True,-0.24398496704656436,B,0.02515572868998621,True,True
2025-04-16,E,0.0,False,-0.17463522007227006,B,0.02146698191588646,True,-0.17463522007227006,B,0.02511767241466415,True,True
2025-04-17,D,0.0,False,-0.1149561600509097,D,0.021485805443652844,True,-0.1149561600509097,D,0.025111160278059822,False,False
2025-04-18,D,0.0,False,-0.04760814066320729,D,0.0214376379479573,True,-0.04760814066320729,D,0.025037342538246462,False,False
2025-04-19,D,0.0,False,-0.015573100565770548,D,0.02138979295704877,True,-0.015573100565770548,D,0.02497960222335858,False,False
2025-04-20,D,0.0,False,0.03716954776622261,D,0.02134226688803269,True,0.03716954776622261,D,0.024907433543680843,False,False
2025-04-21,D,0.0,False,0.08234737234953271,D,0.02137225607765095,True,0.08234737234953271,D,0.024908087968205272,False,False
2025-04-22,D,0.0,False,0.18376747821273187,D,0.02142408069780099,True,0.18376747821273187,D,0.0249954128265989,False,False
2025-04-23,D,0.0,False,0.26902709101196076,D,0.021424946206759946,True,0.26902709101196076,D,0.024973444246860044,False,False
2025-04-24,D,0.0,False,0.3482856725183525,D,0.021461784588890375,True,0.3482856725183525,D,0.024984046195255426,False,False
2025-04-25,C,0.0,False,0.4275695101943866,A,0.021440964298158297,True,0.4275695101943866,A,0.02493917661793461,True,True
2025-04-26,C,0.0,False,0.579988156077833,A,0.021394562153130882,True,0.579988156077833,A,0.02487256249055268,True,True
2025-04-27,C,0.0,False,0.6136491564743074,A,0.021348459978386126,True,0.6136491564743074,A,0.024815839366337654,True,True
2025-04-28,C,0.0,False,0.5921220123619952,A,0.02131433138487907,True,0.5921220123619952,A,0.02476532859100174,True,True
2025-04-29,C,0.0,False,0.5922874233861797,A,0.021300878044117164,True,0.5922874233861797,A,0.024731366392929416,True,True
2025-04-30,C,0.0,False,0.5497031503345307,A,0.021285741901299067,True,0.5497031503345307,A,0.024693869524216615,True,True
2025-05-01,C,0.0,False,0.5284693855565981,A,0.021275334801165176,True,0.5284693855565981,A,0.024669535824434857,True,True
2025-05-02,C,0.0,False,0.5735106539957258,A,0.021290395165324376,True,0.5735106539957258,A,0.024662234688355263,True,True
2025-05-03,C,0.0,False,0.5905589238023923,A,0.021245689218921816,True,0.5905589238023923,A,0.024604804101229283,True,True
2025-05-04,C,0.0,False,0.5948808760236979,A,0.021201263717741864,True,0.5948808760236979,A,0.02454534645970324,True,True
2025-05-05,C,0.0,False,0.5896380559780812,A,0.021179521181786953,True,0.5896380559780812,A,0.024503348270320413,True,True
2025-05-06,C,0.0,False,0.5453269762146074,A,0.02117104970382543,True,0.5453269762146074,A,0.024481070940445878,True,True
2025-05-07,C,0.0,False,0.4573675754810158,A,0.0211601993861505,True,0.4573675754810158,A,0.024818091840719356,True,True
2025-05-08,C,0.0,False,0.424710105422077,A,0.02118665428215073,True,0.424710105422077,A,0.024948972765072876,True,True
2025-05-09,C,0.0,False,0.40586161591091074,A,0.02116619658506552,True,0.40586161591091074,A,0.024927162373477665,True,True
2025-05-10,C,0.0,False,0.4232699236911519,A,0.02112301929298403,True,0.4232699236911519,A,0.02497821087202635,True,True
2025-05-11,C,0.0,False,0.441246952160842,A,0.021080105161565943,True,0.441246952160842,A,0.02495490016909614,True,True
2025-05-12,C,0.0,False,0.5317269870500707,A,0.021206547301063562,True,0.5317269870500707,A,0.025050284141189236,True,True
2025-05-13,C,0.0,False,0.5876650135674955,A,0.02122925807700558,True,0.5876650135674955,A,0.025056648078736823,True,True
2025-05-14,C,0.0,False,0.6384192666095068,A,0.021219492711131074,True,0.6384192666095068,A,0.025033205172520844,True,True
2025-05-15,C,0.0,False,0.6750961670996958,A,0.021218965178714532,True,0.6750961670996958,A,0.025039776742112167,True,True
2025-05-16,C,0.0,False,0.740302668028372,A,0.021197434050658107,True,0.740302668028372,A,0.02502832659983865,True,True
2025-05-17,C,0.0,False,0.6931032989959507,A,0.021155408203036102,True,0.6931032989959507,A,0.024983388167522498,True,True
2025-05-18,C,0.0,False,0.6386225046191918,A,0.021113631327859792,True,0.6386225046191918,A,0.024936848514656707,True,True
2025-05-19,C,0.0,False,0.6058968379099394,A,0.021085949339243532,True,0.6058968379099394,A,0.024894816035628042,True,True
2025-05-20,C,0.0,False,0.5531390930935254,A,0.02105797894071639,True,0.5531390930935254,A,0.02484840425072237,True,True
2025-05-21,C,0.0,False,0.4203429703802797,A,0.021081263159615463,True,0.4203429703802797,A,0.024852607686674424,True,True
2025-05-22,C,0.0,False,0.3212851836384123,A,0.0210591308786948,True,0.3212851836384123,A,0.024830915175990887,True,True
2025-05-23,C,0.0,False,0.1931138251156017,A,0.021039778201157572,True,0.1931138251156017,A,0.024819774630331113,True,True
2025-05-24,D,0.0,False,0.07230800438449592,D,0.02108934343203204,True,0.07230800438449592,D,0.024834074527737456,False,False
2025-05-25,D,0.0,False,-0.045430840383782756,D,0.02102014187577348,True,-0.045430840383782756,D,0.024749706415364236,False,False
2025-05-26,D,0.0,False,-0.094294659094174,D,0.020962873597870066,True,-0.094294659094174,D,0.024677137298368883,False,False
2025-05-27,D,0.0,False,-0.09266214367717462,D,0.02096070684117494,True,-0.09266214367717462,D,0.024657996975584996,False,False
2025-05-28,D,0.0,False,-0.08497717550179251,D,0.020961187964011325,True,-0.08497717550179251,D,0.02464002032637115,False,False
2025-05-29,D,0.0,False,-0.07238777418725417,D,0.020949497593332356,True,-0.07238777418725417,D,0.024618797807826515,False,False
2025-05-30,D,0.0,False,-0.06376452752299089,D,0.020927993549460688,True,-0.06376452752299089,D,0.02461210874778996,False,False
2025-05-31,D,0.0,False,-0.054841214837154095,D,0.02088123121139621,True,-0.054841214837154095,D,0.024551452501283544,False,False
2025-06-01,D,0.0,False,-0.08813130431787386,D,0.020835991756548163,True,-0.08813130431787386,D,0.024491068064229904,False,False
2025-06-02,D,0.0,False,-0.06455741963967587,D,0.02083229676983189,True,-0.06455741963967587,D,0.024471142366186215,False,False
2025-06-03,D,0.0,False,-0.030484876454394128,D,0.0208160668408984,True,-0.030484876454394128,D,0.02443837919854681,False,False
2025-06-04,D,0.0,False,0.014991348742584565,D,0.020797239668978444,True,0.014991348742584565,D,0.024405916155401847,False,False
2025-06-05,D,0.0,False,0.05102624060635885,D,0.02078061637345063,True,0.05102624060635885,D,0.024391744863379892,False,False
2025-06-06,D,0.0,False,0.12034777161871624,D,0.020762700428550964,True,0.12034777161871624,D,0.024363262500014003,False,False
2025-06-07,C,0.0,False,0.1723555870686111,A,0.02072155647365483,True,0.1723555870686111,A,0.02431655879905015,True,True
2025-06-08,C,0.0,False,0.19546071466112314,A,0.0206809347956027,True,0.19546071466112314,A,0.02426360473501567,True,True
2025-06-09,C,0.0,False,0.23770713747961247,A,0.020665855071307863,True,0.23770713747961247,A,0.02424844489275067,True,True
2025-06-10,C,0.0,False,0.29653368319800477,A,0.02066001203713073,True,0.29653368319800477,A,0.024234996326727067,True,True
2025-06-11,C,0.0,False,0.30013797921982,A,0.020646131495857215,True,0.30013797921982,A,0.02420951276016591,True,True
2025-06-12,C,0.0,False,0.2895300928909039,A,0.020626910604599914,True,0.2895300928909039,A,0.02419195670997114,True,True
2025-06-13,C,0.0,False,0.2457807331491335,A,0.020631856667110763,True,0.2457807331491335,A,0.024184916138266826,True,True
2025-06-14,C,0.0,False,0.18216972809831922,A,0.02059313973338089,True,0.18216972809831922,A,0.02413488341365033,True,True
2025-06-15,D,0.0,False,0.0971421357623925,D,0.020554752851415482,True,0.0971421357623925,D,0.0240854217022483,False,False
2025-06-16,D,0.0,False,0.06682179642184538,D,0.02054999015984009,True,0.06682179642184538,D,0.024065690790245176,False,False
2025-06-17,D,0.0,False,0.009964668472352,D,0.020544904248402433,True,0.009964668472352,D,0.02404979656535285,False,False
2025-06-18,D,0.0,False,0.003953238218119548,D,0.0205300381776539,True,0.003953238218119548,D,0.02402149120695435,False,False
2025-06-19,D,0.0,False,-0.0013629844785761902,D,0.02049244406993668,True,-0.0013629844785761902,D,0.023973276228773578,False,False
2025-06-20,D,0.0,False,-0.011415475607518544,D,0.020477719230862258,True,-0.011415475607518544,D,0.02395222976588026,False,False
2025-06-21,D,0.0,False,-0.057808679815655184,D,0.02044057173111556,True,-0.057808679815655184,D,0.023909955722356185,False,False
2025-06-22,D,0.0,False,-0.07547093610859812,D,0.020403691350118804,True,-0.07547093610859812,D,0.02386461517223955,False,False
2025-06-23,D,0.0,False,-0.060396853233182224,D,0.020399695164739006,True,-0.060396853233182224,D,0.023889402101321,False,False
2025-06-24,D,0.0,False,-0.016903825280661366,D,0.02040104476059256,True,-0.016903825280661366,D,0.023877535610503323,False,False
2025-06-25,D,0.0,False,0.009287809765389232,D,0.020398634263609078,True,0.009287809765389232,D,0.023863432912269965,False,False
2025-06-26,D,0.0,False,0.07648791889915851,D,0.020386725143505948,True,0.07648791889915851,D,0.023841588436626066,False,False
2025-06-27,C,0.0,False,0.1644486391382749,A,0.02037512884126383,True,0.1644486391382749,A,0.02381803892116782,True,True
2025-06-28,C,0.0,False,0.2148497652383019,A,0.02033930391831401,True,0.2148497652383019,A,0.023775646683243886,True,True
2025-06-29,C,0.0,False,0.23403462007693276,A,0.020303708134992174,True,0.23403462007693276,A,0.02373639743980044,True,True
2025-06-30,C,0.0,False,0.2937308173175268,A,0.02029728903177188,True,0.2937308173175268,A,0.023722498193320868,True,True
2025-07-01,C,0.0,False,0.3331135939169161,A,0.02032891824479914,True,0.3331135939169161,A,0.0237447022474815,True,True
2025-07-02,C,0.0,False,0.3726916842013306,A,0.020371427960720445,True,0.3726916842013306,A,0.02379025528519927,True,True
2025-07-03,C,0.0,False,0.4150692853610427,A,0.020353366017619553,True,0.4150692853610427,A,0.023760682191507166,True,True
2025-07-04,C,0.0,False,0.44082361122214087,A,0.02031817893743779,True,0.44082361122214087,A,0.023723722772904184,True,True
2025-07-05,C,0.0,False,0.45441124085664475,A,0.020283211595444522,True,0.45441124085664475,A,0.023678051198395826,True,True
2025-07-06,C,0.0,False,0.46283395039570574,A,0.020248459687498936,True,0.46283395039570574,A,0.02363629896370251,True,True
2025-07-07,C,0.0,False,0.4103232153648706,A,0.0202387241490436,True,0.4103232153648706,A,0.023614564171483332,True,True
2025-07-08,C,0.0,False,0.34299711969461466,A,0.020231102520108242,True,0.34299711969461466,A,0.023596251231078204,True,True
2025-07-09,C,0.0,False,0.3039416034834441,A,0.020209371253192873,True,0.3039416034834441,A,0.023571455127481062,True,True
2025-07-10,C,0.0,False,0.2890833572323148,A,0.020202007303061306,True,0.2890833572323148,A,0.023571328859337513,True,True
2025-07-11,C,0.0,False,0.2525055879767202,A,0.02019353894342572,True,0.2525055879767202,A,0.02355176447562282,True,True
2025-07-12,C,0.0,False,0.2500174350123763,A,0.020159713014979055,True,0.2500174350123763,A,0.023509778245120704,True,True
2025-07-13,C,0.0,False,0.2477903476903931,A,0.020126082198724957,True,0.2477903476903931,A,0.023467641192027617,True,True
2025-07-14,C,0.0,False,0.23806151978613577,A,0.020107643976294057,True,0.23806151978613577,A,0.02343856163664064,True,True
2025-07-15,C,0.0,False,0.15904751051192378,A,0.020110041631532318,True,0.15904751051192378,A,0.02343458621035505,True,True
2025-07-16,C,0.0,False,0.12164984779056587,A,0.020092669567199906,True,0.12164984779056587,A,0.02340984066230328,True,True
2025-07-17,D,0.0,False,0.11406143163820048,D,0.02009401316308597,True,0.11406143163820048,D,0.023403523042153863,False,False
2025-07-18,D,0.0,False,0.10558636694309231,D,0.020080069614007632,True,0.10558636694309231,D,0.02338192328521403,False,False
2025-07-19,D,0.0,False,0.09731558689267783,D,0.020047348445319888,True,0.09731558689267783,D,0.02334555892470974,False,False
2025-07-20,D,0.0,False,0.13718668359951058,D,0.020014804956056717,True,0.13718668359951058,D,0.02331169890880679,False,False
2025-07-21,D,0.0,False,0.15752459145725983,D,0.020002176048802497,True,0.15752459145725983,D,0.023290813902105606,False,False
2025-07-22,D,0.0,False,0.1830530471404468,D,0.02006797582220905,True,0.1830530471404468,D,0.023342378215453184,False,False
2025-07-23,D,0.0,False,0.21885472586437138,D,0.020070167904426204,True,0.21885472586437138,D,0.023357085551793607,False,False
2025-07-24,D,0.0,False,0.23132294614263915,D,0.020084824998943925,True,0.23132294614263915,D,0.0233604719295102,False,False
2025-07-25,C,0.0,False,0.25401593113637544,A,0.02006891975443457,True,0.25401593113637544,A,0.02333777517269897,True,True
2025-07-26,C,0.0,False,0.2845070921760251,A,0.020037059586614295,True,0.2845070921760251,A,0.02329797340704129,True,True
2025-07-27,C,0.0,False,0.2694225018833396,A,0.020005363959461467,True,0.2694225018833396,A,0.023260293118595704,True,True
2025-07-28,C,0.0,False,0.22789457231307098,A,0.019996291391934564,False,0.22789457231307098,A,0.02325099153524907,True,True
2025-07-29,C,0.0,False,0.20581986362342208,A,0.020003599799457285,True,0.20581986362342208,A,0.023247591118455,True,True
2025-07-30,C,0.0,False,0.1477349166590658,A,0.02002023859553427,True,0.1477349166590658,A,0.023254381455882874,True,True
2025-07-31,C,0.0,False,0.0454241222596341,A,0.020037518242342036,True,0.0454241222596341,A,0.02326589430253322,True,True
2025-08-01,C,0.0,False,-0.10507035295309497,A,0.02006088402846813,True,-0.10507035295309497,A,0.023282260143508066,True,True
2025-08-02,E,0.0,False,-0.23014970610431285,B,0.02002979903088215,True,-0.23014970610431285,B,0.02324484224234535,True,True
2025-08-03,E,0.0,False,-0.3399167714512663,B,0.01999886812584963,False,-0.3399167714512663,B,0.023210182416413788,True,True
2025-08-04,E,0.0,False,-0.3867697270499859,B,0.02000722095661702,True,-0.3867697270499859,B,0.02321750264449485,True,True
2025-08-05,E,0.0,False,-0.38551822413572134,B,0.020014929290970835,True,-0.38551822413572134,B,0.02322006245115746,True,True
2025-08-06,E,0.0,False,-0.3157625749762488,B,0.02005863366088861,True,-0.3157625749762488,B,0.02325125973117823,True,True
2025-08-07,E,0.0,False,-0.23758106231465292,B,0.020078392334157962,True,-0.23758106231465292,B,0.023271614425960818,True,True
2025-08-08,E,0.0,False,-0.15294313498113943,B,0.02007881262172936,True,-0.15294313498113943,B,0.02326427162526095,True,True
2025-08-09,E,0.0,False,-0.12329093211100206,B,0.020048258143307827,True,-0.12329093211100206,B,0.023232808843815775,True,True
2025-08-10,D,0.0,False,-0.08671105334407347,D,0.020017852700024232,True,-0.08671105334407347,D,0.02319527600077291,False,False
2025-08-11,D,0.0,False,-0.06178459344232223,D,0.019999223499038977,False,-0.06178459344232223,D,0.023174115602044965,False,False
2025-08-12,D,0.0,False,0.013704057517105461,D,0.02001170300036286,True,0.013704057517105461,D,0.023193782577675792,False,False
2025-08-13,D,0.0,False,0.10677584462219891,D,0.02001542842914241,True,0.10677584462219891,D,0.02319448057413229,False,False
2025-08-14,D,0.0,False,0.1769786430397935,D,0.019998986558318502,False,0.1769786430397935,D,0.023185915344517343,False,False
2025-08-15,D,0.0,False,0.24340684898697673,D,0.019993962279631683,False,0.24340684898697673,D,0.023173310358230385,False,False
2025-08-16,D,0.0,False,0.3339243922760682,D,0.01996423491692369,False,0.3339243922760682,D,0.023136987843293978,False,False
2025-08-17,D,0.0,False,0.3500611004525189,D,0.01993464750861931,False,0.3500611004525189,D,0.023103870394484808,False,False
2025-08-18,C,0.0,False,0.30635812387151073,C,0.019913292395900384,False,0.30635812387151073,A,0.023079686181019483,True,False
2025-08-19,C,0.0,False,0.27854520569622565,C,0.019908615087871426,False,0.27854520569622565,A,0.02307585878433954,True,False
2025-08-20,C,0.0,False,0.25794328346443685,C,0.019891917243401405,False,0.25794328346443685,A,0.0230605643229686,True,False
2025-08-21,C,0.0,False,0.20919756107147247,C,0.019874031404838375,False,0.20919756107147247,A,0.02303806103229605,True,False
2025-08-22,C,0.0,False,0.22540340707105644,C,0.019893936622139213,False,0.22540340707105644,A,0.023077593020562653,True,False
2025-08-23,C,0.0,False,0.2512246512716243,C,0.01986500684598298,False,0.2512246512716243,A,0.023042219927124668,True,False
2025-08-24,C,0.0,False,0.29955049218734486,C,0.019836209166694336,False,0.29955049218734486,A,0.023007540400111066,True,False
2025-08-25,C,0.0,False,0.29532623454317064,C,0.019824911038266866,False,0.29532623454317064,A,0.023010968370452994,True,False
2025-08-26,C,0.0,False,0.32158904164243385,C,0.01980502021895968,False,0.32158904164243385,A,0.022989126766785918,True,False
2025-08-27,C,0.0,False,0.268193784650943,C,0.0197881788956189,False,0.268193784650943,A,0.022966066412850338,True,False
2025-08-28,C,0.0,False,0.22986022909660342,C,0.019776317519131104,False,0.22986022909660342,A,0.02295036987791385,True,False
2025-08-29,C,0.0,False,0.18553406318538523,C,0.019764926976736194,False,0.18553406318538523,A,0.02293866173907823,True,False
2025-08-30,C,0.0,False,0.18833600811354212,C,0.019736791384118227,False,0.18833600811354212,A,0.022903725299657368,True,False
2025-08-31,C,0.0,False,0.16586904089971433,C,0.019708780729115173,False,0.16586904089971433,A,0.02286915358405121,True,False
2025-09-01,C,0.0,False,0.14136668019922527,C,0.019680893967194375,False,0.14136668019922527,A,0.022835217153653477,True,False
2025-09-02,D,0.0,False,0.10107036349448983,D,0.01967158453514247,False,0.10107036349448983,D,0.02282196439797802,False,False
2025-09-03,D,0.0,False,0.06541211292987126,D,0.019663310573856903,False,0.06541211292987126,D,0.022806312580153563,False,False
2025-09-04,D,0.0,False,0.03936943319826525,D,0.019654414066298958,False,0.03936943319826525,D,0.022793057064520186,False,False
2025-09-05,D,0.0,False,0.021383612634868765,D,0.01964835595573079,False,0.021383612634868765,D,0.022779854612975655,False,False
2025-09-06,D,0.0,False,0.006756746857726759,D,0.019620963295159156,False,0.006756746857726759,D,0.022745883442365708,False,False
2025-09-07,D,0.0,False,0.0099782092042211,D,0.01959368908796988,False,0.0099782092042211,D,0.02271339199511362,False,False
2025-09-08,D,0.0,False,0.02342288923585345,D,0.019580779333164017,False,0.02342288923585345,D,0.02269647576178483,False,False
2025-09-09,D,0.0,False,0.020271661583469713,D,0.01958223174212691,False,0.020271661583469713,D,0.02268976211813858,False,False
2025-09-10,D,0.0,False,0.011288887902658473,D,0.019620505599025482,False,0.011288887902658473,D,0.022720815972283887,False,False
2025-09-11,D,0.0,False,0.0702130019601821,D,0.019632081459233074,False,0.0702130019601821,D,0.022724103129680057,False,False
2025-09-12,D,0.0,False,0.11030576014720239,D,0.01962049327185897,False,0.11030576014720239,D,0.022708156662469513,False,False
2025-09-13,D,0.0,False,0.14263624462588886,D,0.019593689725855134,False,0.14263624462588886,D,0.02267601544453413,False,False
2025-09-14,C,0.0,False,0.16253704084057352,C,0.019566999238234278,False,0.16253704084057352,A,0.022645519143389952,True,False
2025-09-15,C,0.0,False,0.17754053544597692,C,0.019556828613110616,False,0.17754053544597692,A,0.022630824796501883,True,False
2025-09-16,C,0.0,False,0.1377663582291211,C,0.019547410848341426,False,0.1377663582291211,A,0.022615155348942807,True,False
2025-09-17,C,0.0,False,0.13237771243913787,C,0.01953193738743893,False,0.13237771243913787,A,0.022594919290848507,True,False
2025-09-18,C,0.0,False,0.14772728253414025,C,0.019540170087129858,False,0.14772728253414025,A,0.022598841541464063,True,False
2025-09-19,C,0.0,False,0.16226231103706024,C,0.01952663549795967,False,0.16226231103706024,A,0.02258252804997123,True,False
2025-09-20,C,0.0,False,0.1818440439901703,C,0.019500485262798958,False,0.1818440439901703,A,0.022550320464675755,True,False
2025-09-21,C,0.0,False,0.2000076772866144,C,0.01941182395578211,False,0.2000076772866144,A,0.022451456725329142,True,False
2025-09-22,C,0.0,False,0.19492524977721692,C,0.01959761903561446,False,0.19492524977721692,A,0.022627333556163594,True,False
2025-09-23,C,0.0,False,0.1520021411250505,C,0.01956191226266685,False,0.1520021411250505,A,0.02258691312343108,True,False
2025-09-24,D,0.0,False,0.11532465102721545,D,0.019539893750863506,False,0.11532465102721545,D,0.022559098253998457,False,False
2025-09-25,D,0.0,False,0.05807668819821865,D,0.019528358003264388,False,0.05807668819821865,D,0.02255269074697254,False,False
2025-09-26,D,0.0,False,0.03418148829572809,D,0.01957511996180677,False,0.03418148829572809,D,0.022591536869786696,False,False
2025-09-27,D,0.0,False,0.019514069631630937,D,0.01953633894690966,False,0.019514069631630937,D,0.022547932932273907,False,False
2025-09-28,D,0.0,False,0.0087470134359513,D,0.019500127547157475,False,0.0087470134359513,D,0.02250822361851403,False,False
2025-09-29,D,0.0,False,0.012667827364141182,D,0.01948133838269107,False,0.012667827364141182,D,0.02248330776163808,False,False
2025-09-30,D,0.0,False,0.04841399439708849,D,0.019470804835440454,False,0.04841399439708849,D,0.02246663128369191,False,False
2025-10-01,D,0.0,False,0.07528642630690086,D,0.019476071124213824,False,0.07528642630690086,D,0.02247123152935935,False,False
2025-10-02,D,0.0,False,0.11576495895756156,D,0.019469031959225825,False,0.11576495895756156,D,0.02246143226367763,False,False
2025-10-03,C,0.0,False,0.16392062866407486,C,0.019453614106339764,False,0.16392062866407486,A,0.022439935394400798,True,False
2025-10-04,C,0.0,False,0.19436997058101646,C,0.019423808194409413,False,0.19436997058101646,A,0.022407760609792323,True,False
2025-10-05,C,0.0,False,0.22407051351467588,C,0.01939459061069419,False,0.22407051351467588,A,0.022373253928468825,True,False
2025-10-06,C,0.0,False,0.24288775194823975,C,0.019391106663184075,False,0.24288775194823975,A,0.02236662156109458,True,False
2025-10-07,C,0.0,False,0.22056599854735293,C,0.019383274287303135,False,0.22056599854735293,A,0.02236036668563436,True,False
2025-10-08,C,0.0,False,0.20912265358232096,C,0.019376054099631657,False,0.20912265358232096,A,0.022347616537516324,True,False
2025-10-09,C,0.0,False,0.17748831497642503,C,0.019367026967450983,False,0.17748831497642503,A,0.022334581076025883,True,False
2025-10-10,C,0.0,False,0.04206269647517691,C,0.01940928415233585,False,0.04206269647517691,A,0.02248790753826975,True,False
2025-10-11,D,0.0,False,-0.11236343300759621,D,0.019382072369749304,False,-0.11236343300759621,D,0.022459060675775952,False,False
2025-10-12,D,0.0,False,-0.2280041645480846,D,0.019355140708776888,False,-0.2280041645480846,D,0.022447938410635127,False,False
2025-10-13,D,0.0,False,-0.32573259129695664,D,0.019365496733447327,False,-0.32573259129695664,D,0.02245451250520957,False,False
2025-10-14,D,0.0,False,-0.38284417304359775,D,0.019360118988949675,False,-0.38284417304359775,D,0.022445290457558265,False,False
2025-10-15,D,0.0,False,-0.3148819489552457,D,0.019354199055431717,False,-0.3148819489552457,D,0.022437637258548603,False,False
2025-10-16,D,0.0,False,-0.2686877748928501,D,0.019364005168959506,False,-0.2686877748928501,D,0.02244429120615245,False,False
2025-10-17,D,0.0,False,-0.23290734286256332,D,0.019357802331860265,False,-0.23290734286256332,D,0.022434222343243278,False,False
2025-10-18,D,0.0,False,-0.24628915271014018,D,0.01933192549521443,False,-0.24628915271014018,D,0.02240358618153271,False,False
2025-10-19,E,0.0,False,-0.2680476745688065,E,0.019306238423907007,False,-0.2680476745688065,B,0.022373647835896755,True,False
2025-10-20,E,0.0,False,-0.24787058021980002,E,0.019305880309572254,False,-0.24787058021980002,B,0.02236757332344674,True,False
2025-10-21,E,0.0,False,-0.1788074882328794,E,0.019312745101985922,False,-0.1788074882328794,B,0.02236865680437245,True,False
2025-10-22,E,0.0,False,-0.12467662561363113,E,0.019311048945172972,False,-0.12467662561363113,B,0.02236110159076722,True,False
2025-10-23,E,0.0,False,-0.045755389505458544,E,0.01936128339203243,False,-0.045755389505458544,B,0.022402247427251717,True,False
2025-10-24,E,0.0,False,0.04448051266106923,E,0.01936259401349011,False,0.04448051266106923,B,0.022397393159712155,True,False
2025-10-25,E,0.0,False,0.0841456227877524,E,0.01933700811761599,False,0.0841456227877524,B,0.022366636041857645,True,False
2025-10-26,E,0.0,False,0.1386235845522732,E,0.01931159698018046,False,0.1386235845522732,B,0.022342741124373622,True,False
2025-10-27,C,0.0,False,0.21785071963707825,C,0.01930552805252908,False,0.21785071963707825,A,0.02233197350920909,True,False
2025-10-28,C,0.0,False,0.24685379751667957,C,0.019317503986588682,False,0.24685379751667957,A,0.022338038864959272,True,False
2025-10-29,C,0.0,False,0.2186081298199538,C,0.019371460173909158,False,0.2186081298199538,A,0.022381683338825273,True,False
2025-10-30,C,0.0,False,0.12504773262026592,C,0.019402163840291507,False,0.12504773262026592,A,0.022411414436788884,True,False
2025-10-31,C,0.0,False,0.035793163041918374,C,0.019409395929419114,False,0.035793163041918374,A,0.022412177919245976,True,False
2025-11-01,C,0.0,False,-0.05973643039845933,C,0.019353600311900546,False,-0.05973643039845933,A,0.022347966561247663,True,False
2025-11-02,C,0.0,False,-0.10763373165498968,C,0.019323276264810278,False,-0.10763373165498968,A,0.022313578093033207,True,False
2025-11-03,C,0.0,False,-0.13979635320091388,C,0.019537674066780204,False,-0.13979635320091388,A,0.022538553557078598,True,False
2025-11-04,D,0.0,False,-0.16459885746870462,D,0.019587125072792453,False,-0.16459885746870462,D,0.022582470956391536,False,False
2025-11-05,D,0.0,False,-0.20245558251336393,D,0.019585185391356168,False,-0.20245558251336393,D,0.022579122155105904,False,False
2025-11-06,D,0.0,False,-0.2652734686754904,D,0.01958397787578388,False,-0.2652734686754904,D,0.02258962924567553,False,False
2025-11-07,D,0.0,False,-0.27949673011599063,D,0.01956623622549329,False,-0.27949673011599063,D,0.02266826139059947,False,False
2025-11-08,D,0.0,False,-0.2601681973604342,D,0.01965025563547925,False,-0.2601681973604342,D,0.022732995596521956,False,False
2025-11-09,D,0.0,False,-0.19331409867328453,D,0.019580625799886474,False,-0.19331409867328453,D,0.022663484088901828,False,False
2025-11-10,D,0.0,False,-0.1321448451921109,D,0.01956458794125001,False,-0.1321448451921109,D,0.022645805131732713,False,False
2025-11-11,D,0.0,False,-0.04497206720403879,D,0.019543813774969578,False,-0.04497206720403879,D,0.022628482523459382,False,False
2025-11-12,D,0.0,False,-0.010134053397697906,D,0.01952396984823576,False,-0.010134053397697906,D,0.022605116682928177,False,False
2025-11-13,D,0.0,False,-0.004680614167046904,D,0.019577988225103225,False,-0.004680614167046904,D,0.022650473097064163,False,False
2025-11-14,D,0.0,False,-0.01335556123335968,D,0.01955231815337897,False,-0.01335556123335968,D,0.022626476808208743,False,False
2025-11-15,D,0.0,False,-0.040712895704997365,D,0.01951454732146838,False,-0.040712895704997365,D,0.02258600457745753,False,False
2025-11-16,D,0.0,False,-0.07582075984969627,D,0.01947865010130113,False,-0.07582075984969627,D,0.022548179993861966,False,False
2025-11-17,E,0.0,False,-0.1570468678743292,E,0.019524328089577714,False,-0.1570468678743292,B,0.022586379349380327,True,False
2025-11-18,E,0.0,False,-0.18758791037022104,E,0.019523389693340904,False,-0.18758791037022104,B,0.022582848835536823,True,False
2025-11-19,E,0.0,False,-0.2201541916211902,E,0.01951815055771902,False,-0.2201541916211902,B,0.022573475069376445,True,False
2025-11-20,E,0.0,False,-0.28866105301783185,E,0.01953879078441373,False,-0.28866105301783185,B,0.02259365160292958,True,False
2025-11-21,E,0.0,False,-0.3070851212369835,E,0.019600777439147656,False,-0.3070851212369835,B,0.022655167894940383,True,False
2025-11-22,E,0.0,False,-0.2784167656526698,E,0.0195676600595572,False,-0.2784167656526698,B,0.02261836569160808,True,False
2025-11-23,E,0.0,False,-0.26936133893522674,E,0.01953549587041949,False,-0.26936133893522674,B,0.022582837242308806,True,False
2025-11-24,E,0.0,False,-0.22874313378080324,E,0.01954726634332921,False,-0.22874313378080324,B,0.022591441886280164,True,False
2025-11-25,D,0.0,False,-0.09582841658077323,D,0.01955022871994359,False,-0.09582841658077323,D,0.022590121240283745,False,False
2025-11-26,D,0.0,False,-0.006121700983641731,D,0.01954996313306952,False,-0.006121700983641731,D,0.022584971024721973,False,False
2025-11-27,D,0.0,False,0.09872543515047294,D,0.019519794032568052,False,0.09872543515047294,D,0.0225509796278811,False,False
2025-11-28,D,0.0,False,0.221390297493137,D,0.019498896383300636,False,0.221390297493137,D,0.02252588037289245,False,False
2025-11-29,D,0.0,False,0.30644905260467037,D,0.019469834438567438,False,0.30644905260467037,D,0.022493266179970214,False,False
2025-11-30,D,0.0,False,0.3435297124968184,D,0.019441257879046808,False,0.3435297124968184,D,0.02246256898183967,False,False
2025-12-01,D,0.0,False,0.3242308017316009,D,0.019456012965761597,False,0.3242308017316009,D,0.022478633177503097,False,False
2025-12-02,D,0.0,False,0.31556326060610207,D,0.01944214821857324,False,0.31556326060610207,D,0.022473585071116024,False,False
2025-12-03,C,0.0,False,0.30168045381222974,C,0.019452212734185244,False,0.30168045381222974,A,0.022483273274286973,True,False
2025-12-04,C,0.0,False,0.2805175550522576,C,0.019454760077467933,False,0.2805175550522576,A,0.022481066671306206,True,False
2025-12-05,C,0.0,False,0.26086833457551806,C,0.019447056339255846,False,0.26086833457551806,A,0.022473329598001593,True,False
2025-12-06,C,0.0,False,0.2806524427481538,C,0.01941979591530025,False,0.2806524427481538,A,0.022442426994523833,True,False
2025-12-07,C,0.0,False,0.2743015039810681,C,0.0193928719843227,False,0.2743015039810681,A,0.022411666033786047,True,False
2025-12-08,C,0.0,False,0.21528056900197434,C,0.019386861167223508,False,0.21528056900197434,A,0.022403035666775564,True,False
2025-12-09,C,0.0,False,0.16806256912440642,C,0.019374387956425237,False,0.16806256912440642,A,0.022389747519241304,True,False
2025-12-10,C,0.0,False,0.1399475400628436,C,0.019380898068018623,False,0.1399475400628436,A,0.02239104581105191,True,False
2025-12-11,C,0.0,False,0.14279717831859773,C,0.019382359761411415,False,0.14279717831859773,A,0.02238831193186579,True,False
2025-12-12,C,0.0,False,0.12919723110681902,C,0.01937867446890495,False,0.12919723110681902,A,0.022381733222770192,True,False
2025-12-13,C,0.0,False,0.13485964840062925,C,0.019353086800330863,False,0.13485964840062925,A,0.022352364912562192,True,False
2025-12-14,C,0.0,False,0.13711514004978276,C,0.01932774048959048,False,0.13711514004978276,A,0.022325112776110358,True,False
2025-12-15,D,0.0,False,0.11050777589793337,D,0.01932226311032698,False,0.11050777589793337,D,0.022315748875531175,False,False
2025-12-16,D,0.0,False,0.04604469328645333,D,0.0193249990979412,False,0.04604469328645333,D,0.022312811832896552,False,False
2025-12-17,D,0.0,False,-0.008652510748339282,D,0.019318928171338737,False,-0.008652510748339282,D,0.02230488731926507,False,False
2025-12-18,D,0.0,False,-0.05794702064044921,D,0.019310900174333175,False,-0.05794702064044921,D,0.02229497022829583,False,False
2025-12-19,D,0.0,False,-0.07645762619830909,D,0.01931417613553788,False,-0.07645762619830909,D,0.02230277548207463,False,False
2025-12-20,D,0.0,False,-0.08835497710141527,D,0.019289666781046762,False,-0.08835497710141527,D,0.02227629824799656,False,False
2025-12-21,D,0.0,False,-0.08649214982537012,D,0.019265349628442147,False,-0.08649214982537012,D,0.02224922919380385,False,False
2025-12-22,D,0.0,False,-0.04035785793667257,D,0.019258708401322634,False,-0.04035785793667257,D,0.02223817241930795,False,False
2025-12-23,D,0.0,False,0.00810098348669186,D,0.019247182109345614,False,0.00810098348669186,D,0.022222074334465405,False,False
2025-12-24,D,0.0,False,0.029532283966060557,D,0.0192266093518397,False,0.029532283966060557,D,0.02219747479193902,False,False
2025-12-25,D,0.0,False,0.04905103197351823,D,0.01920287677572476,False,0.04905103197351823,D,0.022170668389479207,False,False
2025-12-26,D,0.0,False,0.07824419081907341,D,0.019186880100495705,False,0.07824419081907341,D,0.0221516385893976,False,False
2025-12-27,D,0.0,False,0.08181669713124395,D,0.01916345303812909,False,0.08181669713124395,D,0.0221278769146795,False,False
2025-12-28,D,0.0,False,0.08764943967532468,D,0.01914018228960359,False,0.08764943967532468,D,0.02210084744517962,False,False
2025-12-29,D,0.0,False,0.07096761543354368,D,0.01913341085075772,False,0.07096761543354368,D,0.022090033487700344,False,False
2025-12-30,D,0.0,False,0.0624062719267271,D,0.019118405617594533,False,0.0624062719267271,D,0.022070633667759555,False,False
2025-12-31,D,0.0,False,0.024803118824837656,D,0.019118913315085882,False,0.024803118824837656,D,0.022066548451794215,False,False
2026-01-01,D,0.0,False,-0.017224943747157218,D,0.019096117503453258,False,-0.017224943747157218,D,0.02204852783890578,False,False
2026-01-02,D,0.0,False,-0.02554583275781286,D,0.01910439463025555,False,-0.02554583275781286,D,0.02206301569121148,False,False
2026-01-03,D,0.0,False,-0.012727622514489001,D,0.01908179101155817,False,-0.012727622514489001,D,0.022041563691931713,False,False
2026-01-04,D,0.0,False,0.007268423155558645,D,0.019059320581969814,False,0.007268423155558645,D,0.022018045954950258,False,False
2026-01-05,D,0.0,False,0.10175358741329021,D,0.019081252755261263,False,0.10175358741329021,D,0.02203562631477183,False,False
2026-01-06,C,0.0,False,0.21308630079503676,C,0.0190916180475812,False,0.21308630079503676,A,0.02204115311101569,True,False
2026-01-07,C,0.0,False,0.2534611628490502,C,0.019102271576331032,False,0.2534611628490502,A,0.022048222032907447,True,False
2026-01-08,C,0.0,False,0.32334893942931875,C,0.019115015426299422,False,0.32334893942931875,A,0.022055021320067397,True,False
2026-01-09,C,0.0,False,0.40103765050401363,C,0.019116351087311273,False,0.40103765050401363,A,0.022051730415406385,True,False
2026-01-10,C,0.0,False,0.41855843555757,C,0.019094378796903812,False,0.41855843555757,A,0.022025975914536814,True,False
2026-01-11,C,0.0,False,0.398391958396499,C,0.019072522937948314,False,0.398391958396499,A,0.0220031326064639,True,False
2026-01-12,C,0.0,False,0.41320558509891914,C,0.019078841997578765,False,0.41320558509891914,A,0.022004813832811703,True,False
2026-01-13,C,0.0,False,0.41066028182229597,C,0.019073334669912984,False,0.41066028182229597,A,0.02200758245419813,True,False
2026-01-14,C,0.0,False,0.39636867683828125,C,0.019078987559996187,False,0.39636867683828125,A,0.02200816082871422,True,False
2026-01-15,C,0.0,False,0.3870250295766886,C,0.019076661425282044,False,0.3870250295766886,A,0.02200440956816162,True,False
2026-01-16,C,0.0,False,0.3746340537334558,C,0.019071833661564418,False,0.3746340537334558,A,0.021996440575473473,True,False
2026-01-17,C,0.0,False,0.36197380257598333,C,0.019050392539059293,False,0.36197380257598333,A,0.021972634510996365,True,False
2026-01-18,C,0.0,False,0.32048729005784593,C,0.019029056938405474,False,0.32048729005784593,A,0.02195083199305415,True,False
2026-01-19,C,0.0,False,0.2644586067118537,C,0.019007825055678905,False,0.2644586067118537,A,0.021926694780994606,True,False
2026-01-20,C,0.0,False,0.15256914757883933,C,0.01902271976332754,False,0.15256914757883933,A,0.02194090892905521,True,False
2026-01-21,D,0.0,False,0.09654372265841982,D,0.019032786732950033,False,0.09654372265841982,D,0.0219463076211671,False,False
2026-01-22,D,0.0,False,0.061205813631304284,D,0.01904042488617514,False,0.061205813631304284,D,0.02194849607068046,False,False
2026-01-23,D,0.0,False,0.028649741859202438,D,0.019036756276524895,False,0.028649741859202438,D,0.021939924104559787,False,False
2026-01-24,D,0.0,False,0.00118795580847042,D,0.01901586513452283,False,0.00118795580847042,D,0.021915369449430303,False,False
2026-01-25,D,0.0,False,0.038059196797353145,D,0.018995069369210714,False,0.038059196797353145,D,0.0218945684609359,False,False
2026-01-26,D,0.0,False,0.03709375673377591,D,0.018991863965951653,False,0.03709375673377591,D,0.021888016377243785,False,False
2026-01-27,D,0.0,False,0.011300131088637366,D,0.019018685318320752,False,0.011300131088637366,D,0.021908530874382597,False,False
2026-01-28,D,0.0,False,-0.0063973568503161715,D,0.019018692184656433,False,-0.0063973568503161715,D,0.021903788813454193,False,False
2026-01-29,D,0.0,False,-0.0314017750013551,D,0.019033619296266603,False,-0.0314017750013551,D,0.02192205096779488,False,False
2026-01-30,D,0.0,False,-0.07579675467518643,D,0.019070507469230717,False,-0.07579675467518643,D,0.02195240837076276,False,False
2026-01-31,E,0.0,False,-0.1452059822991697,E,0.01905002081027625,False,-0.1452059822991697,B,0.02193983455689558,True,False
2026-02-01,E,0.0,False,-0.21418644253669572,E,0.019029621898614988,False,-0.21418644253669572,B,0.021917526204969576,True,False
2026-02-02,E,0.0,False,-0.2528607211259465,E,0.019030263337359094,False,-0.2528607211259465,B,0.021915143800065182,True,False
2026-02-03,E,0.0,False,-0.2751873044864822,E,0.019080864926533873,False,-0.2751873044864822,B,0.021959130544797017,True,False
2026-02-04,E,0.0,False,-0.24669314857807267,E,0.01911301840554665,False,-0.24669314857807267,B,0.021985001264269995,True,False
2026-02-05,E,0.0,False,-0.2617507598314589,E,0.01914704605189596,False,-0.2617507598314589,B,0.022048291409525463,True,False
2026-02-06,E,0.0,False,-0.20359096137819055,E,0.01919174500078773,False,-0.20359096137819055,B,0.0221073891628326,True,False
2026-02-07,E,0.0,False,-0.16674214831296275,E,0.019171534240596994,False,-0.16674214831296275,B,0.022083770616298515,True,False
2026-02-08,E,0.0,False,-0.13000483282802178,E,0.019151405668399984,False,-0.13000483282802178,B,0.0220605592355524,True,False
2026-02-09,E,0.0,False,-0.1234755834267165,E,0.019154631138497503,False,-0.1234755834267165,B,0.022058596057663277,True,False
2026-02-10,D,0.0,False,-0.02436586078127967,D,0.019163988619800683,False,-0.02436586078127967,D,0.022063652693019197,False,False
2026-02-11,D,0.0,False,-0.015511807871130823,D,0.019192382729780563,False,-0.015511807871130823,D,0.022085951119893327,False,False
2026-02-12,D,0.0,False,-0.04745666927547465,D,0.019232344689270875,False,-0.04745666927547465,D,0.02211925956915646,False,False
2026-02-13,D,0.0,False,-0.04415390396186658,D,0.01924380920081041,False,-0.04415390396186658,D,0.022129957645823258,False,False
2026-02-14,D,0.0,False,-0.03884286116627722,D,0.01922393934517571,False,-0.03884286116627722,D,0.02211475483656173,False,False
2026-02-15,D,0.0,False,-0.03420334655850288,D,0.0192041463851886,False,-0.03420334655850288,D,0.022093538812611564,False,False
2026-02-16,D,0.0,False,-0.02603867902210899,D,0.019184429503255402,False,-0.02603867902210899,D,0.022071068489661002,False,False
2026-02-17,D,0.0,False,0.021680210988003212,D,0.01919177612796203,False,0.021680210988003212,D,0.022073306859534153,False,False
2026-02-18,D,0.0,False,0.033974086135015735,D,0.01919820126220871,False,0.033974086135015735,D,0.02207799407115173,False,False
2026-02-19,D,0.0,False,0.021681161752193923,D,0.019195559570014686,False,0.021681161752193923,D,0.022073358234609645,False,False
2026-02-20,D,0.0,False,0.01922203113135179,D,0.01919490247021071,False,0.01922203113135179,D,0.022070691474034135,False,False
2026-02-21,D,0.0,False,0.015075503257138134,D,0.019175459103674616,False,0.015075503257138134,D,0.022048930907299452,False,False
2026-02-22,D,0.0,False,0.028656553378191285,D,0.01915608771832897,False,0.028656553378191285,D,0.022027496427303297,False,False
2026-02-23,D,0.0,False,-0.024664543219363733,D,0.01919655223360131,False,-0.024664543219363733,D,0.02206471305725589,False,False
2026-02-24,D,0.0,False,-0.0545235876500072,D,0.01919253123926926,False,-0.0545235876500072,D,0.022056941828562358,False,False
2026-02-25,D,0.0,False,-0.08745745770623425,D,0.019201940978296105,False,-0.08745745770623425,D,0.022088145288828395,False,False
2026-02-26,D,0.0,False,-0.07761129596597971,D,0.01921616768268694,False,-0.07761129596597971,D,0.022097578877201055,False,False
2026-02-27,D,0.0,False,-0.07260736571163662,D,0.01924055976267072,False,-0.07260736571163662,D,0.022116789811893675,False,False
2026-02-28,D,0.0,False,-0.0019874492615629125,D,0.019221355700893523,False,-0.0019874492615629125,D,0.022095082074411493,False,False
2026-03-01,D,0.0,False,0.045519706740441146,D,0.01920222072157276,False,0.045519706740441146,D,0.02207387570991961,False,False
2026-03-02,D,0.0,False,0.07083767802657293,D,0.019204987949049523,False,0.07083767802657293,D,0.022076008528896997,False,False
2026-03-03,D,0.0,False,0.0331045165393129,D,0.019216518324321037,False,0.0331045165393129,D,0.022085254276512922,False,False
2026-03-04,D,0.0,False,0.023050527982352298,D,0.01921441058158648,False,0.023050527982352298,D,0.022085638583071776,False,False
2026-03-05,D,0.0,False,-0.0029700809472960055,D,0.01922823304149224,False,-0.0029700809472960055,D,0.022094577126531085,False,False
2026-03-06,D,0.0,False,-0.05411399517680049,D,0.019237986962986994,False,-0.05411399517680049,D,0.022102870977780926,False,False
2026-03-07,D,0.0,False,-0.1281992872883092,D,0.019219099292253804,False,-0.1281992872883092,D,0.02208100166298935,False,False
2026-03-08,E,0.0,False,-0.15806920015740855,E,0.019200277359624887,False,-0.15806920015740855,B,0.022059242492248193,True,False
2026-03-09,E,0.0,False,-0.2219278327552704,E,0.0191972387504324,False,-0.2219278327552704,B,0.022053025836498208,True,False
2026-03-10,E,0.0,False,-0.2635810486370177,E,0.019199869518056693,False,-0.2635810486370177,B,0.022055327537940133,True,False
2026-03-11,E,0.0,False,-0.2626726850263644,E,0.019202039897329798,False,-0.2626726850263644,B,0.022053199985369334,True,False
2026-03-12,E,0.0,False,-0.29178242517396535,E,0.019222539330345276,False,-0.29178242517396535,B,0.022068734094976113,True,False
2026-03-13,E,0.0,False,-0.3245034156620624,E,0.01921914305357557,False,-0.3245034156620624,B,0.022061617593066078,True,False
2026-03-14,E,0.0,False,-0.3656679187208045,E,0.01920057344034987,False,-0.3656679187208045,B,0.022040179599890772,True,False
2026-03-15,E,0.0,False,-0.4019383173215274,E,0.019182066465572325,False,-0.4019383173215274,B,0.022019511095836306,True,False
2026-03-16,E,0.0,False,-0.40357735236246417,E,0.019176437923019134,False,-0.40357735236246417,B,0.022016609020316,True,False
2026-03-17,E,0.0,False,-0.3379797252668937,E,0.01917104616235438,False,-0.3379797252668937,B,0.02200779578157485,True,False
2026-03-18,E,0.0,False,-0.29903446689953317,E,0.01917772611668987,False,-0.29903446689953317,B,0.022012161392895323,True,False
2026-03-19,E,0.0,False,-0.27185033767299693,E,0.019174044739133905,False,-0.27185033767299693,B,0.022005203763187504,True,False
2026-03-20,E,0.0,False,-0.2882056089790358,E,0.019188420070319713,False,-0.2882056089790358,B,0.02201441200949525,True,False
2026-03-21,E,0.0,False,-0.3466220159339034,E,0.019170181972815493,False,-0.3466220159339034,B,0.021994167209312323,True,False
2026-03-22,E,0.0,False,-0.4187464093765153,E,0.019091009890440734,False,-0.4187464093765153,B,0.0219083484961457,True,False
2026-03-23,E,0.0,False,-0.4059713354387223,E,0.019105725686416813,False,-0.4059713354387223,B,0.021920461209396457,True,False
2026-03-24,E,0.0,False,-0.3746620077438223,E,0.019110877911039898,False,-0.3746620077438223,B,0.02192105978941671,True,False
2026-03-25,E,0.0,False,-0.2756831212442612,E,0.019115591653948463,False,-0.2756831212442612,B,0.021921486025370737,True,False
2026-03-26,E,0.0,False,-0.20617339090456321,E,0.01911460638830641,False,-0.20617339090456321,B,0.021910777848017482,True,False
2026-03-27,E,0.0,False,-0.18173152209416454,E,0.019154241584014707,False,-0.18173152209416454,B,0.021944867204132103,True,False
2026-03-28,E,0.0,False,-0.2102160166504441,E,0.019134734149266686,False,-0.2102160166504441,B,0.02192267248515838,True,False
2026-03-29,E,0.0,False,-0.2371106192934508,E,0.019114303400810148,False,-0.2371106192934508,B,0.02189981235321673,True,False
2026-03-30,E,0.0,False,-0.2968372350426385,E,0.019126595719558343,False,-0.2968372350426385,B,0.02190737716462837,True,False
2026-03-31,E,0.0,False,-0.26068811899726596,E,0.019176621941769247,False,-0.26068811899726596,B,0.02195029555215766,True,False
2026-04-01,E,0.0,False,-0.16353551963074364,E,0.01917493616643687,False,-0.16353551963074364,B,0.021944740415652083,True,False
2026-04-02,D,0.0,False,-0.06020460267696093,D,0.019171317060383726,False,-0.06020460267696093,D,0.021938357962309404,False,False
2026-04-03,D,0.0,False,0.04879515438283577,D,0.019150421020307756,False,0.04879515438283577,D,0.021915247917358945,False,False
2026-04-04,D,0.0,False,0.16076574755968687,D,0.01912998807471271,False,0.16076574755968687,D,0.021892281881213154,False,False
2026-04-05,D,0.0,False,0.19213701410298878,D,0.01910993483145462,False,0.19213701410298878,D,0.021869735343768217,False,False
2026-04-06,D,0.0,False,0.23061920039777695,D,0.019105940954966445,False,0.23061920039777695,D,0.021861984583284783,False,False
2026-04-07,D,0.0,False,0.2516230503078254,D,0.01909930675730922,False,0.2516230503078254,D,0.02185659007134826,False,False
2026-04-08,D,0.0,False,0.3223417217730329,D,0.01913722359767858,False,0.3223417217730329,D,0.021888881359762982,False,False
2026-04-09,D,0.0,False,0.37404025643569705,D,0.019149334272921165,False,0.37404025643569705,D,0.021896312622638723,False,False
2026-04-10,C,0.0,False,0.40195857845398586,C,0.01915492721116659,False,0.40195857845398586,A,0.02189772213710054,True,False
2026-04-11,C,0.0,False,0.41011750331590546,C,0.0191358137589452,False,0.41011750331590546,A,0.021875987868042616,True,False
2026-04-12,C,0.0,False,0.4165590326744262,C,0.019116879707301217,False,0.4165590326744262,A,0.021856531709429205,True,False
2026-04-13,C,0.0,False,0.39037226203858855,C,0.019126643366613565,False,0.39037226203858855,A,0.021867048162861977,True,False
2026-04-14,C,0.0,False,0.38225345079380024,C,0.01914607385891874,False,0.38225345079380024,A,0.021882120556270517,True,False
2026-04-15,C,0.0,False,0.41012337715426117,C,0.019150668848368496,False,0.41012337715426117,A,0.02188393964695093,True,False
2026-04-16,C,0.0,False,0.44479187183751656,C,0.019151961115898026,False,0.44479187183751656,A,0.021886706212115734,True,False
2026-04-17,C,0.0,False,0.519568845900793,C,0.019164487910570058,False,0.519568845900793,A,0.02189451872971519,True,False
2026-04-18,C,0.0,False,0.5294654900634266,C,0.019145888343043836,False,0.5294654900634266,A,0.021875800421906167,True,False
2026-04-19,C,0.0,False,0.5252564999561571,C,0.019127416392073292,False,0.5252564999561571,A,0.021856306698439697,True,False
2026-04-20,C,0.0,False,0.536509697452755,C,0.01912415444951005,False,0.536509697452755,A,0.021850129380989403,True,False
2026-04-21,C,0.0,False,0.5010340432033411,C,0.01913030779771986,False,0.5010340432033411,A,0.02185194240987922,True,False
2026-04-22,C,0.0,False,0.43659812007010745,C,0.019131971844256707,False,0.43659812007010745,A,0.021849746983024037,True,False
2026-04-23,C,0.0,False,0.37356423851425347,C,0.019172944280375345,False,0.37356423851425347,A,0.021884033007077714,True,False
2026-04-24,C,0.0,False,0.32574321488317737,C,0.019180309146310578,False,0.32574321488317737,A,0.021887164460141592,True,False
2026-04-25,C,0.0,False,0.26059920780833634,C,0.01916222961356366,False,0.26059920780833634,A,0.02186651081832254,True,False
2026-04-26,C,0.0,False,0.2268636825927628,C,0.01914424869030568,False,0.2268636825927628,A,0.021846255647731908,True,False
2026-04-27,C,0.0,False,0.180961413583135,C,0.019139006328053935,False,0.180961413583135,A,0.021837912698275095,True,False
2026-04-28,C,0.0,False,0.15800904877413924,C,0.019145987754128978,False,0.15800904877413924,A,0.021840558848993802,True,False
2026-04-29,C,0.0,False,0.12572418865915647,C,0.019158213012526414,False,0.12572418865915647,A,0.02184837530493243,True,False
2026-04-30,C,0.0,False,0.12049301895983744,C,0.019176763036583108,False,0.12049301895983744,A,0.02186186141208042,True,False
2026-05-01,D,0.0,False,0.1149810403433027,D,0.0191797484879989,False,0.1149810403433027,D,0.021861186915049464,False,False
2026-05-02,D,0.0,False,0.11358320036678027,D,0.019162136504114063,False,0.11358320036678027,D,0.021841406824983117,False,False
2026-05-03,D,0.0,False,0.13220821854674325,D,0.019144604706131753,False,0.13220821854674325,D,0.021821312634365545,False,False
2026-05-04,D,0.0,False,0.1365613265238541,D,0.019147807783200174,False,0.1365613265238541,D,0.021820582158010072,False,False
2026-05-05,D,0.0,False,0.12537731683134212,D,0.019155395011895684,False,0.12537731683134212,D,0.021825074998311107,False,False
2026-05-06,D,0.0,False,0.1623115304804179,D,0.019204582253107224,False,0.1623115304804179,D,0.021870754930975213,False,False
2026-05-07,D,0.0,False,0.19871546740324098,D,0.019245607438272482,False,0.19871546740324098,D,0.021905545192836266,False,False
2026-05-08,D,0.0,False,0.2512013818379044,D,0.019255749200176187,False,0.2512013818379044,D,0.02191689320330016,False,False
2026-05-09,C,0.0,False,0.318716512977002,C,0.01923843668789318,False,0.318716512977002,A,0.021897435370698073,True,False
2026-05-10,C,0.0,False,0.36352675202336315,C,0.019221193614020363,False,0.36352675202336315,A,0.02188089057329088,True,False
2026-05-11,C,0.0,False,0.3456277483532211,C,0.019235391666885395,False,0.3456277483532211,A,0.021891028660825707,True,False
2026-05-12,C,0.0,False,0.3402930295077877,C,0.01924276445377054,False,0.3402930295077877,A,0.021896394326426143,True,False
2026-05-13,C,0.0,False,0.2996013127062347,C,0.019243060339865396,False,0.2996013127062347,A,0.021893738831217126,True,False
2026-05-14,C,0.0,False,0.27939450345127903,C,0.01924426273266573,False,0.27939450345127903,A,0.021891432880585798,True,False
2026-05-15,C,0.0,False,0.21921309267458167,C,0.019253146645749897,False,0.21921309267458167,A,0.021897410866310207,True,False
2026-05-16,C,0.0,False,0.15473717376352503,C,0.01923614910629252,False,0.15473717376352503,A,0.021879033322651672,True,False
2026-05-17,D,0.0,False,0.08611119579988835,D,0.019219214386183223,False,0.08611119579988835,D,0.02186001538335653,False,False
2026-05-18,D,0.0,False,0.05411188712017623,D,0.01922553224761128,False,0.05411188712017623,D,0.021864094571758273,False,False
2026-05-19,D,0.0,False,-0.007047453501978773,D,0.01922348664765961,False,-0.007047453501978773,D,0.02185881105690482,False,False
2026-05-20,D,0.0,False,0.021814920596704424,D,0.019234174994474468,False,0.021814920596704424,D,0.021865730049950377,False,False
2026-05-21,D,0.0,False,0.06886798911864944,D,0.019234078396026814,False,0.06886798911864944,D,0.02186397226384671,False,False
2026-05-22,D,0.0,False,0.14273848416053392,D,0.01923840004333574,False,0.14273848416053392,D,0.021866067602615176,False,False
2026-05-23,D,0.0,False,0.18875787329938665,D,0.019221717805447888,False,0.18875787329938665,D,0.02184920102942025,False,False
2026-05-24,D,0.0,False,0.24218574461267073,D,0.019205092946129668,False,0.24218574461267073,D,0.021830648877321654,False,False
2026-05-25,C,0.0,False,0.26382444074006806,C,0.019188524701853796,False,0.26382444074006806,A,0.021814539827970342,True,False
2026-05-26,C,0.0,False,0.28980350676910516,C,0.01919345432588363,False,0.28980350676910516,A,0.021816411578725742,True,False
2026-05-27,C,0.0,False,0.2804512211109045,C,0.019193560305444075,False,0.2804512211109045,A,0.02181548268313012,True,False
2026-05-28,C,0.0,False,0.29442835945627355,C,0.01921933413058046,False,0.29442835945627355,A,0.02183751112172889,True,False
2026-05-29,C,0.0,False,0.3328083530546466,C,0.01925555866273164,False,0.3328083530546466,A,0.021869612266319657,True,False
2026-05-30,C,0.0,False,0.3670783326559146,C,0.019239138976268017,False,0.3670783326559146,A,0.021851327249334456,True,False
2026-05-31,C,0.0,False,0.3892169224072506,C,0.019222772560993376,False,0.3892169224072506,A,0.02183527281832526,True,False
2026-06-01,C,0.0,False,0.42743723256557287,C,0.01925260686540725,False,0.42743723256557287,A,0.021861289804031993,True,False
2026-06-02,C,0.0,False,0.43055288125106395,C,0.01928630936214051,False,0.43055288125106395,A,0.02189683064397244,True,False
2026-06-03,C,0.0,False,0.3909755236015855,C,0.019296782880001632,False,0.3909755236015855,A,0.021905491101848796,True,False
2026-06-04,C,0.0,False,0.3611873735640081,C,0.0193078601289891,False,0.3611873735640081,A,0.021919961363667473,True,False
2026-06-05,C,0.0,False,0.2754613225287106,C,0.019339752066433496,False,0.2754613225287106,A,0.02195822634570348,True,False
2026-06-06,C,0.0,False,0.1732323105173872,C,0.01932349213458485,False,0.1732323105173872,A,0.021940200707657218,True,False
2026-06-07,D,0.0,False,0.0816886409453188,D,0.01930728296802946,False,0.0816886409453188,D,0.02192518530082512,False,False
2026-06-08,D,0.0,False,0.00965508430702533,D,0.019309246787716387,False,0.00965508430702533,D,0.021924440425010714,False,False
2026-06-09,D,0.0,False,-0.06141747196972358,D,0.01932051687873377,False,-0.06141747196972358,D,0.021931772807734097,False,False
2026-06-10,D,0.0,False,-0.08769956047741667,D,0.019331699212545104,False,-0.08769956047741667,D,0.021940803167317575,False,False
2026-06-11,D,0.0,False,-0.04979494283208541,D,0.019356920840223966,False,-0.04979494283208541,D,0.02196524245803451,False,False
2026-06-12,D,0.0,False,0.0017067883520949234,D,0.019354281217943966,False,0.0017067883520949234,D,0.021959700055727352,False,False
2026-06-13,D,0.0,False,0.06304935431341585,D,0.019338258770020048,False,0.06304935431341585,D,0.02194290154157766,False,False
2026-06-14,D,0.0,False,0.10512883125585515,D,0.019261137693447113,False,0.10512883125585515,D,0.02186083743303601,False,False
2026-06-15,C,0.0,False,0.2060106884131685,C,0.01962651844592947,False,0.2060106884131685,A,0.02219870424030605,True,False
2026-06-16,C,0.0,False,0.22628474643111574,C,0.01956318292627193,False,0.22628474643111574,A,0.02213676691313834,True,False
2026-06-17,C,0.0,False,0.19200311113884538,C,0.01962633787615872,False,0.19200311113884538,A,0.022192644707744597,True,False
2026-06-18,C,0.0,False,0.16390373345205544,C,0.019612070078566315,False,0.16390373345205544,A,0.022177027544365086,True,False
2026-06-19,C,0.0,False,0.1316619521521778,C,0.019569659897798887,False,0.1316619521521778,A,0.022134856834682696,True,False
2026-06-20,C,0.0,False,0.07538503081487957,C,0.019532935730493504,False,0.07538503081487957,A,0.022097852336164278,True,False
2026-06-21,C,0.0,False,0.026896285054651692,C,0.019500143793045963,False,0.026896285054651692,A,0.022064677998472722,True,False
2026-06-22,C,0.0,False,0.03633914617380385,C,0.01954775209338002,False,0.03633914617380385,A,0.022105669444321737,True,False
2026-06-23,D,0.0,False,0.019080116877296938,D,0.01954364106270954,False,0.019080116877296938,D,0.022099838369713045,False,False
2026-06-24,D,0.0,False,0.021439758799143283,D,0.019540486269434016,False,0.021439758799143283,D,0.022097431745110124,False,False
2026-06-25,D,0.0,False,0.022748427645459257,D,0.019541454857167496,False,0.022748427645459257,D,0.022095829880125283,False,False
2026-06-26,D,0.0,False,0.06212298691079532,D,0.019548165203196747,False,0.06212298691079532,D,0.022101985173128974,False,False
2026-06-27,D,0.0,False,0.10148822369033472,D,0.019523300077146623,False,0.10148822369033472,D,0.02207600602912832,False,False
2026-06-28,D,0.0,False,0.14738548414808927,D,0.01949942665155208,False,0.14738548414808927,D,0.022050599741366878,False,False
2026-06-29,D,0.0,False,0.19946139020717846,D,0.019504094253717325,False,0.19946139020717846,D,0.022052332782126732,False,False
2026-06-30,D,0.0,False,0.21289950298476024,D,0.019502858248287833,False,0.21289950298476024,D,0.022048726913510928,False,False
2026-07-01,C,0.0,False,0.2230197382892718,C,0.019521415072309378,False,0.2230197382892718,A,0.022063664296325787,True,False
2026-07-02,C,0.0,False,0.27629633540071086,C,0.01953640479424398,False,0.27629633540071086,A,0.022076238055695453,True,False
2026-07-03,C,0.0,False,0.3393574622028406,C,0.019515261780832155,False,0.3393574622028406,A,0.02205565155014445,True,False
2026-07-04,C,0.0,False,0.3855150807914598,C,0.01949457724478009,False,0.3855150807914598,A,0.022033469993674077,True,False
2026-07-05,C,0.0,False,0.4436147313588412,C,0.019474303073443704,False,0.4436147313588412,A,0.022011421396036776,True,False
2026-07-06,C,0.0,False,0.4763381564686142,C,0.019471770198785893,False,0.4763381564686142,A,0.022006050962008368,True,False
2026-07-07,C,0.0,False,0.4476625094298403,C,0.019477729077346673,False,0.4476625094298403,A,0.022009123210814104,True,False
2026-07-08,C,0.0,False,0.3806561039425438,C,0.019482418175509546,False,0.3806561039425438,A,0.022010789525861437,True,False
2026-07-09,C,0.0,False,0.3368693067126305,C,0.019481767827206873,False,0.3368693067126305,A,0.022007208653178064,True,False
2026-07-10,C,0.0,False,0.3035799964410246,C,0.019474468994127084,False,0.3035799964410246,A,0.021998019843763515,True,False
2026-07-11,C,0.0,False,0.25807587945734567,C,0.019455768930171223,False,0.25807587945734567,A,0.021977531205531725,True,False
2026-07-12,C,0.0,False,0.21440721590521572,C,0.019437295464698374,False,0.21440721590521572,A,0.021957229749051344,True,False
2026-07-13,C,0.0,False,0.21063248533712775,C,0.019438320210840708,False,0.21063248533712775,A,0.021955375730442563,True,False
2026-07-14,C,0.0,False,0.1886687981324109,C,0.019448161755078252,False,0.1886687981324109,A,0.02196362838293314,True,False
2026-07-15,C,0.0,False,0.15666678347525997,C,0.019452603891403207,False,0.15666678347525997,A,0.021964889848142457,True,False
2026-07-16,C,0.0,False,0.14800526151607318,C,0.019470250934478094,False,0.14800526151607318,A,0.021978886307981328,True,False
2026-07-17,C,0.0,False,0.12482991308237934,C,0.019472235785092742,False,0.12482991308237934,A,0.021977829093076755,True,False
2026-07-18,D,0.0,False,0.10386130762146673,D,0.019454709491407974,False,0.10386130762146673,D,0.021958517817424483,False,False
2026-07-19,D,0.00041145596950800325,False,0.0714311143405355,D,0.019376012682030885,False,0.0714311143405355,D,0.021874980876526937,False,False
2026-07-20,D,0.007265812372505131,False,0.0322523537509789,D,0.019368709483704793,False,0.0322523537509789,D,0.021865451092368007,False,False
2026-07-21,D,0.012458349347227924,False,-0.0019040176591678115,D,0.019374408187399772,False,-0.0019040176591678115,D,0.021868225814946275,False,False
2026-07-22,D,0.014083727868270711,False,-0.007586455454374752,D,0.019379000564005447,False,-0.007586455454374752,D,0.021869483874270786,False,False
2026-07-23,D,0.01630032868908591,False,-0.02304004894748246,D,0.019393353276063542,False,-0.02304004894748246,D,0.021880630588773986,False,False
2026-07-24,D,0.01761595026805437,False,-0.017704508059848134,D,0.01940159167740242,False,-0.017704508059848134,D,0.021885387934698495,False,False
2026-07-25,D,0.016772340014200283,False,0.0033509585868651826,D,0.019384869367962382,False,0.0033509585868651826,D,0.021870761163255852,False,False
2026-07-26,D,0.01594204230785586,False,0.012525578483912891,D,0.019368253725081695,False,0.012525578483912891,D,0.02185355872958618,False,False
2026-07-27,D,0.017141303947621138,False,0.03599566523074915,D,0.019373454681040434,False,0.03599566523074915,D,0.021858251655498397,False,False
2026-07-28,D,0.018088103152702224,False,0.08278203561449371,D,0.019389139597034855,False,0.08278203561449371,D,0.021869999973791427,False,False
2026-07-29,D,0.018906921818352074,False,0.08747808416264546,D,0.01940298142890701,False,0.08747808416264546,D,0.021880016824881183,False,False
2026-07-30,D,0.020823347414654483,True,0.10178290148351143,D,0.019438006795016245,False,0.10178290148351143,D,0.021911335098561115,False,False
2026-07-31,D,0.020859165120081274,True,0.10307271934490769,D,0.01944179654167671,False,0.10307271934490769,D,0.02191251779905437,False,False
2026-08-01,D,0.02015135778051667,True,0.08878157940654163,D,0.01942561403762931,False,0.08878157940654163,D,0.02189472241660427,False,False
2026-08-02,D,0.019547956534983243,False,0.052502313737272654,D,0.01940951518743187,False,0.052502313737272654,D,0.02187763673912496,False,False
