symbol,session_date,side,entry_ts,entry_price,stop,target,exit_ts,exit_price,exit_reason,minutes_since_open_at_entry,tod_bucket_at_entry,r_multiple,pnl_bps
AAPL,2026-01-29,short,2026-01-29 10:41:00-05:00,255.49,261.95,254.51,2026-01-29 10:50:00-05:00,254.51,target,71,mid_morning_45_120,0.15170278637771228,32.35766566206185
AAPL,2026-01-30,long,2026-01-30 10:00:00-05:00,256.39,249.8,259.65,2026-01-30 15:25:00-05:00,259.65,target,30,sneaky_window_15_45,0.4946889226100157,121.1500448535431
AAPL,2026-02-11,short,2026-02-11 10:15:00-05:00,275.77,278.2,272.94,2026-02-11 10:32:00-05:00,278.2,stop,45,mid_morning_45_120,-1.0,-94.11690901838514
AAPL,2026-02-13,long,2026-02-13 10:29:00-05:00,260.7,259.205,275.72,2026-02-13 10:46:00-05:00,259.205,stop,59,mid_morning_45_120,-1.0,-63.34560797851955
AAPL,2026-02-19,long,2026-02-19 11:21:00-05:00,264.35,255.54,266.82,2026-02-19 15:59:00-05:00,260.51,eod,111,mid_morning_45_120,-0.4358683314415458,-151.261963306224
AAPL,2026-02-20,long,2026-02-20 10:44:00-05:00,262.35,255.54,264.48,2026-02-20 11:51:00-05:00,264.48,target,74,mid_morning_45_120,0.3127753303964737,75.18925100057157
AAPL,2026-02-24,short,2026-02-24 10:07:00-05:00,273.63,275.72,263.381,2026-02-24 15:59:00-05:00,272.17,eod,37,sneaky_window_15_45,0.698564593301415,47.356722581587526
AAPL,2026-02-26,short,2026-02-26 10:01:00-05:00,273.45,275.72,271.05,2026-02-26 10:24:00-05:00,271.05,target,31,sneaky_window_15_45,1.0572687224669324,81.76741634668046
AAPL,2026-02-27,long,2026-02-27 10:00:00-05:00,271.3,267.71,276.11,2026-02-27 12:16:00-05:00,267.71,stop,30,sneaky_window_15_45,-1.0,-138.3258385551062
AAPL,2026-03-02,long,2026-03-02 10:00:00-05:00,263.39,258.16,272.81,2026-03-02 15:59:00-05:00,264.6,eod,30,sneaky_window_15_45,0.2313575525812706,39.939481377426496
AAPL,2026-03-05,long,2026-03-05 10:00:00-05:00,260.03,260.13,266.15,2026-03-05 10:01:00-05:00,260.13,stop,30,sneaky_window_15_45,,-2.154289889627245
AAPL,2026-03-06,long,2026-03-06 10:00:00-05:00,256.24,255.54,261.555,2026-03-06 10:08:00-05:00,255.54,stop,30,sneaky_window_15_45,-1.0,-33.31813924445898
AAPL,2026-03-09,long,2026-03-09 10:04:00-04:00,256.37,252.18,258.77,2026-03-09 15:20:00-04:00,258.77,target,34,sneaky_window_15_45,0.5727923627684913,87.61469750750778
AAPL,2026-03-17,short,2026-03-17 10:15:00-04:00,254.08,256.33,249.88,2026-03-17 15:59:00-04:00,254.23,eod,45,mid_morning_45_120,-0.06666666666665741,-11.903652392946208
AAPL,2026-03-24,long,2026-03-24 10:52:00-04:00,253.12,246.0,254.6,2026-03-24 11:50:00-04:00,254.6,target,82,mid_morning_45_120,0.20786516853932427,52.47029077117532
AAPL,2026-03-25,short,2026-03-25 10:00:00-04:00,251.82,254.94,249.55,2026-03-25 15:59:00-04:00,252.61,eod,30,sneaky_window_15_45,-0.2532051282051344,-37.37161464538244
AAPL,2026-03-26,long,2026-03-26 10:00:00-04:00,253.85,249.55,255.0,2026-03-26 10:14:00-04:00,255.0,target,30,sneaky_window_15_45,0.26744186046511864,39.30234390388047
AAPL,2026-04-01,short,2026-04-01 10:00:00-04:00,254.49,255.493,247.101,2026-04-01 15:27:00-04:00,255.493,stop,30,sneaky_window_15_45,-1.0,-45.41215764863004
AAPL,2026-04-02,long,2026-04-02 10:00:00-04:00,252.66,247.101,256.18,2026-04-02 15:59:00-04:00,255.89,eod,30,sneaky_window_15_45,0.5810397553516804,121.83978469088854
AAPL,2026-04-08,short,2026-04-08 10:30:00-04:00,258.0347,262.16,245.7,2026-04-08 15:59:00-04:00,258.91,eod,60,mid_morning_45_120,-0.21217850822971185,-39.921794239303416
AAPL,2026-04-09,short,2026-04-09 10:00:00-04:00,256.11,262.16,256.53,2026-04-09 10:01:00-04:00,256.53,target,30,sneaky_window_15_45,-0.06942148760329889,-22.399203467258562
AAPL,2026-04-14,short,2026-04-14 10:21:00-04:00,259.3501,262.19,256.66,2026-04-14 15:59:00-04:00,258.855,eod,51,mid_morning_45_120,0.17433712454663172,13.090025413523243
AAPL,2026-04-16,short,2026-04-16 10:06:00-04:00,262.02,272.81,257.81,2026-04-16 15:59:00-04:00,263.36,eod,36,sneaky_window_15_45,-0.1241890639481028,-57.14113426456118
AAPL,2026-04-17,short,2026-04-17 10:30:00-04:00,268.5024,272.81,261.27,2026-04-17 15:59:00-04:00,270.185,eod,60,mid_morning_45_120,-0.3906119416844618,-68.66610652269698
AAPL,2026-04-20,short,2026-04-20 10:32:00-04:00,273.21,272.81,266.72,2026-04-20 10:33:00-04:00,272.81,stop,62,mid_morning_45_120,,8.640752534679452
AAPL,2026-04-24,long,2026-04-24 10:19:00-04:00,272.07,266.87,275.77,2026-04-24 15:59:00-04:00,271.06,eod,49,mid_morning_45_120,-0.1942307692307679,-43.122799279596826
AAPL,2026-04-29,long,2026-04-29 10:02:00-04:00,269.56,265.07,273.23,2026-04-29 15:59:00-04:00,270.19,eod,32,sneaky_window_15_45,0.1403118040089074,17.37142009200161
AAPL,2026-05-01,short,2026-05-01 10:30:00-04:00,285.04,276.11,268.14,2026-05-01 10:31:00-04:00,276.11,stop,60,mid_morning_45_120,,307.2893628964358
AAPL,2026-05-20,short,2026-05-20 10:00:00-04:00,299.92,300.66,296.35,2026-05-20 12:51:00-04:00,300.66,stop,30,sneaky_window_15_45,-1.0,-30.673246198986696
AAPL,2026-05-29,short,2026-05-29 10:05:00-04:00,312.8801,313.26,309.57,2026-05-29 10:08:00-04:00,313.26,stop,35,sneaky_window_15_45,-1.0,-18.142031404361084
AAPL,2026-06-05,short,2026-06-05 10:06:00-04:00,312.97,316.94,309.65,2026-06-05 13:07:00-04:00,309.65,target,36,sneaky_window_15_45,0.8362720403022859,100.08045499568809
AAPL,2026-06-08,short,2026-06-08 10:15:00-04:00,310.58,316.94,307.15,2026-06-08 13:34:00-04:00,316.94,stop,45,mid_morning_45_120,-1.0,-210.77815699658748
AAPL,2026-06-10,long,2026-06-10 11:43:00-04:00,291.19,285.78,300.75,2026-06-10 15:59:00-04:00,291.48,eod,133,midday_120_240,0.05360443622920871,3.9591332119928726
AAPL,2026-06-12,short,2026-06-12 10:00:00-04:00,290.99,300.75,289.59,2026-06-12 15:59:00-04:00,291.07,eod,30,sneaky_window_15_45,-0.008196721311473787,-8.749235368912474
AAPL,2026-06-17,short,2026-06-17 10:35:00-04:00,299.222,300.75,293.97,2026-06-17 15:59:00-04:00,295.88,eod,65,mid_morning_45_120,2.187172774869071,105.68964848841277
AAPL,2026-06-22,short,2026-06-22 10:30:00-04:00,300.88,302.07,295.62,2026-06-22 15:59:00-04:00,296.79,eod,60,mid_morning_45_120,3.436974789915952,129.93459186386517
AAPL,2026-06-23,long,2026-06-23 10:26:00-04:00,299.99,295.62,302.42,2026-06-23 15:19:00-04:00,295.62,stop,56,mid_morning_45_120,-1.0,-151.67152238407962
AAPL,2026-06-24,long,2026-06-24 10:20:00-04:00,295.5,293.97,301.64,2026-06-24 15:55:00-04:00,293.97,stop,50,mid_morning_45_120,-1.0,-57.77664974619197
AAPL,2026-06-25,long,2026-06-25 10:02:00-04:00,279.94,291.7,299.7,2026-06-25 10:03:00-04:00,291.7,stop,32,sneaky_window_15_45,,414.0900192898475
AAPL,2026-06-29,short,2026-06-29 10:00:00-04:00,283.522,288.8,274.21,2026-06-29 15:59:00-04:00,281.63,eod,30,sneaky_window_15_45,0.3584691170898046,60.73203490381685
AAPL,2026-07-07,short,2026-07-07 10:01:00-04:00,311.1,317.4,307.0,2026-07-07 15:59:00-04:00,310.65,eod,31,sneaky_window_15_45,0.07142857142857917,8.46480231436983
AAPL,2026-07-08,long,2026-07-08 10:08:00-04:00,309.6401,307.0,315.48,2026-07-08 15:59:00-04:00,313.26,eod,38,sneaky_window_15_45,1.371122305973239,110.90669264090707
AAPL,2026-07-13,short,2026-07-13 10:16:00-04:00,320.51,317.4,312.17,2026-07-13 10:17:00-04:00,317.4,stop,46,mid_morning_45_120,,91.03285388911465
AAPL,2026-07-21,long,2026-07-21 10:15:00-04:00,326.16,317.32,333.71,2026-07-21 15:59:00-04:00,327.59,eod,45,mid_morning_45_120,0.1617647058823467,37.84351238655721
AAPL,2026-07-23,long,2026-07-23 10:31:00-04:00,321.93,322.2204,328.9995,2026-07-23 10:32:00-04:00,322.2204,stop,61,mid_morning_45_120,,3.0205945391848203
MSFT,2026-02-02,long,2026-02-02 10:00:00-05:00,429.7,421.02,439.6,2026-02-02 15:59:00-05:00,423.31,eod,30,sneaky_window_15_45,-0.7361751152073711,-154.7084012101463
MSFT,2026-02-05,long,2026-02-05 10:30:00-05:00,401.77,408.56,419.8,2026-02-05 10:31:00-05:00,408.56,stop,60,mid_morning_45_120,,163.00216541802575
MSFT,2026-02-10,short,2026-02-10 10:15:00-05:00,420.79,419.8,400.87,2026-02-10 10:16:00-05:00,419.8,stop,45,mid_morning_45_120,,17.527175075453528
MSFT,2026-02-17,long,2026-02-17 10:16:00-05:00,397.68,398.01,405.54,2026-02-17 10:17:00-05:00,398.01,stop,46,mid_morning_45_120,,2.2981291490641738
MSFT,2026-02-20,long,2026-02-20 10:52:00-05:00,399.27,396.32,404.43,2026-02-20 12:20:00-05:00,396.32,stop,82,mid_morning_45_120,-1.0,-79.88483983269438
MSFT,2026-02-23,long,2026-02-23 10:01:00-05:00,389.51,394.525,400.1159,2026-02-23 10:02:00-05:00,394.525,stop,31,sneaky_window_15_45,,122.75150830530632
MSFT,2026-02-26,short,2026-02-26 10:15:00-05:00,404.3822,404.43,390.16,2026-02-26 15:59:00-05:00,401.81,eod,45,mid_morning_45_120,53.811715481177174,57.608141011152554
MSFT,2026-02-27,long,2026-02-27 10:05:00-05:00,394.77,390.16,407.49,2026-02-27 15:50:00-05:00,390.16,stop,35,sneaky_window_15_45,-1.0,-122.77685741064309
MSFT,2026-03-02,short,2026-03-02 10:31:00-05:00,398.13,407.49,389.88,2026-03-02 15:59:00-05:00,398.37,eod,61,mid_morning_45_120,-0.025641025641026577,-12.028181749679982
MSFT,2026-03-06,short,2026-03-06 10:09:00-05:00,409.3,416.46,404.4,2026-03-06 15:59:00-05:00,408.62,eod,39,sneaky_window_15_45,0.09497206703910752,10.613730759834027
MSFT,2026-03-09,long,2026-03-09 10:03:00-04:00,406.01,404.4,413.05,2026-03-09 10:13:00-04:00,404.4,stop,33,sneaky_window_15_45,-1.0,-45.65419570946562
MSFT,2026-03-10,short,2026-03-10 10:00:00-04:00,404.54,413.05,403.5,2026-03-10 10:07:00-04:00,403.5,target,30,sneaky_window_15_45,0.1222091656874291,19.708211796114607
MSFT,2026-03-13,long,2026-03-13 10:30:00-04:00,401.7,401.59,406.12,2026-03-13 10:35:00-04:00,401.59,stop,60,mid_morning_45_120,-1.0,-8.738361961663273
MSFT,2026-03-17,short,2026-03-17 10:15:00-04:00,399.5401,404.8,394.79,2026-03-17 15:59:00-04:00,399.5,eod,45,mid_morning_45_120,0.007623719082110922,-4.996346048869804
MSFT,2026-03-20,long,2026-03-20 10:16:00-04:00,384.32,381.71,392.49,2026-03-20 14:40:00-04:00,381.71,stop,46,mid_morning_45_120,-1.0,-73.91215653622018
MSFT,2026-04-02,long,2026-04-02 10:00:00-04:00,366.18,363.07,373.99,2026-04-02 15:59:00-04:00,373.5,eod,30,sneaky_window_15_45,2.353697749196129,193.90168769457625
MSFT,2026-04-06,short,2026-04-06 10:39:00-04:00,371.69,373.99,364.15,2026-04-06 15:59:00-04:00,372.861,eod,69,mid_morning_45_120,-0.5091304347826028,-37.50474858080638
MSFT,2026-04-08,short,2026-04-08 10:49:00-04:00,378.3,373.73,366.56,2026-04-08 10:50:00-04:00,373.73,stop,79,mid_morning_45_120,,114.80359503039897
MSFT,2026-04-10,short,2026-04-10 11:33:00-04:00,371.1,385.0,367.05,2026-04-10 15:59:00-04:00,370.87,eod,123,midday_120_240,0.016546762589929393,0.19779035300507086
MSFT,2026-04-14,short,2026-04-14 10:00:00-04:00,389.79,385.0,371.02,2026-04-14 10:01:00-04:00,385.0,stop,30,sneaky_window_15_45,,116.88668257266785
MSFT,2026-04-16,short,2026-04-16 10:00:00-04:00,412.2808,416.46,396.73,2026-04-16 11:15:00-04:00,416.46,stop,30,sneaky_window_15_45,-1.0,-107.36780563150117
MSFT,2026-04-17,short,2026-04-17 10:07:00-04:00,423.95,423.68,412.14,2026-04-17 10:08:00-04:00,423.68,stop,37,sneaky_window_15_45,,0.36867555136176033
MSFT,2026-04-20,long,2026-04-20 10:00:00-04:00,420.61,412.14,431.58,2026-04-20 15:59:00-04:00,418.08,eod,30,sneaky_window_15_45,-0.29870129870130124,-66.15073345854901
MSFT,2026-04-23,long,2026-04-23 10:43:00-04:00,419.69,417.2,433.7,2026-04-23 12:33:00-04:00,417.2,stop,73,mid_morning_45_120,-1.0,-65.32950511091542
MSFT,2026-05-01,short,2026-05-01 10:04:00-04:00,411.975,426.82,398.01,2026-05-01 15:59:00-04:00,414.51,eod,34,sneaky_window_15_45,-0.17076456719433972,-67.53286000364022
MSFT,2026-05-04,short,2026-05-04 10:00:00-04:00,415.54,426.82,410.435,2026-05-04 15:59:00-04:00,413.7,eod,30,sneaky_window_15_45,0.16312056737588973,38.27973239640063
MSFT,2026-05-06,long,2026-05-06 10:00:00-04:00,410.68,398.01,416.7799,2026-05-06 10:32:00-04:00,416.7799,target,30,sneaky_window_15_45,0.48144435674822283,142.5317035161194
MSFT,2026-05-07,short,2026-05-07 10:16:00-04:00,422.68,420.78,405.11,2026-05-07 10:17:00-04:00,420.78,stop,46,mid_morning_45_120,,38.95126336708702
MSFT,2026-05-08,long,2026-05-08 10:22:00-04:00,417.52,405.11,427.98,2026-05-08 15:59:00-04:00,415.16,eod,52,mid_morning_45_120,-0.19016921837227743,-62.524238359838016
MSFT,2026-05-11,long,2026-05-11 10:10:00-04:00,410.46,405.11,418.63,2026-05-11 15:59:00-04:00,412.69,eod,40,sneaky_window_15_45,0.4168224299065481,48.32928909028939
MSFT,2026-05-13,long,2026-05-13 10:02:00-04:00,402.95,405.5,415.5,2026-05-13 10:03:00-04:00,405.5,stop,32,sneaky_window_15_45,,57.28328576746523
MSFT,2026-05-14,long,2026-05-14 10:09:00-04:00,404.3199,398.01,406.31,2026-05-14 10:21:00-04:00,406.31,target,39,sneaky_window_15_45,0.31539327089176933,43.220926301178444
MSFT,2026-05-19,short,2026-05-19 10:15:00-04:00,425.33,428.17,415.61,2026-05-19 15:59:00-04:00,417.6,eod,45,mid_morning_45_120,2.721830985915449,175.74123621658387
MSFT,2026-05-20,long,2026-05-20 10:16:00-04:00,414.81,415.61,432.7,2026-05-20 10:17:00-04:00,415.61,stop,46,mid_morning_45_120,,13.28593814035369
MSFT,2026-05-21,short,2026-05-21 10:04:00-04:00,418.0,432.7,411.3001,2026-05-21 15:59:00-04:00,419.1,eod,34,sneaky_window_15_45,-0.07482993197279073,-32.31578947368476
MSFT,2026-05-26,long,2026-05-26 10:00:00-04:00,417.77,415.71,424.4,2026-05-26 10:49:00-04:00,415.71,stop,30,sneaky_window_15_45,-1.0,-55.30942863297993
MSFT,2026-05-27,long,2026-05-27 10:16:00-04:00,413.69,411.3001,419.77,2026-05-27 13:23:00-04:00,411.3001,stop,46,mid_morning_45_120,-1.0,-63.77031110251666
MSFT,2026-05-28,short,2026-05-28 10:30:00-04:00,425.24,419.77,409.58,2026-05-28 10:31:00-04:00,419.77,stop,60,mid_morning_45_120,,122.63324240428997
MSFT,2026-05-29,short,2026-05-29 10:15:00-04:00,440.0201,432.7,412.67,2026-05-29 10:16:00-04:00,432.7,stop,45,mid_morning_45_120,,160.35830954086015
MSFT,2026-06-01,short,2026-06-01 10:32:00-04:00,460.115,483.74,432.36,2026-06-01 15:59:00-04:00,460.49,eod,62,mid_morning_45_120,-0.015873015873015872,-14.15013637894874
MSFT,2026-06-02,long,2026-06-02 10:15:00-04:00,447.39,432.36,466.32,2026-06-02 15:59:00-04:00,441.29,eod,45,mid_morning_45_120,-0.4058549567531588,-142.34636446947778
MSFT,2026-06-03,long,2026-06-03 10:15:00-04:00,432.536,432.36,453.5,2026-06-03 10:16:00-04:00,432.36,stop,45,mid_morning_45_120,-1.0,-10.069025468400035
MSFT,2026-06-08,long,2026-06-08 10:31:00-04:00,413.33,412.67,429.47,2026-06-08 10:35:00-04:00,412.67,stop,61,mid_morning_45_120,-1.0,-21.967870708633978
MSFT,2026-06-10,long,2026-06-10 10:01:00-04:00,404.98,398.01,411.98,2026-06-10 15:48:00-04:00,398.01,stop,31,sneaky_window_15_45,-1.0,-178.10726455627503
MSFT,2026-06-11,long,2026-06-11 10:02:00-04:00,393.0499,396.73,405.04,2026-06-11 10:03:00-04:00,396.73,stop,32,sneaky_window_15_45,,87.62933306941534
MSFT,2026-06-12,long,2026-06-12 10:10:00-04:00,384.5,371.02,396.85,2026-06-12 15:59:00-04:00,390.67,eod,40,sneaky_window_15_45,0.45771513353115784,154.46814044213306
MSFT,2026-06-15,short,2026-06-15 10:15:00-04:00,397.63,396.85,382.27,2026-06-15 10:16:00-04:00,396.85,stop,45,mid_morning_45_120,,13.616226139878094
MSFT,2026-06-18,long,2026-06-18 10:01:00-04:00,376.5,371.02,390.37,2026-06-18 15:59:00-04:00,379.05,eod,31,sneaky_window_15_45,0.4653284671532852,61.72908366533895
MSFT,2026-06-24,short,2026-06-24 10:00:00-04:00,374.31,381.63,370.67,2026-06-24 13:31:00-04:00,370.67,target,30,sneaky_window_15_45,0.49726775956284014,91.24559856803148
MSFT,2026-06-25,long,2026-06-25 10:16:00-04:00,358.66,364.15,378.88,2026-06-25 10:17:00-04:00,364.15,stop,46,mid_morning_45_120,,147.0697596609589
MSFT,2026-06-29,short,2026-06-29 10:32:00-04:00,375.05,378.88,355.43,2026-06-29 15:59:00-04:00,368.48,eod,62,mid_morning_45_120,1.7154046997389087,169.17664311425125
MSFT,2026-07-06,long,2026-07-06 11:11:00-04:00,385.75,374.89,392.2,2026-07-06 15:59:00-04:00,386.88,eod,101,mid_morning_45_120,0.10405156537753169,23.29358392741401
MSFT,2026-07-07,short,2026-07-07 10:54:00-04:00,391.5,392.2,381.22,2026-07-07 10:55:00-04:00,392.2,stop,84,mid_morning_45_120,-1.0,-23.87994891443138
MSFT,2026-07-09,long,2026-07-09 11:00:00-04:00,379.32,381.22,385.31,2026-07-09 11:01:00-04:00,381.22,stop,90,mid_morning_45_120,,44.089634082042444
MSFT,2026-07-10,short,2026-07-10 10:00:00-04:00,384.76,385.31,373.35,2026-07-10 10:09:00-04:00,385.31,stop,30,sneaky_window_15_45,-1.0,-20.294625220917233
MSFT,2026-07-14,long,2026-07-14 10:00:00-04:00,385.27,381.5,393.65,2026-07-14 15:59:00-04:00,384.94,eod,30,sneaky_window_15_45,-0.08753315649866994,-14.565421652347291
MSFT,2026-07-27,short,2026-07-27 10:31:00-04:00,390.17,391.78,380.65,2026-07-27 11:06:00-04:00,391.78,stop,61,mid_morning_45_120,-1.0,-47.264064382191265
NVDA,2026-02-11,short,2026-02-11 10:00:00-05:00,191.17,193.66,188.12,2026-02-11 15:59:00-05:00,190.04,eod,30,sneaky_window_15_45,0.45381526104417325,53.10969294345323
NVDA,2026-02-12,short,2026-02-12 10:00:00-05:00,191.22,193.66,188.77,2026-02-12 11:16:00-05:00,188.77,target,30,sneaky_window_15_45,1.0040983606557339,122.12467315134342
NVDA,2026-02-13,long,2026-02-13 10:27:00-05:00,184.11,183.93,193.61,2026-02-13 10:39:00-05:00,183.93,stop,57,mid_morning_45_120,-1.0,-15.776763891152399
NVDA,2026-02-17,long,2026-02-17 10:18:00-05:00,180.49,174.6,187.51,2026-02-17 15:59:00-05:00,185.0299,eod,48,mid_morning_45_120,0.7707809847198603,245.53194082774607
NVDA,2026-02-19,long,2026-02-19 10:03:00-05:00,187.35,179.18,190.37,2026-02-19 15:59:00-05:00,187.89,eod,33,sneaky_window_15_45,0.06609547123622923,22.82305844675698
NVDA,2026-02-20,short,2026-02-20 10:05:00-05:00,187.26,190.37,185.66,2026-02-20 15:59:00-05:00,189.81,eod,35,sneaky_window_15_45,-0.819935691318328,-142.17430310797883
NVDA,2026-02-23,short,2026-02-23 10:17:00-05:00,191.08,190.37,185.9378,2026-02-23 10:18:00-05:00,190.37,stop,47,mid_morning_45_120,,31.157211639104453
NVDA,2026-02-24,long,2026-02-24 10:21:00-05:00,191.28,185.9378,193.95,2026-02-24 15:59:00-05:00,192.805,eod,51,mid_morning_45_120,0.2854629178989945,73.72605604349674
NVDA,2026-02-25,short,2026-02-25 10:15:00-05:00,195.56,193.95,187.4,2026-02-25 10:16:00-05:00,193.95,stop,45,mid_morning_45_120,,76.32767437103772
NVDA,2026-03-02,long,2026-03-02 10:05:00-05:00,180.15,174.6,182.59,2026-03-02 11:44:00-05:00,182.59,target,35,sneaky_window_15_45,0.4396396396396383,129.44268665001374
NVDA,2026-03-09,long,2026-03-09 10:02:00-04:00,177.37,174.62,182.7561,2026-03-09 15:38:00-04:00,182.7561,target,32,sneaky_window_15_45,1.9585818181818178,297.6646558042509
NVDA,2026-03-10,short,2026-03-10 10:00:00-04:00,182.48,184.06,175.56,2026-03-10 10:26:00-04:00,184.06,stop,30,sneaky_window_15_45,-1.0,-92.58483121438034
NVDA,2026-03-11,short,2026-03-11 10:31:00-04:00,186.4,194.29,182.01,2026-03-11 15:59:00-04:00,186.01,eod,61,mid_morning_45_120,0.04942965779467876,14.922746781116675
NVDA,2026-03-12,long,2026-03-12 11:38:00-04:00,183.23,182.01,187.62,2026-03-12 15:59:00-04:00,183.01,eod,128,midday_120_240,-0.18032786885245825,-18.006767450744903
NVDA,2026-03-13,short,2026-03-13 10:02:00-04:00,184.6699,187.62,181.75,2026-03-13 11:01:00-04:00,181.75,target,32,sneaky_window_15_45,0.989763058879367,152.114560088028
NVDA,2026-03-18,long,2026-03-18 10:02:00-04:00,182.6,181.41,185.4,2026-03-18 14:52:00-04:00,181.41,stop,32,sneaky_window_15_45,-1.0,-71.16976998904697
NVDA,2026-03-19,long,2026-03-19 10:00:00-04:00,177.68,179.94,183.38,2026-03-19 10:01:00-04:00,179.94,stop,30,sneaky_window_15_45,,121.19495722647405
NVDA,2026-03-24,long,2026-03-24 10:00:00-04:00,175.305,171.72,178.37,2026-03-24 15:59:00-04:00,175.31,eod,30,sneaky_window_15_45,0.0013947001394687423,-5.714782807107872
NVDA,2026-03-25,short,2026-03-25 10:00:00-04:00,178.07,178.37,173.98,2026-03-25 10:01:00-04:00,178.37,stop,30,sneaky_window_15_45,-1.0,-22.847307238726984
NVDA,2026-03-27,long,2026-03-27 11:27:00-04:00,169.39,171.03,176.51,2026-03-27 11:28:00-04:00,171.03,stop,117,mid_morning_45_120,,90.81799397839393
NVDA,2026-04-02,long,2026-04-02 10:00:00-04:00,174.18,166.96,177.37,2026-04-02 15:10:00-04:00,177.37,target,30,sneaky_window_15_45,0.4418282548476452,177.14387415317472
NVDA,2026-04-07,long,2026-04-07 12:03:00-04:00,175.63,171.37,177.79,2026-04-07 15:56:00-04:00,177.79,target,153,midday_120_240,0.5070422535211271,116.98582246768756
NVDA,2026-04-08,short,2026-04-08 10:00:00-04:00,182.58,181.22,173.66,2026-04-08 10:01:00-04:00,181.22,stop,30,sneaky_window_15_45,,68.48789571694674
NVDA,2026-04-14,short,2026-04-14 10:00:00-04:00,192.13,190.0,185.74,2026-04-14 10:01:00-04:00,190.0,stop,30,sneaky_window_15_45,,104.86243689168768
NVDA,2026-04-23,short,2026-04-23 10:22:00-04:00,202.01,202.75,199.0,2026-04-23 10:58:00-04:00,202.75,stop,52,mid_morning_45_120,-1.0,-42.631849908420826
NVDA,2026-05-08,short,2026-05-08 10:16:00-04:00,215.68,214.73,206.5,2026-05-08 10:17:00-04:00,214.73,stop,46,mid_morning_45_120,,38.0467359050453
NVDA,2026-05-26,long,2026-05-26 10:19:00-04:00,216.28,213.89,221.01,2026-05-26 11:10:00-04:00,213.89,stop,49,mid_morning_45_120,-1.0,-116.5049010541897
NVDA,2026-05-28,short,2026-05-28 10:46:00-04:00,211.7,218.18,208.78,2026-05-28 15:59:00-04:00,214.26,eod,76,mid_morning_45_120,-0.395061728395061,-126.92583845063781
NVDA,2026-05-29,short,2026-05-29 10:25:00-04:00,215.79,218.18,211.22,2026-05-29 15:59:00-04:00,211.22,target,55,mid_morning_45_120,1.9121338912133745,205.77997126836246
NVDA,2026-06-02,short,2026-06-02 10:21:00-04:00,229.07,227.3999,215.7,2026-06-02 10:22:00-04:00,227.3999,stop,51,mid_morning_45_120,,66.90784476360898
NVDA,2026-06-04,long,2026-06-04 10:15:00-04:00,212.81,211.13,222.82,2026-06-04 15:59:00-04:00,218.715,eod,45,mid_morning_45_120,3.514880952380939,271.4775621446361
NVDA,2026-06-09,short,2026-06-09 10:00:00-04:00,209.03,214.87,206.0,2026-06-09 10:18:00-04:00,206.0,target,30,sneaky_window_15_45,0.5188356164383561,138.95526957852945
NVDA,2026-06-15,short,2026-06-15 10:00:00-04:00,208.71,207.22,203.4385,2026-06-15 10:01:00-04:00,207.22,stop,30,sneaky_window_15_45,,65.39092520722576
NVDA,2026-06-22,short,2026-06-22 10:15:00-04:00,212.63,211.5,206.5,2026-06-22 10:16:00-04:00,211.5,stop,45,mid_morning_45_120,,47.14395898979427
NVDA,2026-06-24,long,2026-06-24 10:30:00-04:00,200.19,199.54,203.77,2026-06-24 12:43:00-04:00,199.54,stop,60,mid_morning_45_120,-1.0,-38.46915430341205
NVDA,2026-06-25,long,2026-06-25 10:52:00-04:00,195.9,196.03,201.67,2026-06-25 10:53:00-04:00,196.03,stop,82,mid_morning_45_120,,0.6360387953034943
NVDA,2026-06-26,long,2026-06-26 10:00:00-04:00,194.06,190.77,200.8,2026-06-26 15:59:00-04:00,191.72,eod,30,sneaky_window_15_45,-0.7112462006079054,-126.58126352674448
NVDA,2026-06-29,short,2026-06-29 10:00:00-04:00,193.03,200.8,191.22,2026-06-29 10:13:00-04:00,191.22,target,30,sneaky_window_15_45,0.23294723294723294,87.76780811272872
NVDA,2026-06-30,short,2026-06-30 10:54:00-04:00,196.64,200.8,189.8,2026-06-30 15:59:00-04:00,199.76,eod,84,mid_morning_45_120,-0.7499999999999966,-164.66558177380008
NVDA,2026-07-01,long,2026-07-01 10:09:00-04:00,195.73,189.8,200.63,2026-07-01 15:59:00-04:00,197.58,eod,39,sneaky_window_15_45,0.311973018549752,88.51795841209946
NVDA,2026-07-07,long,2026-07-07 10:00:00-04:00,192.89,192.35,197.55,2026-07-07 10:19:00-04:00,192.35,stop,30,sneaky_window_15_45,-1.0,-33.995230442220546
NVDA,2026-07-08,short,2026-07-08 10:11:00-04:00,197.1,200.055,191.14,2026-07-08 12:22:00-04:00,200.055,stop,41,sneaky_window_15_45,-1.0,-155.9238964992396
NVDA,2026-07-10,short,2026-07-10 10:33:00-04:00,206.24,205.16,198.96,2026-07-10 10:34:00-04:00,205.16,stop,63,mid_morning_45_120,,46.36617532971356
NVDA,2026-07-15,short,2026-07-15 10:04:00-04:00,210.71,213.99,203.8,2026-07-15 15:59:00-04:00,212.49,eod,34,sneaky_window_15_45,-0.5426829268292684,-90.47629443310716
NVDA,2026-07-17,long,2026-07-17 10:00:00-04:00,201.7299,203.8,211.08,2026-07-17 10:01:00-04:00,203.8,stop,30,sneaky_window_15_45,,96.61741070609885
NVDA,2026-07-20,short,2026-07-20 10:01:00-04:00,205.5988,211.08,197.97,2026-07-20 15:59:00-04:00,203.38,eod,31,sneaky_window_15_45,0.40480186820404573,101.91891781469617
NVDA,2026-07-21,short,2026-07-21 10:03:00-04:00,204.82,211.08,202.28,2026-07-21 15:59:00-04:00,207.17,eod,33,sneaky_window_15_45,-0.37539936102236215,-120.73488917097912
NVDA,2026-07-28,long,2026-07-28 10:35:00-04:00,195.17,195.06,208.75,2026-07-28 15:59:00-04:00,196.98,eod,65,mid_morning_45_120,16.454545454547684,86.73966285802133
AMD,2026-01-29,short,2026-01-29 10:00:00-05:00,252.45,258.2899,250.21,2026-01-29 10:09:00-05:00,250.21,target,30,sneaky_window_15_45,0.38356821178444506,82.73044167161737
AMD,2026-02-03,short,2026-02-03 10:01:00-05:00,243.0,260.5298,235.0,2026-02-03 15:59:00-05:00,242.11,eod,31,sneaky_window_15_45,0.05077068762906509,30.625514403291618
AMD,2026-02-04,long,2026-02-04 10:15:00-05:00,209.5343,235.0,252.65,2026-02-04 10:16:00-05:00,235.0,stop,45,mid_morning_45_120,,1209.3475588483602
AMD,2026-02-13,long,2026-02-13 10:30:00-05:00,208.53,204.15,218.4564,2026-02-13 10:49:00-05:00,204.15,stop,60,mid_morning_45_120,-1.0,-216.0417206157385
AMD,2026-02-17,long,2026-02-17 10:16:00-05:00,197.83,196.43,210.05,2026-02-17 10:31:00-05:00,196.43,stop,46,mid_morning_45_120,-1.0,-76.76783096598118
AMD,2026-02-26,long,2026-02-26 10:03:00-05:00,206.9499,206.5,216.7,2026-02-26 10:05:00-05:00,206.5,stop,33,sneaky_window_15_45,-1.0,-27.739561120832324
AMD,2026-02-27,long,2026-02-27 10:07:00-05:00,201.13,194.15,209.79,2026-02-27 15:59:00-05:00,200.195,eod,37,sneaky_window_15_45,-0.1339541547277942,-52.487346492318515
AMD,2026-03-02,long,2026-03-02 11:38:00-05:00,196.1,194.15,201.89,2026-03-02 15:59:00-05:00,198.61,eod,128,midday_120_240,1.2871794871795046,121.99592044875163
AMD,2026-03-05,short,2026-03-05 10:30:00-05:00,200.42,209.79,189.86,2026-03-05 15:59:00-05:00,199.46,eod,60,mid_morning_45_120,0.10245464247598496,41.899411236402536
AMD,2026-03-09,long,2026-03-09 10:23:00-04:00,193.32,189.86,200.24,2026-03-09 15:23:00-04:00,200.24,target,53,mid_morning_45_120,2.0000000000000164,351.9557210842135
AMD,2026-03-10,short,2026-03-10 10:00:00-04:00,203.85,203.79,189.02,2026-03-10 10:01:00-04:00,203.79,stop,30,sneaky_window_15_45,,-3.056659308314826
AMD,2026-03-11,short,2026-03-11 10:34:00-04:00,205.68,209.79,202.2,2026-03-11 15:59:00-04:00,204.75,eod,64,mid_morning_45_120,0.2262773722627762,39.215869311552254
AMD,2026-03-19,long,2026-03-19 10:00:00-04:00,196.52,195.26,202.86,2026-03-19 14:13:00-04:00,202.86,target,30,sneaky_window_15_45,5.031746031745957,316.61347445552633
AMD,2026-03-20,short,2026-03-20 10:00:00-04:00,201.98,209.21,192.83,2026-03-20 15:59:00-04:00,201.48,eod,30,sneaky_window_15_45,0.06915629322268309,18.754926230319832
AMD,2026-03-23,short,2026-03-23 10:39:00-04:00,206.1,209.21,198.26,2026-03-23 15:59:00-04:00,202.62,eod,69,mid_morning_45_120,1.1189710610932393,162.8500727802033
AMD,2026-03-25,short,2026-03-25 10:00:00-04:00,215.29,209.109,200.13,2026-03-25 10:01:00-04:00,209.109,stop,30,sneaky_window_15_45,,281.101119420316
AMD,2026-03-27,long,2026-03-27 10:17:00-04:00,200.61,200.13,221.0,2026-03-27 10:19:00-04:00,200.13,stop,47,mid_morning_45_120,-1.0,-29.927022581128465
AMD,2026-03-30,short,2026-03-30 10:02:00-04:00,201.85,221.0,197.69,2026-03-30 12:15:00-04:00,197.69,target,32,sneaky_window_15_45,0.21723237597911202,200.09363388654927
AMD,2026-04-02,long,2026-04-02 10:06:00-04:00,206.8699,196.41,213.83,2026-04-02 11:10:00-04:00,213.83,target,36,sneaky_window_15_45,0.6654078910888257,330.4481734655458
AMD,2026-04-06,short,2026-04-06 10:00:00-04:00,222.54,221.0,200.62,2026-04-06 10:01:00-04:00,221.0,stop,30,sneaky_window_15_45,,63.201042509211476
AMD,2026-04-08,short,2026-04-08 10:00:00-04:00,228.77,226.31,215.375,2026-04-08 10:01:00-04:00,226.31,stop,30,sneaky_window_15_45,,101.53158193819154
AMD,2026-04-09,short,2026-04-09 10:16:00-04:00,232.2,252.65,227.09,2026-04-09 15:59:00-04:00,236.615,eod,46,mid_morning_45_120,-0.21589242053789814,-196.13781223083637
AMD,2026-04-14,short,2026-04-14 10:04:00-04:00,246.85,249.58,242.03,2026-04-14 10:51:00-04:00,249.58,stop,34,sneaky_window_15_45,-1.0,-116.59347782053953
AMD,2026-04-15,short,2026-04-15 10:15:00-04:00,254.601,260.5298,245.7,2026-04-15 15:59:00-04:00,258.11,eod,45,mid_morning_45_120,-0.5918566995007423,-143.82349637275638
AMD,2026-04-28,long,2026-04-28 10:17:00-04:00,326.39,299.76,349.21,2026-04-28 15:59:00-04:00,323.11,eod,47,mid_morning_45_120,-0.12316935786706622,-106.49327491651009
AMD,2026-04-30,short,2026-04-30 10:34:00-04:00,341.06,349.21,318.86,2026-04-30 11:31:00-04:00,349.21,stop,64,mid_morning_45_120,-1.0,-244.96088664751002
AMD,2026-05-06,short,2026-05-06 10:01:00-04:00,411.31,361.85,344.88,2026-05-06 10:02:00-04:00,361.85,stop,31,sneaky_window_15_45,,1196.4993314045362
AMD,2026-05-13,short,2026-05-13 10:04:00-04:00,437.1,469.215,426.11,2026-05-13 15:59:00-04:00,445.38,eod,34,sneaky_window_15_45,-0.2578234469873886,-195.4303363074805
AMD,2026-05-15,long,2026-05-15 10:15:00-04:00,437.69,432.65,453.31,2026-05-15 10:32:00-04:00,432.65,stop,45,mid_morning_45_120,-1.0,-121.14999200347326
AMD,2026-05-22,short,2026-05-22 10:01:00-04:00,464.0501,453.31,431.6,2026-05-22 10:02:00-04:00,453.31,stop,31,sneaky_window_15_45,,225.44268258965968
AMD,2026-06-01,long,2026-06-01 10:16:00-04:00,494.0,493.52,522.0,2026-06-01 10:17:00-04:00,493.52,stop,46,mid_morning_45_120,-1.0,-15.71659919028377
AMD,2026-06-05,long,2026-06-05 10:15:00-04:00,491.76,486.8,532.19,2026-06-05 10:27:00-04:00,486.8,stop,45,mid_morning_45_120,-1.0,-106.86220920774319
AMD,2026-06-09,short,2026-06-09 10:00:00-04:00,487.661,505.62,477.71,2026-06-09 10:47:00-04:00,477.71,target,30,sneaky_window_15_45,0.5540954396124517,198.05568622465242
AMD,2026-06-12,short,2026-06-12 10:41:00-04:00,512.48,505.0,458.02,2026-06-12 10:42:00-04:00,505.0,stop,71,mid_morning_45_120,,139.95691539182053
AMD,2026-06-15,short,2026-06-15 10:00:00-04:00,548.01,532.19,494.0,2026-06-15 10:01:00-04:00,532.19,stop,30,sneaky_window_15_45,,282.68086348789143
AMD,2026-06-18,short,2026-06-18 11:38:00-04:00,527.1588,548.95,507.3008,2026-06-18 15:59:00-04:00,536.44,eod,128,midday_120_240,-0.42591504827636895,-182.06079989559146
AMD,2026-06-22,short,2026-06-22 10:15:00-04:00,547.6,548.95,526.315,2026-06-22 15:51:00-04:00,548.95,stop,45,mid_morning_45_120,-1.0,-30.653031409788582
AMD,2026-06-26,long,2026-06-26 10:00:00-04:00,517.67,503.5,550.88,2026-06-26 15:59:00-04:00,519.74,eod,30,sneaky_window_15_45,0.14608327452364545,33.98686421851856
AMD,2026-06-29,short,2026-06-29 10:00:00-04:00,512.0,550.88,502.61,2026-06-29 10:13:00-04:00,502.61,target,30,sneaky_window_15_45,0.24151234567901203,177.39843749999974
AMD,2026-07-02,long,2026-07-02 10:00:00-04:00,545.0,495.35,564.09,2026-07-02 15:59:00-04:00,518.26,eod,30,sneaky_window_15_45,-0.538569989929507,-496.64220183486253
AMD,2026-07-06,short,2026-07-06 10:30:00-04:00,565.1701,564.09,506.0,2026-07-06 10:31:00-04:00,564.09,stop,60,mid_morning_45_120,,13.111060546196903
AMD,2026-07-07,long,2026-07-07 10:30:00-04:00,511.85,506.0,572.5,2026-07-07 10:41:00-04:00,506.0,stop,60,mid_morning_45_120,-1.0,-120.29129627820694
AMD,2026-07-09,short,2026-07-09 10:15:00-04:00,552.79,524.97,498.15,2026-07-09 10:16:00-04:00,524.97,stop,45,mid_morning_45_120,,497.2652544365842
AMD,2026-07-13,long,2026-07-13 10:00:00-04:00,535.3999,535.2,560.25,2026-07-13 10:01:00-04:00,535.2,stop,30,sneaky_window_15_45,-1.0,-9.733657776177337
AMD,2026-07-14,short,2026-07-14 10:01:00-04:00,554.325,560.25,526.92,2026-07-14 11:05:00-04:00,560.25,stop,31,sneaky_window_15_45,-1.0,-112.88675416046459
AMD,2026-07-16,long,2026-07-16 10:06:00-04:00,513.55,498.15,558.89,2026-07-16 13:16:00-04:00,498.15,stop,36,sneaky_window_15_45,-1.0,-305.8734300457595
AMD,2026-07-17,long,2026-07-17 10:00:00-04:00,476.9999,458.02,518.74,2026-07-17 15:59:00-04:00,495.51,eod,30,sneaky_window_15_45,0.9752474986696412,382.0524922541905
AMD,2026-07-20,short,2026-07-20 10:01:00-04:00,510.13,518.74,460.21,2026-07-20 10:35:00-04:00,518.74,stop,31,sneaky_window_15_45,-1.0,-174.78050692960645
AMD,2026-07-21,short,2026-07-21 10:04:00-04:00,524.5,558.89,502.36,2026-07-21 15:59:00-04:00,544.46,eod,34,sneaky_window_15_45,-0.5804012794416995,-386.55290753098257
GOOGL,2026-01-29,short,2026-01-29 10:00:00-05:00,330.16,337.91,331.94,2026-01-29 10:01:00-05:00,331.94,target,30,sneaky_window_15_45,-0.22967741935483518,-59.91325417979078
GOOGL,2026-02-09,long,2026-02-09 10:53:00-05:00,323.48,306.46,330.38,2026-02-09 15:59:00-05:00,324.12,eod,83,mid_morning_45_120,0.037602820211514974,13.784839866451911
GOOGL,2026-02-10,long,2026-02-10 10:01:00-05:00,318.05,306.46,327.7,2026-02-10 15:59:00-05:00,318.54,eod,31,sneaky_window_15_45,0.042277825711821204,9.406382644238613
GOOGL,2026-02-19,long,2026-02-19 10:02:00-05:00,303.31,296.25,305.38,2026-02-19 11:23:00-05:00,305.38,target,32,sneaky_window_15_45,0.2932011331444749,62.24700801160506
GOOGL,2026-02-20,short,2026-02-20 10:05:00-05:00,308.0501,308.63,300.04,2026-02-20 10:08:00-05:00,308.63,stop,35,sneaky_window_15_45,-1.0,-24.82485998219151
GOOGL,2026-02-23,short,2026-02-23 10:04:00-05:00,315.2,321.06,303.89,2026-02-23 15:59:00-05:00,311.56,eod,34,sneaky_window_15_45,0.6211604095563102,109.48223350253765
GOOGL,2026-02-24,long,2026-02-24 10:30:00-05:00,309.45,303.89,319.515,2026-02-24 15:59:00-05:00,310.96,eod,60,mid_morning_45_120,0.2715827338129479,42.79625141379839
GOOGL,2026-02-25,short,2026-02-25 10:34:00-05:00,311.2906,319.515,305.93,2026-02-25 15:59:00-05:00,313.0,eod,64,mid_morning_45_120,-0.20784494917562568,-60.9133189373536
GOOGL,2026-03-02,long,2026-03-02 10:17:00-05:00,305.6785,302.345,312.37,2026-03-02 15:59:00-05:00,306.26,eod,47,mid_morning_45_120,0.17444127793610703,13.023254824922443
GOOGL,2026-03-05,long,2026-03-05 10:00:00-05:00,301.75,296.71,305.47,2026-03-05 15:59:00-05:00,300.8,eod,30,sneaky_window_15_45,-0.18849206349206046,-37.4830157415075
GOOGL,2026-03-06,long,2026-03-06 10:00:00-05:00,298.75,296.71,303.32,2026-03-06 15:59:00-05:00,298.48,eod,30,sneaky_window_15_45,-0.13235294117646035,-15.037656903765082
GOOGL,2026-03-17,short,2026-03-17 10:15:00-04:00,306.38,307.71,303.0201,2026-03-17 10:35:00-04:00,307.71,stop,45,mid_morning_45_120,-1.0,-49.410144265290945
GOOGL,2026-03-18,short,2026-03-18 10:13:00-04:00,309.93,312.37,305.5,2026-03-18 15:59:00-04:00,307.73,eod,43,sneaky_window_15_45,0.9016393442622913,64.98377052882871
GOOGL,2026-03-19,long,2026-03-19 10:00:00-04:00,305.365,305.5,312.47,2026-03-19 10:01:00-04:00,305.5,stop,30,sneaky_window_15_45,,-1.5790611235737266
GOOGL,2026-04-02,long,2026-04-02 10:00:00-04:00,293.805,277.09,300.52,2026-04-02 15:59:00-04:00,295.82,eod,30,sneaky_window_15_45,0.12055040382889516,62.58290362655457
GOOGL,2026-04-07,short,2026-04-07 10:00:00-04:00,299.39,305.98,295.18,2026-04-07 15:59:00-04:00,305.45,eod,30,sneaky_window_15_45,-0.9195751138087971,-208.4115701927253
GOOGL,2026-04-08,short,2026-04-08 10:05:00-04:00,315.315,305.98,297.72,2026-04-08 10:06:00-04:00,305.98,stop,35,sneaky_window_15_45,,290.0531531960097
GOOGL,2026-04-09,long,2026-04-09 11:00:00-04:00,313.58,297.72,322.08,2026-04-09 15:59:00-04:00,318.45,eod,90,mid_morning_45_120,0.30706179066834915,149.30327189234023
GOOGL,2026-04-10,short,2026-04-10 10:00:00-04:00,319.43,322.08,311.06,2026-04-10 15:59:00-04:00,317.25,eod,30,sneaky_window_15_45,0.8226415094339719,62.24656419246804
GOOGL,2026-04-13,long,2026-04-13 10:01:00-04:00,318.57,311.06,321.83,2026-04-13 15:59:00-04:00,321.26,eod,31,sneaky_window_15_45,0.3581890812250334,78.43984053740144
GOOGL,2026-04-16,short,2026-04-16 10:01:00-04:00,335.8,343.31,330.9,2026-04-16 15:59:00-04:00,335.99,eod,31,sneaky_window_15_45,-0.025299600532622896,-11.658129839189925
GOOGL,2026-04-21,long,2026-04-21 10:00:00-04:00,339.14,336.24,341.4,2026-04-21 12:07:00-04:00,336.24,stop,30,sneaky_window_15_45,-1.0,-91.51040868078013
GOOGL,2026-04-23,short,2026-04-23 10:21:00-04:00,339.15,341.4,335.17,2026-04-23 11:17:00-04:00,341.4,stop,51,mid_morning_45_120,-1.0,-72.34232640424591
GOOGL,2026-04-24,long,2026-04-24 11:25:00-04:00,339.56,335.17,341.96,2026-04-24 11:50:00-04:00,341.96,target,115,mid_morning_45_120,0.5466970387243701,64.67970314524612
GOOGL,2026-04-27,short,2026-04-27 10:15:00-04:00,348.55,349.0,335.39,2026-04-27 10:20:00-04:00,349.0,stop,45,mid_morning_45_120,-1.0,-18.91062975182868
GOOGL,2026-04-29,long,2026-04-29 10:00:00-04:00,351.64,342.73,352.42,2026-04-29 10:13:00-04:00,352.42,target,30,sneaky_window_15_45,0.08754208754209117,16.18177681720025
GOOGL,2026-05-15,long,2026-05-15 10:13:00-04:00,399.1899,385.0,402.93,2026-05-15 15:59:00-04:00,396.84,eod,43,sneaky_window_15_45,-0.1656037040430196,-64.86671982432541
GOOGL,2026-05-18,short,2026-05-18 10:30:00-04:00,405.91,402.93,393.18,2026-05-18 10:31:00-04:00,402.93,stop,60,mid_morning_45_120,,67.41528910349629
GOOGL,2026-05-28,long,2026-05-28 10:04:00-04:00,387.95,382.6,393.88,2026-05-28 15:59:00-04:00,390.18,eod,34,sneaky_window_15_45,0.4168224299065481,51.481634231215835
GOOGL,2026-06-01,long,2026-06-01 10:32:00-04:00,376.19,365.82,385.24,2026-06-01 15:59:00-04:00,376.41,eod,62,mid_morning_45_120,0.021215043394409563,-0.15189133150729006
GOOGL,2026-06-02,long,2026-06-02 10:00:00-04:00,363.78,365.82,378.56,2026-06-02 10:01:00-04:00,365.82,stop,30,sneaky_window_15_45,,50.077849249547
GOOGL,2026-06-08,long,2026-06-08 10:38:00-04:00,362.1556,358.21,372.08,2026-06-08 15:59:00-04:00,363.32,eod,68,mid_morning_45_120,0.2951135442011346,26.15192585728346
GOOGL,2026-06-09,short,2026-06-09 10:00:00-04:00,369.15,372.08,360.5309,2026-06-09 11:29:00-04:00,360.5309,target,30,sneaky_window_15_45,2.9416723549487998,227.4850331843425
GOOGL,2026-06-18,long,2026-06-18 10:01:00-04:00,361.28,354.94,372.33,2026-06-18 15:59:00-04:00,367.99,eod,31,sneaky_window_15_45,1.058359621451114,179.72852081488142
GOOGL,2026-06-23,long,2026-06-23 10:00:00-04:00,348.78,335.39,358.92,2026-06-23 15:59:00-04:00,346.12,eod,30,sneaky_window_15_45,-0.19865571321881784,-82.26584093124515
GOOGL,2026-06-24,short,2026-06-24 10:16:00-04:00,349.38,358.92,340.2,2026-06-24 15:59:00-04:00,345.28,eod,46,mid_morning_45_120,0.4297693920335444,111.35073558875789
GOOGL,2026-06-25,long,2026-06-25 10:00:00-04:00,339.23,340.2,353.476,2026-06-25 10:01:00-04:00,340.2,stop,30,sneaky_window_15_45,,22.594169147774974
GOOGL,2026-07-02,short,2026-07-02 10:15:00-04:00,361.47,369.48,356.43,2026-07-02 11:43:00-04:00,356.43,target,45,mid_morning_45_120,0.6292134831460707,133.43065814590477
GOOGL,2026-07-07,short,2026-07-07 10:33:00-04:00,370.18,369.48,357.3805,2026-07-07 10:34:00-04:00,369.48,stop,63,mid_morning_45_120,,12.90971959587197
GOOGL,2026-07-09,long,2026-07-09 10:30:00-04:00,353.85,357.3805,367.84,2026-07-09 10:31:00-04:00,357.3805,stop,60,mid_morning_45_120,,93.77391550091737
GOOGL,2026-07-14,long,2026-07-14 10:15:00-04:00,354.97,351.08,358.13,2026-07-14 11:04:00-04:00,358.13,target,45,mid_morning_45_120,0.8123393316195201,83.02160745978443
GOOGL,2026-07-17,long,2026-07-17 10:00:00-04:00,346.75,351.09,375.27,2026-07-17 10:01:00-04:00,351.09,stop,30,sneaky_window_15_45,,119.16222062004255
GOOGL,2026-07-20,short,2026-07-20 10:45:00-04:00,356.7,375.27,341.36,2026-07-20 15:59:00-04:00,352.11,eod,75,mid_morning_45_120,0.24717285945072573,122.67956265769485
GOOGL,2026-07-22,long,2026-07-22 10:01:00-04:00,348.68,341.36,351.32,2026-07-22 15:59:00-04:00,342.065,eod,31,sneaky_window_15_45,-0.903688524590166,-195.7154984513023
GOOGL,2026-07-23,long,2026-07-23 10:00:00-04:00,321.825,341.36,349.94,2026-07-23 10:01:00-04:00,341.36,stop,30,sneaky_window_15_45,,601.0069136953321
GOOGL,2026-07-27,short,2026-07-27 10:27:00-04:00,327.21,324.49,317.32,2026-07-27 10:28:00-04:00,324.49,stop,57,mid_morning_45_120,,77.12704379450416
AMZN,2026-02-03,short,2026-02-03 10:00:00-05:00,240.86,247.775,238.17,2026-02-03 10:24:00-05:00,238.17,target,30,sneaky_window_15_45,0.38900939985539107,105.683135431372
AMZN,2026-02-11,long,2026-02-11 10:04:00-05:00,206.22,203.35,212.6499,2026-02-11 11:49:00-05:00,203.35,stop,34,sneaky_window_15_45,-1.0,-145.17175831636138
AMZN,2026-02-12,long,2026-02-12 10:28:00-05:00,202.3968,200.31,208.57,2026-02-12 10:42:00-05:00,200.31,stop,58,mid_morning_45_120,-1.0,-109.10439690746152
AMZN,2026-02-25,short,2026-02-25 10:16:00-05:00,210.5,211.17,203.25,2026-02-25 15:59:00-05:00,210.66,eod,46,mid_morning_45_120,-0.2388059701492531,-13.600950118764683
AMZN,2026-02-27,long,2026-02-27 10:06:00-05:00,206.84,203.25,211.05,2026-02-27 15:59:00-05:00,210.0,eod,36,sneaky_window_15_45,0.880222841225625,146.77509185844113
AMZN,2026-03-02,long,2026-03-02 10:16:00-05:00,208.37,203.25,210.33,2026-03-02 15:59:00-05:00,208.2,eod,46,mid_morning_45_120,-0.03320312500000308,-14.158564092720445
AMZN,2026-03-03,long,2026-03-03 11:04:00-05:00,204.44,203.25,209.73,2026-03-03 15:59:00-05:00,208.76,eod,94,mid_morning_45_120,3.6302521008403374,205.30894149872788
AMZN,2026-03-05,short,2026-03-05 10:08:00-05:00,217.9,226.31,210.15,2026-03-05 15:59:00-05:00,218.8603,eod,38,sneaky_window_15_45,-0.11418549346016527,-50.07067462138548
AMZN,2026-03-06,long,2026-03-06 10:56:00-05:00,215.74,210.15,220.47,2026-03-06 15:59:00-05:00,213.105,eod,86,mid_morning_45_120,-0.4713774597495559,-128.13775841290533
AMZN,2026-03-09,long,2026-03-09 10:17:00-04:00,208.97,210.15,217.32,2026-03-09 10:18:00-04:00,210.15,stop,47,mid_morning_45_120,,50.467435517060196
AMZN,2026-03-10,short,2026-03-10 10:15:00-04:00,212.89,217.32,207.11,2026-03-10 15:59:00-04:00,214.34,eod,45,mid_morning_45_120,-0.32731376975169635,-74.11029169993974
AMZN,2026-03-11,short,2026-03-11 10:12:00-04:00,214.615,217.32,212.43,2026-03-11 11:12:00-04:00,212.43,target,42,sneaky_window_15_45,0.8077634011090629,95.81021829788234
AMZN,2026-03-12,long,2026-03-12 10:15:00-04:00,211.31,207.11,217.0,2026-03-12 15:59:00-04:00,209.52,eod,45,mid_morning_45_120,-0.42619047619047545,-90.70966825990213
AMZN,2026-03-13,long,2026-03-13 10:21:00-04:00,209.97,207.11,211.71,2026-03-13 11:55:00-04:00,207.11,stop,51,mid_morning_45_120,-1.0,-142.209934752583
AMZN,2026-03-17,short,2026-03-17 10:17:00-04:00,213.57,217.0,207.445,2026-03-17 15:59:00-04:00,215.2,eod,47,mid_morning_45_120,-0.475218658892126,-82.32158074635929
AMZN,2026-03-20,long,2026-03-20 10:30:00-04:00,206.9499,202.48,209.12,2026-03-20 15:59:00-04:00,205.36,eod,60,mid_morning_45_120,-0.3556902838989668,-82.8253572483002
AMZN,2026-03-23,short,2026-03-23 10:36:00-04:00,211.4612,209.12,204.316,2026-03-23 10:37:00-04:00,209.12,stop,66,mid_morning_45_120,,104.71534636141224
AMZN,2026-03-24,long,2026-03-24 10:00:00-04:00,207.87,204.316,212.8,2026-03-24 15:59:00-04:00,207.28,eod,30,sneaky_window_15_45,-0.1660101294316272,-34.38312406792723
AMZN,2026-03-25,short,2026-03-25 11:09:00-04:00,211.12,212.8,206.64,2026-03-25 13:43:00-04:00,212.8,stop,99,mid_morning_45_120,-1.0,-85.57559681697646
AMZN,2026-03-26,long,2026-03-26 10:00:00-04:00,210.75,206.64,213.07,2026-03-26 15:59:00-04:00,207.53,eod,30,sneaky_window_15_45,-0.783454987834547,-158.78766310794774
AMZN,2026-03-31,short,2026-03-31 10:42:00-04:00,205.54,206.64,199.9802,2026-03-31 12:38:00-04:00,206.64,stop,72,mid_morning_45_120,-1.0,-59.51756349129096
AMZN,2026-04-01,short,2026-04-01 10:35:00-04:00,210.33,212.885,204.14,2026-04-01 11:56:00-04:00,212.885,stop,65,mid_morning_45_120,-1.0,-127.47577616126935
AMZN,2026-04-02,long,2026-04-02 10:00:00-04:00,207.98,204.14,213.58,2026-04-02 15:59:00-04:00,209.78,eod,30,sneaky_window_15_45,0.46875000000000255,80.5467833445529
AMZN,2026-04-10,short,2026-04-10 10:02:00-04:00,236.94,238.86,223.27,2026-04-10 10:15:00-04:00,238.86,stop,32,sneaky_window_15_45,-1.0,-87.0331729551792
AMZN,2026-04-14,short,2026-04-14 10:00:00-04:00,245.6039,240.43,235.75,2026-04-14 10:01:00-04:00,240.43,stop,30,sneaky_window_15_45,,204.66033560542007
AMZN,2026-04-16,long,2026-04-16 10:15:00-04:00,245.93,241.78,250.44,2026-04-16 15:59:00-04:00,249.71,eod,45,mid_morning_45_120,0.9108433734939749,147.70227300451353
AMZN,2026-04-17,short,2026-04-17 11:14:00-04:00,254.015,250.44,244.2,2026-04-17 11:15:00-04:00,250.44,stop,104,mid_morning_45_120,,134.73972009526952
AMZN,2026-04-21,short,2026-04-21 11:00:00-04:00,251.8,256.18,245.365,2026-04-21 15:59:00-04:00,249.95,eod,90,mid_morning_45_120,0.4223744292237499,67.47100873709383
AMZN,2026-04-28,long,2026-04-28 10:04:00-04:00,260.15,257.685,264.15,2026-04-28 15:59:00-04:00,259.77,eod,34,sneaky_window_15_45,-0.1541582150101417,-20.60695752450492
AMZN,2026-05-08,long,2026-05-08 10:15:00-04:00,273.37,268.795,276.63,2026-05-08 15:59:00-04:00,272.64,eod,45,mid_morning_45_120,-0.159562841530059,-32.703734864835866
AMZN,2026-05-15,long,2026-05-15 10:08:00-04:00,263.45,263.2,270.7799,2026-05-15 10:11:00-04:00,263.2,stop,38,sneaky_window_15_45,-1.0,-15.489466691971911
AMZN,2026-05-18,short,2026-05-18 10:33:00-04:00,267.47,270.7799,260.8901,2026-05-18 15:59:00-04:00,264.92,eod,63,mid_morning_45_120,0.770416024653323,89.3377948928856
AMZN,2026-05-22,short,2026-05-22 10:00:00-04:00,268.07,270.7799,261.37,2026-05-22 15:59:00-04:00,266.31,eod,30,sneaky_window_15_45,0.6494704601645772,59.65449322938005
AMZN,2026-05-29,short,2026-05-29 10:00:00-04:00,272.91,276.63,267.44,2026-05-29 15:59:00-04:00,270.65,eod,30,sneaky_window_15_45,0.6075268817204478,76.81118317394186
AMZN,2026-06-01,long,2026-06-01 10:02:00-04:00,265.2399,267.44,274.75,2026-06-01 10:03:00-04:00,267.44,stop,32,sneaky_window_15_45,,76.94755050050993
AMZN,2026-06-02,long,2026-06-02 10:08:00-04:00,256.55,259.533,266.63,2026-06-02 10:09:00-04:00,259.533,stop,38,sneaky_window_15_45,,110.27363087117537
AMZN,2026-06-05,short,2026-06-05 10:00:00-04:00,252.81,257.09,251.75,2026-06-05 14:15:00-04:00,251.75,target,30,sneaky_window_15_45,0.24766355140187127,35.92872117400428
AMZN,2026-06-09,short,2026-06-09 10:16:00-04:00,247.57,256.38,243.36,2026-06-09 11:26:00-04:00,243.36,target,46,mid_morning_45_120,0.4778660612939817,164.05291432726017
AMZN,2026-06-11,long,2026-06-11 10:01:00-04:00,238.31,235.75,244.065,2026-06-11 10:58:00-04:00,235.75,stop,31,sneaky_window_15_45,-1.0,-113.4231043598675
AMZN,2026-06-16,short,2026-06-16 10:02:00-04:00,246.44,250.43,244.73,2026-06-16 15:59:00-04:00,246.1,eod,32,sneaky_window_15_45,0.0852130325814543,7.796461613374591
AMZN,2026-06-17,long,2026-06-17 10:20:00-04:00,242.415,244.73,249.51,2026-06-17 10:21:00-04:00,244.73,stop,50,mid_morning_45_120,,89.4973908380256
AMZN,2026-06-23,long,2026-06-23 10:25:00-04:00,236.74,223.27,242.0,2026-06-23 15:59:00-04:00,234.13,eod,55,mid_morning_45_120,-0.1937639198218273,-116.24752893469686
AMZN,2026-06-24,short,2026-06-24 10:03:00-04:00,236.88,242.0,232.0,2026-06-24 11:14:00-04:00,242.0,stop,33,sneaky_window_15_45,-1.0,-222.14319486659932
AMZN,2026-06-25,long,2026-06-25 10:02:00-04:00,228.48,232.0,242.4199,2026-06-25 10:03:00-04:00,232.0,stop,32,sneaky_window_15_45,,148.0616246498604
AMZN,2026-07-01,long,2026-07-01 10:01:00-04:00,238.3461,233.8,241.54,2026-07-01 10:36:00-04:00,241.54,target,31,sneaky_window_15_45,0.7025582367303816,128.00261216776715
AMZN,2026-07-06,long,2026-07-06 10:07:00-04:00,242.5599,234.9,246.72,2026-07-06 15:59:00-04:00,244.24,eod,37,sneaky_window_15_45,0.2193370670635402,63.26536496758162
AMZN,2026-07-07,short,2026-07-07 10:24:00-04:00,245.74,246.72,240.88,2026-07-07 14:04:00-04:00,246.72,stop,54,mid_morning_45_120,-1.0,-45.87954748921583
AMZN,2026-07-08,long,2026-07-08 10:20:00-04:00,243.36,240.88,248.93,2026-07-08 11:30:00-04:00,240.88,stop,50,mid_morning_45_120,-1.0,-107.90664036817957
AMZN,2026-07-10,short,2026-07-10 10:00:00-04:00,245.81,248.93,238.25,2026-07-10 15:59:00-04:00,245.33,eod,30,sneaky_window_15_45,0.15384615384615033,13.52727716528985
AMZN,2026-07-14,long,2026-07-14 10:00:00-04:00,246.06,238.25,249.65,2026-07-14 15:59:00-04:00,247.495,eod,30,sneaky_window_15_45,0.183738796414853,52.31910916036748
AMZN,2026-07-17,long,2026-07-17 10:01:00-04:00,248.32,243.8,258.0825,2026-07-17 15:59:00-04:00,247.22,eod,31,sneaky_window_15_45,-0.2433628318584068,-50.29768041237091
AMZN,2026-07-22,long,2026-07-22 10:00:00-04:00,245.68,243.59,249.36,2026-07-22 11:12:00-04:00,243.59,stop,30,sneaky_window_15_45,-1.0,-91.0700097688051
AMZN,2026-07-27,short,2026-07-27 10:00:00-04:00,234.08,238.3499,231.34,2026-07-27 12:16:00-04:00,231.34,target,30,sneaky_window_15_45,0.6417012108011951,111.05399863294639
AMZN,2026-07-28,long,2026-07-28 10:17:00-04:00,230.0,226.125,235.89,2026-07-28 15:59:00-04:00,230.94,eod,47,mid_morning_45_120,0.24258064516128974,34.869565217391205
TSLA,2026-02-02,long,2026-02-02 10:29:00-05:00,420.0,414.62,439.88,2026-02-02 15:59:00-05:00,421.785,eod,59,mid_morning_45_120,0.3317843866171053,36.50000000000059
TSLA,2026-02-10,short,2026-02-10 10:02:00-05:00,420.72,423.9,407.29,2026-02-10 10:27:00-05:00,423.9,stop,32,sneaky_window_15_45,-1.0,-81.58471192241751
TSLA,2026-02-11,short,2026-02-11 10:02:00-05:00,430.92,428.56,417.0,2026-02-11 10:03:00-05:00,428.56,stop,32,sneaky_window_15_45,,48.766545994616486
TSLA,2026-02-13,long,2026-02-13 10:26:00-05:00,416.38,407.29,436.23,2026-02-13 15:59:00-05:00,417.475,eod,56,mid_morning_45_120,0.1204620462046238,20.29809308804523
TSLA,2026-02-18,short,2026-02-18 10:30:00-05:00,412.92,424.06,400.51,2026-02-18 15:59:00-05:00,411.12,eod,60,mid_morning_45_120,0.16157989228007302,37.59197907585032
TSLA,2026-02-19,long,2026-02-19 10:02:00-05:00,409.54,400.51,416.9,2026-02-19 15:59:00-05:00,411.6801,eod,32,sneaky_window_15_45,0.23699889258028287,46.25618987156227
TSLA,2026-02-23,long,2026-02-23 10:18:00-05:00,404.6,404.11,414.7,2026-02-23 10:19:00-05:00,404.11,stop,48,mid_morning_45_120,-1.0,-18.110726643598838
TSLA,2026-02-25,short,2026-02-25 10:03:00-05:00,415.16,414.7,397.64,2026-02-25 10:04:00-05:00,414.7,stop,33,sneaky_window_15_45,,5.080065516910018
TSLA,2026-02-26,long,2026-02-26 10:03:00-05:00,413.63,397.64,420.34,2026-02-26 15:59:00-05:00,408.5,eod,33,sneaky_window_15_45,-0.3208255159474667,-130.0238860817638
TSLA,2026-02-27,long,2026-02-27 10:01:00-05:00,404.43,397.64,416.81,2026-02-27 15:59:00-05:00,402.41,eod,31,sneaky_window_15_45,-0.29749631811487126,-55.946838760724525
TSLA,2026-03-02,long,2026-03-02 10:16:00-05:00,398.2499,397.64,407.12,2026-03-02 10:22:00-05:00,397.64,stop,46,mid_morning_45_120,-1.0,-21.314504787070597
TSLA,2026-03-06,long,2026-03-06 10:00:00-05:00,396.89,394.58,408.62,2026-03-06 15:59:00-05:00,396.56,eod,30,sneaky_window_15_45,-0.14285714285713583,-14.314646375569657
TSLA,2026-03-09,long,2026-03-09 10:38:00-04:00,385.16,385.39,402.35,2026-03-09 10:39:00-04:00,385.39,stop,68,mid_morning_45_120,,-0.02845570672028952
TSLA,2026-03-11,short,2026-03-11 10:32:00-04:00,410.9302,408.62,398.19,2026-03-11 10:33:00-04:00,408.62,stop,62,mid_morning_45_120,,50.21879336198724
TSLA,2026-03-17,long,2026-03-17 10:01:00-04:00,398.0,389.95,403.73,2026-03-17 15:59:00-04:00,399.22,eod,31,sneaky_window_15_45,0.15155279503105906,24.65326633165898
TSLA,2026-03-18,short,2026-03-18 10:15:00-04:00,399.827,403.73,393.0,2026-03-18 15:46:00-04:00,393.0,target,45,mid_morning_45_120,1.7491673071995806,164.74884887713932
TSLA,2026-03-19,long,2026-03-19 11:16:00-04:00,384.2199,389.95,403.065,2026-03-19 11:17:00-04:00,389.95,stop,106,mid_morning_45_120,,143.13595053249435
TSLA,2026-03-25,short,2026-03-25 10:00:00-04:00,391.65,403.065,376.3,2026-03-25 15:59:00-04:00,385.94,eod,30,sneaky_window_15_45,0.5002190100744608,139.79343801863857
TSLA,2026-03-27,long,2026-03-27 10:18:00-04:00,364.11,364.4601,384.44,2026-03-27 10:19:00-04:00,364.4601,stop,48,mid_morning_45_120,,3.615226167916223
TSLA,2026-04-02,long,2026-04-02 10:15:00-04:00,368.44,361.0,383.14,2026-04-02 13:47:00-04:00,361.0,stop,45,mid_morning_45_120,-1.0,-207.93247204429483
TSLA,2026-04-10,short,2026-04-10 11:40:00-04:00,344.63,364.5,337.25,2026-04-10 15:59:00-04:00,348.895,eod,130,midday_120_240,-0.2146451937594356,-129.7559121376545
TSLA,2026-04-13,short,2026-04-13 10:15:00-04:00,352.01,364.5,342.74,2026-04-13 15:59:00-04:00,352.405,eod,45,mid_morning_45_120,-0.031625300240190675,-17.221272122950538
TSLA,2026-04-17,short,2026-04-17 10:06:00-04:00,392.8306,394.65,381.8,2026-04-17 10:09:00-04:00,394.65,stop,36,sneaky_window_15_45,-1.0,-52.31512921854797
TSLA,2026-04-27,long,2026-04-27 10:29:00-04:00,367.1,368.39,382.76,2026-04-27 10:30:00-04:00,368.39,stop,59,mid_morning_45_120,,29.140288749658502
TSLA,2026-04-30,long,2026-04-30 10:31:00-04:00,371.23,364.02,376.4,2026-04-30 11:00:00-04:00,376.4,target,61,mid_morning_45_120,0.7170596393897272,133.2667618457549
TSLA,2026-05-05,short,2026-05-05 10:12:00-04:00,396.76,397.8211,384.8004,2026-05-05 15:59:00-04:00,389.35,eod,42,sneaky_window_15_45,6.983319197059557,180.76277850589696
TSLA,2026-05-06,long,2026-05-06 10:15:00-04:00,393.35,384.8004,402.12,2026-05-06 15:59:00-04:00,398.51,eod,45,mid_morning_45_120,0.6035370075792984,125.1808821660091
TSLA,2026-05-07,short,2026-05-07 10:18:00-04:00,409.52,402.12,384.02,2026-05-07 10:19:00-04:00,402.12,stop,48,mid_morning_45_120,,174.69935534283985
TSLA,2026-05-08,short,2026-05-08 10:15:00-04:00,425.72,416.3799,402.12,2026-05-08 10:16:00-04:00,416.3799,stop,45,mid_morning_45_120,,213.39537724325862
TSLA,2026-05-15,long,2026-05-15 10:15:00-04:00,429.42,430.21,451.98,2026-05-15 10:16:00-04:00,430.21,stop,45,mid_morning_45_120,,12.396907456568478
TSLA,2026-05-18,long,2026-05-18 10:06:00-04:00,416.7,416.8,434.66,2026-05-18 10:07:00-04:00,416.8,stop,36,sneaky_window_15_45,,-3.600191984640683
TSLA,2026-05-20,short,2026-05-20 10:05:00-04:00,408.44,421.13,393.63,2026-05-20 15:59:00-04:00,417.27,eod,35,sneaky_window_15_45,-0.6958234830575245,-222.18842424835924
TSLA,2026-05-21,short,2026-05-21 10:04:00-04:00,417.51,421.13,406.39,2026-05-21 13:16:00-04:00,421.13,stop,34,sneaky_window_15_45,-1.0,-92.70451007161515
TSLA,2026-05-26,short,2026-05-26 10:15:00-04:00,428.1,434.66,420.51,2026-05-26 14:39:00-04:00,434.66,stop,45,mid_morning_45_120,-1.0,-159.23522541462282
TSLA,2026-05-27,short,2026-05-27 10:20:00-04:00,437.7,451.98,426.12,2026-05-27 15:59:00-04:00,440.29,eod,50,mid_morning_45_120,-0.1813725490196097,-65.1729495087967
TSLA,2026-06-02,long,2026-06-02 10:00:00-04:00,417.3899,412.9,429.6,2026-06-02 15:59:00-04:00,423.74,eod,30,sneaky_window_15_45,1.414307668322223,146.13832438207052
TSLA,2026-06-09,short,2026-06-09 10:04:00-04:00,411.1,424.6799,394.72,2026-06-09 11:28:00-04:00,394.72,target,34,sneaky_window_15_45,1.206194449149114,392.44320116759894
TSLA,2026-06-12,short,2026-06-12 10:00:00-04:00,394.39,418.5,380.66,2026-06-12 15:59:00-04:00,406.53,eod,30,sneaky_window_15_45,-0.5035255080879295,-313.81713532290337
TSLA,2026-06-15,short,2026-06-15 10:00:00-04:00,410.89,418.5,386.76,2026-06-15 15:59:00-04:00,411.24,eod,30,sneaky_window_15_45,-0.04599211563732222,-14.518094867239961
TSLA,2026-06-17,long,2026-06-17 10:15:00-04:00,401.1699,386.76,412.42,2026-06-17 15:59:00-04:00,396.23,eod,45,mid_morning_45_120,-0.34281292722364265,-129.13735402381798
TSLA,2026-06-18,long,2026-06-18 10:05:00-04:00,390.55,386.76,405.94,2026-06-18 10:27:00-04:00,386.76,stop,35,sneaky_window_15_45,-1.0,-103.04263218538011
TSLA,2026-06-22,short,2026-06-22 10:30:00-04:00,409.51,405.94,384.7,2026-06-22 10:31:00-04:00,405.94,stop,60,mid_morning_45_120,,81.1773583062683
TSLA,2026-06-23,long,2026-06-23 10:02:00-04:00,390.1999,384.7,414.75,2026-06-23 11:06:00-04:00,384.7,stop,32,sneaky_window_15_45,-1.0,-146.950830587092
TSLA,2026-06-24,long,2026-06-24 10:24:00-04:00,382.7,378.8,392.87,2026-06-24 12:39:00-04:00,378.8,stop,54,mid_morning_45_120,-1.0,-107.90749934674622
TSLA,2026-06-25,long,2026-06-25 10:20:00-04:00,377.76,368.17,384.58,2026-06-25 15:59:00-04:00,375.12,eod,50,mid_morning_45_120,-0.27528675703858113,-75.88564167725504
TSLA,2026-06-26,long,2026-06-26 10:00:00-04:00,374.75,368.17,379.117,2026-06-26 10:42:00-04:00,379.117,target,30,sneaky_window_15_45,0.6636778115501564,110.53102068045413
TSLA,2026-06-29,short,2026-06-29 10:13:00-04:00,390.34,392.87,368.6,2026-06-29 10:25:00-04:00,392.87,stop,43,sneaky_window_15_45,-1.0,-70.81528923502664
TSLA,2026-07-10,short,2026-07-10 10:32:00-04:00,405.71,419.56,390.8631,2026-07-10 15:59:00-04:00,407.6811,eod,62,mid_morning_45_120,-0.14231768953068824,-54.583963915112655
TSLA,2026-07-13,long,2026-07-13 10:30:00-04:00,397.8,390.8631,413.16,2026-07-13 15:59:00-04:00,394.81,eod,60,mid_morning_45_120,-0.43102826911156183,-81.16339869281069
TSLA,2026-07-15,short,2026-07-15 10:15:00-04:00,397.44,405.6,394.76,2026-07-15 10:24:00-04:00,394.76,target,45,mid_morning_45_120,0.32843137254901944,61.431561996779564
TSLA,2026-07-16,long,2026-07-16 10:00:00-04:00,387.7,390.51,406.5895,2026-07-16 10:01:00-04:00,390.51,stop,30,sneaky_window_15_45,,66.47872066030442
TSLA,2026-07-17,long,2026-07-17 10:00:00-04:00,381.55,379.3,395.31,2026-07-17 10:32:00-04:00,379.3,stop,30,sneaky_window_15_45,-1.0,-64.96999082689032
TSLA,2026-07-20,short,2026-07-20 10:00:00-04:00,375.37,395.31,377.22,2026-07-20 10:01:00-04:00,377.22,target,30,sneaky_window_15_45,-0.0927783350050162,-55.284705756987044
META,2026-02-02,long,2026-02-02 10:15:00-05:00,710.22,712.55,732.17,2026-02-02 10:16:00-05:00,712.55,stop,45,mid_morning_45_120,,26.80673594097501
META,2026-02-05,long,2026-02-05 11:17:00-05:00,672.3,666.1,688.83,2026-02-05 15:59:00-05:00,670.07,eod,107,mid_morning_45_120,-0.3596774193548273,-39.16971590063818
META,2026-02-11,long,2026-02-11 10:53:00-05:00,672.6,658.78,680.65,2026-02-11 12:34:00-05:00,658.78,stop,83,mid_morning_45_120,-1.0,-211.47130538210004
META,2026-02-24,long,2026-02-24 10:19:00-05:00,634.19,628.145,657.7,2026-02-24 15:59:00-05:00,639.05,eod,49,mid_morning_45_120,0.8039702233250358,70.63318563837177
META,2026-02-25,short,2026-02-25 10:16:00-05:00,649.02,657.7,628.98,2026-02-25 15:59:00-05:00,653.8,eod,46,mid_morning_45_120,-0.5506912442396241,-79.64950232658427
META,2026-02-26,short,2026-02-26 10:00:00-05:00,657.78,657.7,642.14,2026-02-26 10:01:00-05:00,657.7,stop,30,sneaky_window_15_45,,-4.783787892609577
META,2026-02-27,long,2026-02-27 10:01:00-05:00,647.95,642.14,661.0,2026-02-27 12:41:00-05:00,642.14,stop,31,sneaky_window_15_45,-1.0,-95.6674126089985
META,2026-03-02,long,2026-03-02 10:16:00-05:00,650.3,628.98,649.44,2026-03-02 10:17:00-05:00,649.44,target,46,mid_morning_45_120,-0.04033771106941381,-19.22466553898047
META,2026-03-06,long,2026-03-06 10:01:00-05:00,642.39,638.84,670.7,2026-03-06 15:59:00-05:00,644.83,eod,31,sneaky_window_15_45,0.687323943661996,31.98315664938829
META,2026-03-09,long,2026-03-09 10:36:00-04:00,632.7499,634.5,649.47,2026-03-09 10:37:00-04:00,634.5,stop,66,mid_morning_45_120,,21.65863732258156
META,2026-03-13,long,2026-03-13 10:05:00-04:00,626.49,626.78,653.5,2026-03-13 10:06:00-04:00,626.78,stop,35,sneaky_window_15_45,,-1.3710354514842438
META,2026-03-17,short,2026-03-17 10:02:00-04:00,631.88,653.5,623.1004,2026-03-17 14:50:00-04:00,623.1004,target,32,sneaky_window_15_45,0.40608695652173715,132.94410331075457
META,2026-03-18,long,2026-03-18 11:25:00-04:00,621.65,609.55,636.55,2026-03-18 15:59:00-04:00,615.72,eod,115,mid_morning_45_120,-0.49008264462809414,-101.39129735381565
META,2026-03-24,long,2026-03-24 10:40:00-04:00,594.6899,587.25,608.64,2026-03-24 15:59:00-04:00,593.1,eod,70,mid_morning_45_120,-0.21369910885898338,-32.73494202608693
META,2026-03-25,short,2026-03-25 10:03:00-04:00,595.9,608.64,591.0,2026-03-25 15:59:00-04:00,594.95,eod,33,sneaky_window_15_45,0.07456828885399773,9.942272193319882
META,2026-03-31,short,2026-03-31 10:45:00-04:00,555.01,543.5999,528.54,2026-03-31 10:46:00-04:00,543.5999,stop,75,mid_morning_45_120,,199.58368317687865
META,2026-04-02,long,2026-04-02 10:07:00-04:00,569.41,546.77,592.5465,2026-04-02 15:59:00-04:00,574.61,eod,37,sneaky_window_15_45,0.22968197879858873,85.32259707416529
META,2026-04-06,short,2026-04-06 10:20:00-04:00,576.62,592.5465,559.7,2026-04-06 15:59:00-04:00,573.02,eod,50,mid_morning_45_120,0.22603836373340128,56.43279802989877
META,2026-04-07,long,2026-04-07 10:33:00-04:00,570.22,559.7,582.79,2026-04-07 15:59:00-04:00,574.91,eod,63,mid_morning_45_120,0.4458174904942917,76.24895654308759
META,2026-04-08,short,2026-04-08 10:00:00-04:00,599.25,582.79,564.76,2026-04-08 10:01:00-04:00,582.79,stop,30,sneaky_window_15_45,,268.67667918231183
META,2026-04-09,short,2026-04-09 10:00:00-04:00,624.71,636.55,591.83,2026-04-09 12:03:00-04:00,636.55,stop,30,sneaky_window_15_45,-1.0,-195.52794096460627
META,2026-04-10,short,2026-04-10 10:07:00-04:00,629.6101,653.5,623.0,2026-04-10 15:59:00-04:00,629.89,eod,37,sneaky_window_15_45,-0.011716248289025809,-10.44560848055007
META,2026-04-17,short,2026-04-17 10:23:00-04:00,683.29,678.5,667.75,2026-04-17 10:24:00-04:00,678.5,stop,53,mid_morning_45_120,,64.10200646870237
META,2026-04-20,long,2026-04-20 10:26:00-04:00,678.28,667.75,691.52,2026-04-20 15:59:00-04:00,670.95,eod,56,mid_morning_45_120,-0.6961063627730243,-114.06746476381329
META,2026-04-23,long,2026-04-23 10:15:00-04:00,663.4,667.33,678.38,2026-04-23 10:16:00-04:00,667.33,stop,45,mid_morning_45_120,,53.24027735906035
META,2026-04-29,long,2026-04-29 10:01:00-04:00,670.0,653.8401,678.18,2026-04-29 15:59:00-04:00,669.91,eod,31,sneaky_window_15_45,-0.005569341394441294,-7.343283582090027
META,2026-05-04,long,2026-05-04 10:15:00-04:00,605.53,600.0,618.88,2026-05-04 15:59:00-04:00,610.54,eod,45,mid_morning_45_120,0.9059674502712506,76.73743662576572
META,2026-05-05,short,2026-05-05 10:15:00-04:00,605.0,618.88,602.7501,2026-05-05 10:52:00-04:00,602.7501,target,45,mid_morning_45_120,0.16209654178674537,31.188429752066533
META,2026-05-06,long,2026-05-06 10:01:00-04:00,605.0,600.0,614.35,2026-05-06 10:16:00-04:00,614.35,target,31,sneaky_window_15_45,1.8700000000000045,148.5454545454549
META,2026-05-07,short,2026-05-07 10:15:00-04:00,621.3,620.85,598.1,2026-05-07 10:16:00-04:00,620.85,stop,45,mid_morning_45_120,,1.2428778367927222
META,2026-05-08,long,2026-05-08 10:13:00-04:00,616.3,598.1,624.98,2026-05-08 15:59:00-04:00,609.66,eod,43,sneaky_window_15_45,-0.3648351648351654,-113.73973714100254
META,2026-05-11,long,2026-05-11 10:02:00-04:00,601.95,598.1,616.77,2026-05-11 15:48:00-04:00,598.1,stop,32,sneaky_window_15_45,-1.0,-69.95880056483134
META,2026-05-12,long,2026-05-12 10:16:00-04:00,601.0,591.83,604.9069,2026-05-12 15:59:00-04:00,603.1,eod,46,mid_morning_45_120,0.22900763358778975,28.941763727121845
META,2026-05-15,long,2026-05-15 10:15:00-04:00,613.86,596.6601,623.73,2026-05-15 15:59:00-04:00,614.29,eod,45,mid_morning_45_120,0.02500014534967942,1.0048545270900533
META,2026-05-18,long,2026-05-18 10:00:00-04:00,612.0,596.6601,621.1999,2026-05-18 15:59:00-04:00,611.33,eod,30,sneaky_window_15_45,-0.04367694704658841,-16.947712418299986
META,2026-05-20,long,2026-05-20 10:49:00-04:00,603.17,596.6601,613.93,2026-05-20 15:59:00-04:00,604.87,eod,79,mid_morning_45_120,0.2611407241278777,22.184425617985735
META,2026-05-22,short,2026-05-22 10:00:00-04:00,609.5001,613.93,594.8083,2026-05-22 15:59:00-04:00,610.29,eod,30,sneaky_window_15_45,-0.17831102282218406,-18.959800991008677
META,2026-05-28,short,2026-05-28 11:13:00-04:00,633.0001,674.25,609.0,2026-05-28 15:59:00-04:00,635.17,eod,103,mid_morning_45_120,-0.05260376388791204,-40.27961543765924
META,2026-06-02,long,2026-06-02 10:50:00-04:00,605.77,594.8083,635.7499,2026-06-02 15:59:00-04:00,597.64,eod,80,mid_morning_45_120,-0.7416732806042887,-140.20935338494803
META,2026-06-03,short,2026-06-03 10:36:00-04:00,615.11,635.7499,596.68,2026-06-03 15:59:00-04:00,622.96,eod,66,mid_morning_45_120,-0.38033130005474924,-133.61945017964302
META,2026-06-08,long,2026-06-08 10:01:00-04:00,589.87,564.76,629.145,2026-06-08 15:59:00-04:00,585.27,eod,31,sneaky_window_15_45,-0.18319394663480765,-83.98328445250687
META,2026-06-09,short,2026-06-09 10:15:00-04:00,594.2701,629.145,579.22,2026-06-09 15:59:00-04:00,584.695,eod,45,mid_morning_45_120,0.27455562596594973,155.12370452425435
META,2026-06-16,short,2026-06-16 10:15:00-04:00,599.325,629.145,579.2975,2026-06-16 15:59:00-04:00,600.18,eod,45,mid_morning_45_120,-0.02867203219315581,-20.266049305467057
META,2026-06-17,long,2026-06-17 10:15:00-04:00,586.7,579.2975,605.81,2026-06-17 12:33:00-04:00,579.2975,stop,45,mid_morning_45_120,-1.0,-132.17180841997668
META,2026-06-18,long,2026-06-18 10:01:00-04:00,567.38,560.9,593.81,2026-06-18 15:59:00-04:00,577.3,eod,31,sneaky_window_15_45,1.5308641975308537,168.83873241918923
META,2026-06-24,long,2026-06-24 10:33:00-04:00,563.89,559.81,572.2,2026-06-24 10:39:00-04:00,559.81,stop,63,mid_morning_45_120,-1.0,-78.35453723243967
META,2026-06-25,long,2026-06-25 10:02:00-04:00,548.98,546.77,569.04,2026-06-25 12:30:00-04:00,546.77,stop,32,sneaky_window_15_45,-1.0,-46.25647564574368
META,2026-06-29,short,2026-06-29 11:03:00-04:00,564.5,569.04,540.4,2026-06-29 15:59:00-04:00,562.33,eod,93,mid_morning_45_120,0.47797356828193316,32.44109831709405
META,2026-06-30,long,2026-06-30 10:30:00-04:00,556.77,540.4,570.9,2026-06-30 15:59:00-04:00,562.94,eod,60,mid_morning_45_120,0.3769089798411772,104.81775239326963
META,2026-07-07,short,2026-07-07 10:25:00-04:00,609.89,610.0,581.76,2026-07-07 10:26:00-04:00,610.0,stop,55,mid_morning_45_120,-1.0,-7.803603928577508
META,2026-07-08,long,2026-07-08 10:03:00-04:00,604.46,581.76,625.37,2026-07-08 15:59:00-04:00,603.03,eod,33,sneaky_window_15_45,-0.06299559471365906,-29.65747940310465
META,2026-07-09,long,2026-07-09 10:00:00-04:00,592.2,581.76,616.0,2026-07-09 12:23:00-04:00,616.0,target,30,sneaky_window_15_45,2.279693486590022,395.89125295508194
META,2026-07-10,short,2026-07-10 10:16:00-04:00,666.21,642.4,577.07,2026-07-10 10:17:00-04:00,642.4,stop,46,mid_morning_45_120,,351.39481544858313
META,2026-07-14,long,2026-07-14 10:35:00-04:00,662.65,577.07,676.62,2026-07-14 15:59:00-04:00,661.08,eod,65,mid_morning_45_120,-0.01834540780556132,-29.69274881158887
META,2026-07-21,short,2026-07-21 10:10:00-04:00,647.1,681.9,636.0105,2026-07-21 15:59:00-04:00,643.44,eod,40,sneaky_window_15_45,0.10517241379310267,50.56003708854842
META,2026-07-23,long,2026-07-23 10:39:00-04:00,607.89,577.07,648.998,2026-07-23 15:59:00-04:00,606.03,eod,69,mid_morning_45_120,-0.06035042180402393,-36.5976410205796
META,2026-07-27,short,2026-07-27 10:30:00-04:00,605.02,614.65,594.45,2026-07-27 13:48:00-04:00,594.45,target,60,mid_morning_45_120,1.0976116303219046,168.70496843079462
