published,video_id,title,label,asset,dir,sentiment,ret_5d,pnl_5d,hit_5d,ret_20d,pnl_20d,hit_20d,ret_60d,pnl_60d,hit_60d
20260604,YhxvTte1Vpk,The Exact Date of Next Stock Market Crash,stock_bear,SPY,-1,-0.1579,-2.65,2.65,True,-2.9,2.9,True,0.33,-0.33,False
20260602,kbgli8hhXDs,Leaked: Last EASY Wealth Opportunity in 2026,stock_bull,SPY,1,0.4286,-2.68,-2.68,False,-1.75,-1.75,False,0.01,0.01,True
20260607,pXeHdlIiyVQ,The UNTHINKABLE is about to happen to GOLD & Silver,gold_bull,GLD,1,0.2381,-0.18,-0.18,False,-7.22,-7.22,False,0.3,0.3,True
20260607,pXeHdlIiyVQ,The UNTHINKABLE is about to happen to GOLD & Silver,silver_bull,SLV,1,0.2381,3.07,3.07,True,-14.45,-14.45,False,-6.63,-6.63,False
20260531,GPu66SAZFI0,A 10 Bagger Like These Stocks May Never Happen Again,stock_bull,SPY,1,0.4286,-2.55,-2.55,False,-1.61,-1.61,False,-1.26,-1.26,False
20260522,FJhjpqVaXbY,The $14 Stock You’ll Wish You Bought before the SpaceX IPO,stock_bull,SPY,1,0.75,0.65,0.65,True,-1.06,-1.06,False,0.61,0.61,True
20260520,0fTxc_eCXek,Cuba Just Got 300 Drones Targeting US — Buy These 5 Stocks Before War Starts,stock_bull,SPY,1,0.8333,1.26,1.26,True,-0.57,-0.57,False,0.37,0.37,True
20260518,C3Fj2o9mBHI,Bank of America's Just Gave a Dire Warning (Most Aren't Ready),stock_bear,SPY,-1,-0.2766,1.62,-1.62,False,0.08,-0.08,False,0.89,-0.89,False
20260517,ymJm0MRecV8,Trump Just Opened Up A $400 BILLION Market (Get In Now)?,stock_bull,SPY,1,0.4,1.62,1.62,True,0.08,0.08,True,0.89,0.89,True
20260513,KgzthZdu8Rk,The UNTHINKABLE is about to happen to Stocks,stock_bear,SPY,-1,0.0,-0.49,0.49,True,2.33,-2.33,False,1.18,-1.18,False
20260510,GQvr9w7n7W8,The $29 Trillion Gold Race Has Begun (Hint: Act Now!),gold_bull,GLD,1,0.4286,-3.73,-3.73,False,-5.38,-5.38,False,-13.26,-13.26,False
20260508,nPh6ggYmAug,Warren Buffet Sold 31% of his Portfolio. So why Are You Buying?,sentiment_bear,SPY,-1,-0.7143,0.64,-0.64,False,2.3,-2.3,False,1.63,-1.63,False
20260504,MJQsmzVJ0Iw,"If You Don’t Understand Silver, You Don’t Understand Money",silver_bull,SLV,1,0.7333,18.29,18.29,True,5.73,5.73,True,-14.91,-14.91,False
20260502,WHAOB5oB79k,The Global Monetary Reset Is Here; EVERYTHING You Need To Know,dollar_bear,UUP,-1,-0.0123,-0.47,0.47,True,0.98,-0.98,False,3.06,-3.06,False
20260430,0Pz5BVbtemQ,OPEC Just Broke the Petrodollar — And Gold Knows It,gold_bull,GLD,1,1.0,-1.27,-1.27,False,-1.48,-1.48,False,-13.0,-13.0,False
20260430,0Pz5BVbtemQ,OPEC Just Broke the Petrodollar — And Gold Knows It,dollar_bear,UUP,-1,1.0,0.51,-0.51,False,1.35,-1.35,False,3.69,-3.69,False
20260427,3d6fBX99lAw,Why the Stock Market REFUSES to Crash,stock_bear,SPY,-1,-0.2903,0.4,-0.4,False,3.28,-3.28,False,2.2,-2.2,False
20260425,FdM26ul7Jpo,3 Stocks You’ll Wish You Bought in 2026 (Last Big Wealth Opportunity of the Deca,stock_bull,SPY,1,1.0,0.4,0.4,True,3.28,3.28,True,2.2,2.2,True
20260422,xziUSXN-cVw,Silver: The Quiet Rule Change That Changes Everything,silver_bull,SLV,1,0.6,-2.9,-2.9,False,11.62,11.62,True,-16.29,-16.29,False
20260420,-mXH8a9DEAQ,The UNTHINKABLE is about to happen to STOCKS (& Why the War is the Trigger),stock_bear,SPY,-1,-0.1818,0.91,-0.91,False,4.31,-4.31,False,5.3,-5.3,False
20260419,1BFSr7mRb80,"This Is What ""ALWAYS"" Happens Before Gold Explodes",gold_bull,GLD,1,1.0,-2.76,-2.76,False,-1.68,-1.68,False,-13.01,-13.01,False
20260417,4NuzBZRk4v8,The End of the Petrodollar – Most Aren't Ready,dollar_bear,UUP,-1,1.0,0.44,-0.44,False,0.18,-0.18,False,2.08,-2.08,False
20260611,CpzD-IoE9No,The $17 Stock You’ll Wish You Bought (Last Big Wealth Opportunity of the Decade),stock_bull,SPY,1,-0.0033,1.7,1.7,True,1.34,1.34,True,5.05,5.05,True
20260613,XmWBkcbH77c,"If You Own Silver, Watch This Before June 16 (Here’s Why)",silver_bull,SLV,1,-0.5203,-7.18,-7.18,False,-11.6,-11.6,False,-7.86,-7.86,False
20260618,5kgQ9p873Lg,The UNTHINKABLE is About to Happen to Stocks,stock_bear,SPY,-1,-0.32,-1.76,1.76,True,-0.18,0.18,True,3.47,-3.47,False
20260615,NLMbtCZeUrc,Trump to FLOOD the Market on THIS Date (Most Aren’t Ready),sentiment_bear,SPY,-1,-0.8621,-1.13,1.13,True,-0.21,0.21,True,3.11,-3.11,False
20260623,4SY_tSw64Cs,Wall Street Just Gave a Dire Warning (Most Aren’t Ready),stock_bear,SPY,-1,-1.0,1.01,-1.01,False,2.13,-2.13,False,4.07,-4.07,False
20260625,mqgPx2JxRtY,They Just Sold Gold - Here is Why That Should Scare You,gold_bear,GLD,-1,-0.7764,-0.29,0.29,True,0.78,-0.78,False,15.49,-15.49,False
20260627,2PRqGrxrKwI,SpaceX Stock Just Crashed — Here’s Why,sentiment_bear,SPY,-1,-0.9919,1.39,-1.39,False,0.15,-0.15,False,3.83,-3.83,False
20260629,ON6CjapOEkU,3 Tech Stocks You’ll Wish You Bought on this Dip (One is Down 41%),stock_bull,SPY,1,-0.3164,1.39,1.39,True,0.15,0.15,True,3.83,3.83,True
20260630,KgKkGxvw6zU,The UNTHINKABLE is About to Happen to Stocks,stock_bear,SPY,-1,0.8333,0.6,-0.6,False,-0.63,0.63,True,2.72,-2.72,False
20260701,uYRqT8WI3Ug,"Surprise Trump-Backed Gold Reset Slated for July 4? Will It Send Gold to $10,000",gold_bull,GLD,1,-0.7922,3.11,3.11,True,1.14,1.14,True,10.21,10.21,True
20260703,Y4FSMYSt2zQ,The Global Monetary Reset Has Begun (Hint: Act Now!),dollar_bear,UUP,-1,0.5058,0.64,-0.64,False,0.99,-0.99,False,-0.85,0.85,True
20260705,WWRJJ1vBsnw,"Gold's Bloodbath, the Dollar Reset, and What Happens Next",gold_bear,GLD,-1,-0.8136,-3.93,3.93,True,-1.96,1.96,True,6.45,-6.45,False
20260705,WWRJJ1vBsnw,"Gold's Bloodbath, the Dollar Reset, and What Happens Next",dollar_bear,UUP,-1,-0.8136,0.64,-0.64,False,0.99,-0.99,False,-0.85,0.85,True
20260706,rhLij6EYcNU,"Trump's New Fed Chair Just Crushed Gold, Silver, Bitcoin",gold_bear,GLD,-1,-0.7131,-3.93,3.93,True,-1.96,1.96,True,6.45,-6.45,False
20260708,C_WVxvq93Jc,Morgan Stanley Just Gave a Dire Warning (Most Aren't Ready),stock_bear,SPY,-1,-0.3713,0.51,-0.51,False,-0.61,0.61,True,2.76,-2.76,False
20260714,vh_JnFk08Qc,GOLDMAN SAID THE SAME THING RIGHT BEFORE 2008,stock_bear,SPY,-1,-1.0,-1.3,1.3,True,0.78,-0.78,False,,,
20260715,4e-gsmuWhJ0,Wall St Is Pumping AI Stocks — So Why Are They Falling,sentiment_bear,SPY,-1,-0.8641,-1.69,1.69,True,2.19,-2.19,False,,,
20260716,OBqIxmIZZJM,"THEY are preparing for $30,000 Gold - Here’s Why That Should Scare You",gold_bull,GLD,1,-1.0,2.7,2.7,True,6.76,6.76,True,,,
20260717,ZvKBZa8iFhs,MAJOR BUY: Last EASY Wealth Opportunity for Decades?,stock_bull,SPY,1,-1.0,0.55,0.55,True,3.4,3.4,True,,,
20260719,30lkcnyuHZU,The UNTHINKABLE Is Happening To Stocks (Hint: Act Now!),stock_bear,SPY,-1,-0.8,-0.4,0.4,True,4.17,-4.17,False,,,
20260720,j39eVKbbndk,Iran Just Lit the Fuse on the Global Reset (Here's What Smart Money Is Doing),sentiment_bear,SPY,-1,-0.8478,-0.4,0.4,True,4.17,-4.17,False,,,
20260722,iZdqW9FRg1s,US Panic: Korea's AI Bubble Just Exploded,stock_bear,SPY,-1,-1.0,-1.11,1.11,True,3.1,-3.1,False,,,
20260723,pfLXdA_CIgM,Trump Just Opened Up A $1.15 TRILLION Market (Get In Now?),stock_bull,SPY,1,0.1314,0.36,0.36,True,4.65,4.65,True,,,
20260724,sKaj_emrfpc,3 Tech Stocks You'll Wish You Bought on This Dip (One Is Down 15% Today),stock_bull,SPY,1,-1.0,-1.28,-1.28,False,5.27,5.27,True,,,
20260726,y-xEgwD_EE4,US Panic: Japan’s Currency Just Exploded [Hint: Gold],gold_bull,GLD,1,-1.0,-0.78,-0.78,False,8.24,8.24,True,,,
20260728,APOKCdoCpug,US Panic: Japan’s Central Bank Just Collapsed!?,sentiment_bear,SPY,-1,-0.8466,2.27,-2.27,False,4.29,-4.29,False,,,
20260730,vZQ6XJOC6no,Global Currency RESET Is Here - Here's How I'm Investing NOW,dollar_bear,UUP,-1,-0.8679,0.07,-0.07,False,-0.92,0.92,True,,,
20260802,G4--LVmygjY,"The Global Monetary Reset Has Begun (Hint: Korea, Japan are Just the Start)",dollar_bear,UUP,-1,-1.0,-0.11,0.11,True,-0.75,0.75,True,,,
20260804,iGd35DO24Mg,The FED Just Did the UNTHINKABLE (Global Monetary Reset Starts Now),dollar_bear,UUP,-1,-1.0,-0.07,0.07,True,-0.71,0.71,True,,,
20260806,ySc7g_dRd9Q,The UNTHINKABLE is about to happen to GOLD,gold_bull,GLD,1,-0.7143,2.9,2.9,True,8.12,8.12,True,,,
20260808,lrPVRbmPIOc,Billionaire’s Warning: I Sold EVERYTHING (Here’s Why),stock_bear,SPY,-1,-1.0,-0.05,0.05,True,-0.77,0.77,True,,,
20260810,Pfuq2jcLpHU,They Crashed Japan on Purpose… Here’s The Real Plan,sentiment_bear,SPY,-1,-1.0,-0.05,0.05,True,-0.77,0.77,True,,,
20260812,OFwwfAtr250,The UNTHINKABLE is about to happen to GOLD & SILVER (& Why AI is the Trigger),gold_bull,GLD,1,-0.8993,0.14,0.14,True,-2.02,-2.02,False,,,
20260812,OFwwfAtr250,The UNTHINKABLE is about to happen to GOLD & SILVER (& Why AI is the Trigger),silver_bull,SLV,1,-0.8993,0.86,0.86,True,-1.93,-1.93,False,,,
20260909,SKkkEmC4kmk,Trump to FLOOD the Market on THIS Date (Gold & Silver Aren’t Ready),gold_bull,GLD,1,-0.5111,,,,,,,,,
20260909,SKkkEmC4kmk,Trump to FLOOD the Market on THIS Date (Gold & Silver Aren’t Ready),silver_bull,SLV,1,-0.5111,,,,,,,,,
20260907,sqxz4IDrKi0,"The Global Monetary Reset Has Begun (Hint: Gold, Bonds, Japan are Just the Start",gold_bull,GLD,1,0.0573,,,,,,,,,
20260907,sqxz4IDrKi0,"The Global Monetary Reset Has Begun (Hint: Gold, Bonds, Japan are Just the Start",dollar_bear,UUP,-1,0.0573,,,,,,,,,
20260905,_wkLQuIW8CY,I Am NEVER Buying 'Gold' Again,gold_bull,GLD,1,-0.9323,,,,,,,,,
20260902,nNlvhJj86pw,The UNTHINKABLE is About to Happen to Japan & the Dollar (Gold Isn’t Ready),gold_bull,GLD,1,-1.0,-0.76,-0.76,False,,,,,,
20260831,OVC6HpNo8yM,"If You Don't Understand Bonds, You Don't Understand Money",sentiment_bear,SPY,-1,-1.0,-0.14,0.14,True,,,,,,
20260826,SXhkSyopG74,The UNTHINKABLE is About to Happen to the Dollar (& Why Gold and Silver are Next,gold_bull,GLD,1,-1.0,-3.06,-3.06,False,,,,,,
20260826,SXhkSyopG74,The UNTHINKABLE is About to Happen to the Dollar (& Why Gold and Silver are Next,silver_bull,SLV,1,-1.0,-2.37,-2.37,False,,,,,,
20260826,SXhkSyopG74,The UNTHINKABLE is About to Happen to the Dollar (& Why Gold and Silver are Next,dollar_bear,UUP,-1,-1.0,0.36,-0.36,False,,,,,,
20260824,kZhSH5JT3Xs,Trump to FLOOD the Market on THIS Date (Most Aren’t Ready),sentiment_bear,SPY,-1,-1.0,0.47,-0.47,False,,,,,,
20260820,N4PJJzCCcK0,Everything I Warned You About Just Happened... All in One Week,sentiment_bear,SPY,-1,-0.9045,0.43,-0.43,False,-0.03,0.03,True,,,
20260819,DkLmHCqZlmQ,This Sale Won't Last – 4 Stocks Worth Buying!?,stock_bull,SPY,1,-0.0909,-0.73,-0.73,False,-0.4,-0.4,False,,,
20260817,CZfdeXRSduo,The Petrodollar Collapse Has Begun (and the stock to buy now),dollar_bear,UUP,-1,0.3333,-0.5,0.5,True,-0.39,0.39,True,,,
20260814,nS2FP7XZiSA,If You Missed Palantir or Nvidia. This is Far Bigger.,sentiment_bear,SPY,-1,-1.0,-0.94,0.94,True,-0.41,0.41,True,,,
